a,b,c
0.0209439510239320,0.0209439510239320,-0.0008968741717438
0.0628318530717960,0.0209439510239320,-0.0018691611836285
0.1047197551196597,0.0209439510239320,-0.0020420400379711
0.1466076571675237,0.0209439510239320,-0.0017535462504296
0.1884955592153876,0.0209439510239320,-0.0012959169659484
0.2303834612632514,0.0209439510239320,-0.0008846315225856
0.2722713633111153,0.0209439510239320,-0.0006367743439016
0.3141592653589793,0.0209439510239320,-0.0005709383082004
0.3560471674068433,0.0209439510239320,-0.0006325936434501
0.3979350694547070,0.0209439510239320,-0.0007355109076576
0.4398229715025710,0.0209439510239320,-0.0008016451040268
0.4817108735504350,0.0209439510239320,-0.0007851907052409
0.5235987755982989,0.0209439510239320,-0.0006772109564705
0.5654866776461627,0.0209439510239320,-0.0004964629079570
0.6073745796940266,0.0209439510239320,-0.0002750787059083
0.6492624817418906,0.0209439510239320,-0.0000458389703834
0.6911503837897545,0.0209439510239320,0.0001657922831843
0.7330382858376183,0.0209439510239320,0.0003446293879091
0.7749261878854823,0.0209439510239320,0.0004850643346001
0.8168140899333461,0.0209439510239320,0.0005884674390690
0.8587019919812100,0.0209439510239320,0.0006601684846624
0.9005898940290740,0.0209439510239320,0.0007069300410146
0.9424777960769379,0.0209439510239320,0.0007352716749452
0.9843656981248019,0.0209439510239320,0.0007506164360915
1.0262536001726656,0.0209439510239320,0.0007570397630471
1.0681415022205296,0.0209439510239320,0.0007573636722981
1.1100294042683936,0.0209439510239320,0.0007533894210721
1.1519173063162575,0.0209439510239320,0.0007461415971785
1.1938052083641213,0.0209439510239320,0.0007360688506053
1.2356931104119853,0.0209439510239320,0.0007231951098524
1.2775810124598492,0.0209439510239320,0.0007072384258626
1.3194689145077132,0.0209439510239320,0.0006877183324456
1.3613568165555769,0.0209439510239320,0.0006640648390621
1.4032447186034409,0.0209439510239320,0.0006357301509556
1.4451326206513049,0.0209439510239320,0.0006022931803987
1.4870205226991688,0.0209439510239320,0.0005635399249808
1.5289084247470326,0.0209439510239320,0.0005195011226793
1.5707963267948966,0.0209439510239320,0.0004704323106592
1.6126842288427605,0.0209439510239320,0.0004167298213009
1.6545721308906245,0.0209439510239320,0.0003587881456064
1.6964600329384882,0.0209439510239320,0.0002968178189079
1.7383479349863524,0.0209439510239320,0.0002306563381173
1.7802358370342162,0.0209439510239320,0.0001596148344045
1.8221237390820799,0.0209439510239320,0.0000824071530113
1.8640116411299441,0.0209439510239320,-0.0000027973233633
1.9058995431778079,0.0209439510239320,-0.0000981721273404
1.9477874452256716,0.0209439510239320,-0.0002058853247194
1.9896753472735358,0.0209439510239320,-0.0003276397893805
2.0315632493213993,0.0209439510239320,-0.0004641708192824
2.0734511513692637,0.0209439510239320,-0.0006147931781259
2.1153390534171272,0.0209439510239320,-0.0007770940173711
2.1572269554649912,0.0209439510239320,-0.0009468474489668
2.1991148575128552,0.0209439510239320,-0.0011181808461317
2.2410027595607191,0.0209439510239320,-0.0012839601462908
2.2828906616085827,0.0209439510239320,-0.0014362975147935
2.3247785636564471,0.0209439510239320,-0.0015670423282004
2.3666664657043106,0.0209439510239320,-0.0016681212182403
2.4085543677521750,0.0209439510239320,-0.0017316668828321
2.4504422698000385,0.0209439510239320,-0.0017500260890050
2.4923301718479025,0.0209439510239320,-0.0017159440002950
2.5342180738957665,0.0209439510239320,-0.0016234228362473
2.5761059759436304,0.0209439510239320,-0.0014698395658189
2.6179938779914940,0.0209439510239320,-0.0012597298652756
2.6598817800393584,0.0209439510239320,-0.0010100298617220
2.7017696820872219,0.0209439510239320,-0.0007553732226242
2.7436575841350863,0.0209439510239320,-0.0005503548459196
2.7855454861829498,0.0209439510239320,-0.0004642272081116
2.8274333882308138,0.0209439510239320,-0.0005640502121621
2.8693212902786778,0.0209439510239320,-0.0008868672177428
2.9112091923265417,0.0209439510239320,-0.0014093161637217
2.9530970943744053,0.0209439510239320,-0.0020283091747354
2.9949849964222697,0.0209439510239320,-0.0025621485268243
3.0368728984701332,0.0209439510239320,-0.0027692778330119
3.0787608005179976,0.0209439510239320,-0.0023725446207760
3.1206487025658611,0.0209439510239320,-0.0010779264149628
0.0209439510239320,0.0628318530717960,-0.0015507252472789
0.0628318530717960,0.0628318530717960,-0.0027964644520145
0.1047197551196597,0.0628318530717960,-0.0024451692143769
0.1466076571675237,0.0628318530717960,-0.0014248054762760
0.1884955592153876,0.0628318530717960,-0.0004315882349902
0.2303834612632514,0.0628318530717960,0.0001429220407481
0.2722713633111153,0.0628318530717960,0.0002176236889240
0.3141592653589793,0.0628318530717960,-0.0000567696794697
0.3560471674068433,0.0628318530717960,-0.0004322437649317
0.3979350694547070,0.0628318530717960,-0.0006927037705485
0.4398229715025710,0.0628318530717960,-0.0007264278654006
0.4817108735504350,0.0628318530717960,-0.0005309283369592
0.5235987755982989,0.0628318530717960,-0.0001746758069956
0.5654866776461627,0.0628318530717960,0.0002509246563414
0.6073745796940266,0.0628318530717960,0.0006670978539639
0.6492624817418906,0.0628318530717960,0.0010240761805653
0.6911503837897545,0.0628318530717960,0.0013017879171597
0.7330382858376183,0.0628318530717960,0.0015019349591582
0.7749261878854823,0.0628318530717960,0.0016378236019798
0.8168140899333461,0.0628318530717960,0.0017259074272122
0.8587019919812100,0.0628318530717960,0.0017805883830625
0.9005898940290740,0.0628318530717960,0.0018121476160773
0.9424777960769379,0.0628318530717960,0.0018268614327260
0.9843656981248019,0.0628318530717960,0.0018282021767659
1.0262536001726656,0.0628318530717960,0.0018182430742330
1.0681415022205296,0.0628318530717960,0.0017987377683070
1.1100294042683936,0.0628318530717960,0.0017716757604137
1.1519173063162575,0.0628318530717960,0.0017393527755439
1.1938052083641213,0.0628318530717960,0.0017041246691071
1.2356931104119853,0.0628318530717960,0.0016680500251769
1.2775810124598492,0.0628318530717960,0.0016325978647187
1.3194689145077132,0.0628318530717960,0.0015985323934817
1.3613568165555769,0.0628318530717960,0.0015660116329228
1.4032447186034409,0.0628318530717960,0.0015348691757613
1.4451326206513049,0.0628318530717960,0.0015049988108857
1.4870205226991688,0.0628318530717960,0.0014767347299662
1.5289084247470326,0.0628318530717960,0.0014511155493574
1.5707963267948966,0.0628318530717960,0.0014299362854101
1.6126842288427605,0.0628318530717960,0.0014155257133429
1.6545721308906245,0.0628318530717960,0.0014102339288984
1.6964600329384882,0.0628318530717960,0.0014156724257531
1.7383479349863524,0.0628318530717960,0.0014318108235659
1.7802358370342162,0.0628318530717960,0.0014560917686387
1.8221237390820799,0.0628318530717960,0.0014827662360207
1.8640116411299441,0.0628318530717960,0.0015026609033822
1.9058995431778079,0.0628318530717960,0.0015035539612540
1.9477874452256716,0.0628318530717960,0.0014712488360095
1.9896753472735358,0.0628318530717960,0.0013913027222652
2.0315632493213993,0.0628318530717960,0.0012512109256256
2.0734511513692637,0.0628318530717960,0.0010427060179689
2.1153390534171272,0.0628318530717960,0.0007637462712327
2.1572269554649912,0.0628318530717960,0.0004197771379786
2.1991148575128552,0.0628318530717960,0.0000239680989155
2.2410027595607191,0.0628318530717960,-0.0004036591270997
2.2828906616085827,0.0628318530717960,-0.0008380304259760
2.3247785636564471,0.0628318530717960,-0.0012513191548733
2.3666664657043106,0.0628318530717960,-0.0016151698828631
2.4085543677521750,0.0628318530717960,-0.0019023051281112
2.4504422698000385,0.0628318530717960,-0.0020872597081345
2.4923301718479025,0.0628318530717960,-0.0021465392408647
2.5342180738957665,0.0628318530717960,-0.0020592339427182
2.5761059759436304,0.0628318530717960,-0.0018098002626250
2.6179938779914940,0.0628318530717960,-0.0013949327373406
2.6598817800393584,0.0628318530717960,-0.0008355993222566
2.7017696820872219,0.0628318530717960,-0.0001927452754054
2.7436575841350863,0.0628318530717960,0.0004194696736699
2.7855454861829498,0.0628318530717960,0.0008346570709455
2.8274333882308138,0.0628318530717960,0.0008634028733618
2.8693212902786778,0.0628318530717960,0.0003563859147090
2.9112091923265417,0.0628318530717960,-0.0007136837042329
2.9530970943744053,0.0628318530717960,-0.0021856512657928
2.9949849964222697,0.0628318530717960,-0.0036887762042667
3.0368728984701332,0.0628318530717960,-0.0046671338544207
3.0787608005179976,0.0628318530717960,-0.0044238740397613
3.1206487025658611,0.0628318530717960,-0.0021602123493595
0.0209439510239320,0.1047197551196597,-0.0011968583989230
0.0628318530717960,0.1047197551196597,-0.0015376635542483
0.1047197551196597,0.1047197551196597,-0.0004613516758642
0.1466076571675237,0.1047197551196597,0.0008110226714005
0.1884955592153876,0.1047197551196597,0.0015786537552843
0.2303834612632514,0.1047197551196597,0.0016634312411928
0.2722713633111153,0.1047197551196597,0.0012672009250435
0.3141592653589793,0.1047197551196597,0.0007401146552810
0.3560471674068433,0.1047197551196597,0.0003699613970107
0.3979350694547070,0.1047197551196597,0.0002784910684027
0.4398229715025710,0.1047197551196597,0.0004335149083449
0.4817108735504350,0.1047197551196597,0.0007238494961519
0.5235987755982989,0.1047197551196597,0.0010354185247810
0.5654866776461627,0.1047197551196597,0.0012947613719143
0.6073745796940266,0.1047197551196597,0.0014772812915169
0.6492624817418906,0.1047197551196597,0.0015938114349239
0.6911503837897545,0.1047197551196597,0.0016707932637801
0.7330382858376183,0.1047197551196597,0.0017339912163630
0.7749261878854823,0.1047197551196597,0.0017994742680518
0.8168140899333461,0.1047197551196597,0.0018714194716658
0.8587019919812100,0.1047197551196597,0.0019444627762883
0.9005898940290740,0.1047197551196597,0.0020081061703763
0.9424777960769379,0.1047197551196597,0.0020512473873966
0.9843656981248019,0.1047197551196597,0.0020656553673453
1.0262536001726656,0.1047197551196597,0.0020478894835558
1.0681415022205296,0.1047197551196597,0.0019996609859377
1.1100294042683936,0.1047197551196597,0.0019269559462002
1.1519173063162575,0.1047197551196597,0.0018384020285919
1.1938052083641213,0.1047197551196597,0.0017433940686082
1.2356931104119853,0.1047197551196597,0.0016504264111504
1.2775810124598492,0.1047197551196597,0.0015659480608144
1.3194689145077132,0.1047197551196597,0.0014938963225699
1.3613568165555769,0.1047197551196597,0.0014359083125153
1.4032447186034409,0.1047197551196597,0.0013920811887072
1.4451326206513049,0.1047197551196597,0.0013620638835854
1.4870205226991688,0.1047197551196597,0.0013462184162141
1.5289084247470326,0.1047197551196597,0.0013465840906283
1.5707963267948966,0.1047197551196597,0.0013674072655306
1.6126842288427605,0.1047197551196597,0.0014150578446254
1.6545721308906245,0.1047197551196597,0.0014972380604910
1.6964600329384882,0.1047197551196597,0.0016214973806307
1.7383479349863524,0.1047197551196597,0.0017931954002870
1.7802358370342162,0.1047197551196597,0.0020131922891043
1.8221237390820799,0.1047197551196597,0.0022756737356034
1.8640116411299441,0.1047197551196597,0.0025666033444167
1.9058995431778079,0.1047197551196597,0.0028633021037663
1.9477874452256716,0.1047197551196597,0.0031355478983806
1.9896753472735358,0.1047197551196597,0.0033483546161809
2.0315632493213993,0.1047197551196597,0.0034662533930815
2.0734511513692637,0.1047197551196597,0.0034585246854367
2.1153390534171272,0.1047197551196597,0.0033045186469065
2.1572269554649912,0.1047197551196597,0.0029980555900520
2.1991148575128552,0.1047197551196597,0.0025499861778586
2.2410027595607191,0.1047197551196597,0.0019883158173466
2.2828906616085827,0.1047197551196597,0.0013557914153415
2.3247785636564471,0.1047197551196597,0.0007053897921068
2.3666664657043106,0.1047197551196597,0.0000945928667628
2.4085543677521750,0.1047197551196597,-0.0004204479625505
2.4504422698000385,0.1047197551196597,-0.0007898659499450
2.4923301718479025,0.1047197551196597,-0.0009736343875160
2.5342180738957665,0.1047197551196597,-0.0009439821762860
2.5761059759436304,0.1047197551196597,-0.0006878014296143
2.6179938779914940,0.1047197551196597,-0.0002108050631109
2.6598817800393584,0.1047197551196597,0.0004548623577253
2.7017696820872219,0.1047197551196597,0.0012391390804718
2.7436575841350863,0.1047197551196597,0.0020215718082968
2.7855454861829498,0.1047197551196597,0.0026266026546358
2.8274333882308138,0.1047197551196597,0.0028413915085110
2.8693212902786778,0.1047197551196597,0.0024690140781738
2.9112091923265417,0.1047197551196597,0.0014123900133866
2.9530970943744053,0.1047197551196597,-0.0002392946945992
2.9949849964222697,0.1047197551196597,-0.0021536596595759
3.0368728984701332,0.1047197551196597,-0.0037355429402691
3.0787608005179976,0.1047197551196597,-0.0041286119107607
3.1206487025658611,0.1047197551196597,-0.0022243764111514
0.0209439510239320,0.1466076571675237,-0.0004244839920710
0.0628318530717960,0.1466076571675237,0.0002593686683301
0.1047197551196597,0.1466076571675237,0.0015535557022526
0.1466076571675237,0.1466076571675237,0.0024150649389443
0.1884955592153876,0.1466076571675237,0.0025467393063822
0.2303834612632514,0.1466076571675237,0.0021694639805454
0.2722713633111153,0.1466076571675237,0.0016813126056359
0.3141592653589793,0.1466076571675237,0.0013735608506287
0.3560471674068433,0.1466076571675237,0.0013186665271923
0.3979350694547070,0.1466076571675237,0.0014206221179272
0.4398229715025710,0.1466076571675237,0.0015333168651859
0.4817108735504350,0.1466076571675237,0.0015554891821115
0.5235987755982989,0.1466076571675237,0.0014647392112381
0.5654866776461627,0.1466076571675237,0.0013015831745606
0.6073745796940266,0.1466076571675237,0.0011329334425567
0.6492624817418906,0.1466076571675237,0.0010190868623943
0.6911503837897545,0.1466076571675237,0.0009950000436594
0.7330382858376183,0.1466076571675237,0.0010659695720912
0.7749261878854823,0.1466076571675237,0.0012129226268374
0.8168140899333461,0.1466076571675237,0.0014020057812001
0.8587019919812100,0.1466076571675237,0.0015946134592693
0.9005898940290740,0.1466076571675237,0.0017556995783987
0.9424777960769379,0.1466076571675237,0.0018594579223219
0.9843656981248019,0.1466076571675237,0.0018921902270075
1.0262536001726656,0.1466076571675237,0.0018525930308566
1.0681415022205296,0.1466076571675237,0.0017499535485854
1.1100294042683936,0.1466076571675237,0.0016009227961331
1.1519173063162575,0.1466076571675237,0.0014256290535835
1.1938052083641213,0.1466076571675237,0.0012438836839916
1.2356931104119853,0.1466076571675237,0.0010721095296680
1.2775810124598492,0.1466076571675237,0.0009214148535228
1.3194689145077132,0.1466076571675237,0.0007969891226292
1.3613568165555769,0.1466076571675237,0.0006987598478185
1.4032447186034409,0.1466076571675237,0.0006230590986605
1.4451326206513049,0.1466076571675237,0.0005649222621693
1.4870205226991688,0.1466076571675237,0.0005205808625330
1.5289084247470326,0.1466076571675237,0.0004897058843942
1.5707963267948966,0.1466076571675237,0.0004769953420811
1.6126842288427605,0.1466076571675237,0.0004927706856110
1.6545721308906245,0.1466076571675237,0.0005523487530843
1.6964600329384882,0.1466076571675237,0.0006740934723219
1.7383479349863524,0.1466076571675237,0.0008762304828254
1.7802358370342162,0.1466076571675237,0.0011727284329766
1.8221237390820799,0.1466076571675237,0.0015687970700831
1.8640116411299441,0.1466076571675237,0.0020567839868277
1.9058995431778079,0.1466076571675237,0.0026134025370110
1.9477874452256716,0.1466076571675237,0.0031992120444009
1.9896753472735358,0.1466076571675237,0.0037610300774888
2.0315632493213993,0.1466076571675237,0.0042374681836557
2.0734511513692637,0.1466076571675237,0.0045671131471114
2.1153390534171272,0.1466076571675237,0.0046981798026220
2.1572269554649912,0.1466076571675237,0.0045979438795276
2.1991148575128552,0.1466076571675237,0.0042601068834025
2.2410027595607191,0.1466076571675237,0.0037085309919511
2.2828906616085827,0.1466076571675237,0.0029964479466325
2.3247785636564471,0.1466076571675237,0.0022011048018449
2.3666664657043106,0.1466076571675237,0.0014146209112254
2.4085543677521750,0.1466076571675237,0.0007323905836421
2.4504422698000385,0.1466076571675237,0.0002405783993014
2.4923301718479025,0.1466076571675237,0.0000041707078497
2.5342180738957665,0.1466076571675237,0.0000568642859529
2.5761059759436304,0.1466076571675237,0.0003940470154238
2.6179938779914940,0.1466076571675237,0.0009703184886658
2.6598817800393584,0.1466076571675237,0.0017029188505562
2.7017696820872219,0.1466076571675237,0.0024810853673043
2.7436575841350863,0.1466076571675237,0.0031785311292609
2.7855454861829498,0.1466076571675237,0.0036644629138765
2.8274333882308138,0.1466076571675237,0.0038119014770928
2.8693212902786778,0.1466076571675237,0.0035096766683230
2.9112091923265417,0.1466076571675237,0.0026878564436075
2.9530970943744053,0.1466076571675237,0.0013612712207052
2.9949849964222697,0.1466076571675237,-0.0003084950380631
3.0368728984701332,0.1466076571675237,-0.0019303958982032
3.0787608005179976,0.1466076571675237,-0.0027840159625518
3.1206487025658611,0.1466076571675237,-0.0017278445721087
0.0209439510239320,0.1884955592153876,0.0002962702750010
0.0628318530717960,0.1884955592153876,0.0015023504183396
0.1047197551196597,0.1884955592153876,0.0024239891403368
0.1466076571675237,0.1884955592153876,0.0026101923281012
0.1884955592153876,0.1884955592153876,0.0022920725730866
0.2303834612632514,0.1884955592153876,0.0019138173337099
0.2722713633111153,0.1884955592153876,0.0017623213979592
0.3141592653589793,0.1884955592153876,0.0018456103135458
0.3560471674068433,0.1884955592153876,0.0019883274741201
0.3979350694547070,0.1884955592153876,0.0020002201747684
0.4398229715025710,0.1884955592153876,0.0017911372611914
0.4817108735504350,0.1884955592153876,0.0013921761945022
0.5235987755982989,0.1884955592153876,0.0009118381408630
0.5654866776461627,0.1884955592153876,0.0004750947757879
0.6073745796940266,0.1884955592153876,0.0001779776526978
0.6492624817418906,0.1884955592153876,0.0000676969636428
0.6911503837897545,0.1884955592153876,0.0001435311507374
0.7330382858376183,0.1884955592153876,0.0003689905826059
0.7749261878854823,0.1884955592153876,0.0006872466964285
0.8168140899333461,0.1884955592153876,0.0010352448487638
0.8587019919812100,0.1884955592153876,0.0013547388987547
0.9005898940290740,0.1884955592153876,0.0015999671359137
0.9424777960769379,0.1884955592153876,0.0017421479720356
0.9843656981248019,0.1884955592153876,0.0017710031938227
1.0262536001726656,0.1884955592153876,0.0016935474495281
1.0681415022205296,0.1884955592153876,0.0015305652725217
1.1100294042683936,0.1884955592153876,0.0013114718226108
1.1519173063162575,0.1884955592153876,0.0010684812535988
1.1938052083641213,0.1884955592153876,0.0008310746424525
1.2356931104119853,0.1884955592153876,0.0006216328903321
1.2775810124598492,0.1884955592153876,0.0004528195801587
1.3194689145077132,0.1884955592153876,0.0003269471494176
1.3613568165555769,0.1884955592153876,0.0002372221856513
1.4032447186034409,0.1884955592153876,0.0001705022660303
1.4451326206513049,0.1884955592153876,0.0001110326022027
1.4870205226991688,0.1884955592153876,0.0000445608081805
1.5289084247470326,0.1884955592153876,-0.0000377700929877
1.5707963267948966,0.1884955592153876,-0.0001363030652060
1.6126842288427605,0.1884955592153876,-0.0002410021385566
1.6545721308906245,0.1884955592153876,-0.0003312268156637
1.6964600329384882,0.1884955592153876,-0.0003774080052570
1.7383479349863524,0.1884955592153876,-0.0003447128374825
1.7802358370342162,0.1884955592153876,-0.0001985354264422
1.8221237390820799,0.1884955592153876,0.0000886851608468
1.8640116411299441,0.1884955592153876,0.0005302151954385
1.9058995431778079,0.1884955592153876,0.0011186215536096
1.9477874452256716,0.1884955592153876,0.0018217257348871
1.9896753472735358,0.1884955592153876,0.0025823711436357
2.0315632493213993,0.1884955592153876,0.0033229876808212
2.0734511513692637,0.1884955592153876,0.0039550527776697
2.1153390534171272,0.1884955592153876,0.0043924070088219
2.1572269554649912,0.1884955592153876,0.0045662895389496
2.1991148575128552,0.1884955592153876,0.0044392666082582
2.2410027595607191,0.1884955592153876,0.0040151894847829
2.2828906616085827,0.1884955592153876,0.0033429694709060
2.3247785636564471,0.1884955592153876,0.0025130807272142
2.3666664657043106,0.1884955592153876,0.0016469272084019
2.4085543677521750,0.1884955592153876,0.0008801910101492
2.4504422698000385,0.1884955592153876,0.0003418747842805
2.4923301718479025,0.1884955592153876,0.0001311451170549
2.5342180738957665,0.1884955592153876,0.0002947746499902
2.5761059759436304,0.1884955592153876,0.0008095075102927
2.6179938779914940,0.1884955592153876,0.0015759133006030
2.6598817800393584,0.1884955592153876,0.0024314652351543
2.7017696820872219,0.1884955592153876,0.0031870755397161
2.7436575841350863,0.1884955592153876,0.0036804502978895
2.7855454861829498,0.1884955592153876,0.0038250772239137
2.8274333882308138,0.1884955592153876,0.0036274221388446
2.8693212902786778,0.1884955592153876,0.0031580287390236
2.9112091923265417,0.1884955592153876,0.0024910565410992
2.9530970943744053,0.1884955592153876,0.0016541344890193
2.9949849964222697,0.1884955592153876,0.0006409187554905
3.0368728984701332,0.1884955592153876,-0.0004755817671797
3.0787608005179976,0.1884955592153876,-0.0013339287492410
3.1206487025658611,0.1884955592153876,-0.0010437289770452
0.0209439510239320,0.2303834612632514,0.0007065718895139
0.0628318530717960,0.2303834612632514,0.0018365612504060
0.1047197551196597,0.2303834612632514,0.0021501045131780
0.1466076571675237,0.2303834612632514,0.0018697963977793
0.1884955592153876,0.2303834612632514,0.0015176991697001
0.2303834612632514,0.2303834612632514,0.0014360673673692
0.2722713633111153,0.2303834612632514,0.0016287187099473
0.3141592653589793,0.2303834612632514,0.0018779862905671
0.3560471674068433,0.2303834612632514,0.0019518455993059
0.3979350694547070,0.2303834612632514,0.0017422783997716
0.4398229715025710,0.2303834612632514,0.0012872411122258
0.4817108735504350,0.2303834612632514,0.0007155380810540
0.5235987755982989,0.2303834612632514,0.0001747922816049
0.5654866776461627,0.2303834612632514,-0.0002196118399258
0.6073745796940266,0.2303834612632514,-0.0004055293633849
0.6492624817418906,0.2303834612632514,-0.0003725883735628
0.6911503837897545,0.2303834612632514,-0.0001497686219598
0.7330382858376183,0.2303834612632514,0.0002093747111216
0.7749261878854823,0.2303834612632514,0.0006397286695561
0.8168140899333461,0.2303834612632514,0.0010750353429789
0.8587019919812100,0.2303834612632514,0.0014561917115750
0.9005898940290740,0.2303834612632514,0.0017378452671784
0.9424777960769379,0.2303834612632514,0.0018930890021260
0.9843656981248019,0.2303834612632514,0.0019156505366551
1.0262536001726656,0.2303834612632514,0.0018190603472181
1.0681415022205296,0.2303834612632514,0.0016327984460029
1.1100294042683936,0.2303834612632514,0.0013960808207583
1.1519173063162575,0.2303834612632514,0.0011504666759021
1.1938052083641213,0.2303834612632514,0.0009326678974091
1.2356931104119853,0.2303834612632514,0.0007687976823929
1.2775810124598492,0.2303834612632514,0.0006708997564973
1.3194689145077132,0.2303834612632514,0.0006360996126960
1.3613568165555769,0.2303834612632514,0.0006482504993435
1.4032447186034409,0.2303834612632514,0.0006815965790721
1.4451326206513049,0.2303834612632514,0.0007057739851615
1.4870205226991688,0.2303834612632514,0.0006914029349114
1.5289084247470326,0.2303834612632514,0.0006155515580695
1.5707963267948966,0.2303834612632514,0.0004664298461707
1.6126842288427605,0.2303834612632514,0.0002467633510257
1.6545721308906245,0.2303834612632514,-0.0000246187735362
1.6964600329384882,0.2303834612632514,-0.0003133651516112
1.7383479349863524,0.2303834612632514,-0.0005726305704707
1.7802358370342162,0.2303834612632514,-0.0007486493004276
1.8221237390820799,0.2303834612632514,-0.0007886432272293
1.8640116411299441,0.2303834612632514,-0.0006503873861885
1.9058995431778079,0.2303834612632514,-0.0003121632929122
1.9477874452256716,0.2303834612632514,0.0002187528360451
1.9896753472735358,0.2303834612632514,0.0009012634874548
2.0315632493213993,0.2303834612632514,0.0016613228879387
2.0734511513692637,0.2303834612632514,0.0023997172401735
2.1153390534171272,0.2303834612632514,0.0030065116529183
2.1572269554649912,0.2303834612632514,0.0033801915715475
2.1991148575128552,0.2303834612632514,0.0034480413865219
2.2410027595607191,0.2303834612632514,0.0031835793410762
2.2828906616085827,0.2303834612632514,0.0026171650161402
2.3247785636564471,0.2303834612632514,0.0018370825412755
2.3666664657043106,0.2303834612632514,0.0009800213437650
2.4085543677521750,0.2303834612632514,0.0002113917801858
2.4504422698000385,0.2303834612632514,-0.0003029534671894
2.4923301718479025,0.2303834612632514,-0.0004310220464916
2.5342180738957665,0.2303834612632514,-0.0001107664095030
2.5761059759436304,0.2303834612632514,0.0006195372529159
2.6179938779914940,0.2303834612632514,0.0016086676278975
2.6598817800393584,0.2303834612632514,0.0026123820440116
2.7017696820872219,0.2303834612632514,0.0033552417905363
2.7436575841350863,0.2303834612632514,0.0036249828308352
2.7855454861829498,0.2303834612632514,0.0033631659323168
2.8274333882308138,0.2303834612632514,0.0027001907731441
2.8693212902786778,0.2303834612632514,0.0018994703480999
2.9112091923265417,0.2303834612632514,0.0012241021676958
2.9530970943744053,0.2303834612632514,0.0007920941423876
2.9949849964222697,0.2303834612632514,0.0005117055361376
3.0368728984701332,0.2303834612632514,0.0001724723072597
3.0787608005179976,0.2303834612632514,-0.0002901875696447
3.1206487025658611,0.2303834612632514,-0.0004244713593462
0.0209439510239320,0.2722713633111153,0.0007835291967948
0.0628318530717960,0.2722713633111153,0.0015119328975070
0.1047197551196597,0.2722713633111153,0.0013596943491887
0.1466076571675237,0.2722713633111153,0.0009453345919653
0.1884955592153876,0.2722713633111153,0.0007398256001556
0.2303834612632514,0.2722713633111153,0.0008440485670682
0.2722713633111153,0.2722713633111153,0.0010943201890701
0.3141592653589793,0.2722713633111153,0.0012758849116739
0.3560471674068433,0.2722713633111153,0.0012660949870775
0.3979350694547070,0.2722713633111153,0.0010617451212989
0.4398229715025710,0.2722713633111153,0.0007363042460915
0.4817108735504350,0.2722713633111153,0.0003855358414180
0.5235987755982989,0.2722713633111153,0.0000918728554402
0.5654866776461627,0.2722713633111153,-0.0000891720820011
0.6073745796940266,0.2722713633111153,-0.0001290778584999
0.6492624817418906,0.2722713633111153,-0.0000218438065731
0.6911503837897545,0.2722713633111153,0.0002199940443552
0.7330382858376183,0.2722713633111153,0.0005678977000949
0.7749261878854823,0.2722713633111153,0.0009798448606675
0.8168140899333461,0.2722713633111153,0.0014046566580490
0.8587019919812100,0.2722713633111153,0.0017888990069739
0.9005898940290740,0.2722713633111153,0.0020855494259064
0.9424777960769379,0.2722713633111153,0.0022624412580081
0.9843656981248019,0.2722713633111153,0.0023082138223187
1.0262536001726656,0.2722713633111153,0.0022341210241712
1.0681415022205296,0.2722713633111153,0.0020712248984311
1.1100294042683936,0.2722713633111153,0.0018637319943460
1.1519173063162575,0.2722713633111153,0.0016601107574992
1.1938052083641213,0.2722713633111153,0.0015039580617029
1.2356931104119853,0.2722713633111153,0.0014263855324803
1.2775810124598492,0.2722713633111153,0.0014411436626005
1.3194689145077132,0.2722713633111153,0.0015430143372395
1.3613568165555769,0.2722713633111153,0.0017093667291264
1.4032447186034409,0.2722713633111153,0.0019043006519128
1.4451326206513049,0.2722713633111153,0.0020845337798412
1.4870205226991688,0.2722713633111153,0.0022061079878641
1.5289084247470326,0.2722713633111153,0.0022310477711345
1.5707963267948966,0.2722713633111153,0.0021332413890478
1.6126842288427605,0.2722713633111153,0.0019029765712972
1.6545721308906245,0.2722713633111153,0.0015497024855020
1.6964600329384882,0.2722713633111153,0.0011026829086562
1.7383479349863524,0.2722713633111153,0.0006092553782435
1.7802358370342162,0.2722713633111153,0.0001304584699766
1.8221237390820799,0.2722713633111153,-0.0002660843735076
1.8640116411299441,0.2722713633111153,-0.0005158262830360
1.9058995431778079,0.2722713633111153,-0.0005687346332681
1.9477874452256716,0.2722713633111153,-0.0004009328909467
1.9896753472735358,0.2722713633111153,-0.0000241470399853
2.0315632493213993,0.2722713633111153,0.0005099115542675
2.0734511513692637,0.2722713633111153,0.0011127778045297
2.1153390534171272,0.2722713633111153,0.0016712971496637
2.1572269554649912,0.2722713633111153,0.0020675758927911
2.1991148575128552,0.2722713633111153,0.0022034992387543
2.2410027595607191,0.2722713633111153,0.0020247462470275
2.2828906616085827,0.2722713633111153,0.0015387334112842
2.3247785636564471,0.2722713633111153,0.0008218019622772
2.3666664657043106,0.2722713633111153,0.0000128046172518
2.4085543677521750,0.2722713633111153,-0.0007076432843871
2.4504422698000385,0.2722713633111153,-0.0011510719636629
2.4923301718479025,0.2722713633111153,-0.0011651248803448
2.5342180738957665,0.2722713633111153,-0.0006815646565113
2.5761059759436304,0.2722713633111153,0.0002426970982530
2.6179938779914940,0.2722713633111153,0.0014089657114931
2.6598817800393584,0.2722713633111153,0.0025050619302112
2.7017696820872219,0.2722713633111153,0.0031903130082005
2.7436575841350863,0.2722713633111153,0.0032224579577202
2.7855454861829498,0.2722713633111153,0.0025759850156566
2.8274333882308138,0.2722713633111153,0.0014833086699424
2.8693212902786778,0.2722713633111153,0.0003556024115354
2.9112091923265417,0.2722713633111153,-0.0003968110797774
2.9530970943744053,0.2722713633111153,-0.0005643356818441
2.9949849964222697,0.2722713633111153,-0.0002563830746490
3.0368728984701332,0.2722713633111153,0.0001455019271782
3.0787608005179976,0.2722713633111153,0.0002374030411273
3.1206487025658611,0.2722713633111153,0.0000110091577515
0.0209439510239320,0.3141592653589793,0.0006658631267789
0.0628318530717960,0.3141592653589793,0.0010025081127468
0.1047197551196597,0.3141592653589793,0.0006411858606862
0.1466076571675237,0.3141592653589793,0.0002226217475247
0.1884955592153876,0.3141592653589793,0.0000193135927191
0.2303834612632514,0.3141592653589793,0.0000181174974767
0.2722713633111153,0.3141592653589793,0.0001228209078614
0.3141592653589793,0.3141592653589793,0.0002725538062747
0.3560471674068433,0.3141592653589793,0.0004464761341203
0.3979350694547070,0.3141592653589793,0.0006272196685040
0.4398229715025710,0.3141592653589793,0.0007839807014793
0.4817108735504350,0.3141592653589793,0.0008836981970060
0.5235987755982989,0.3141592653589793,0.0009109597642141
0.5654866776461627,0.3141592653589793,0.0008796607630144
0.6073745796940266,0.3141592653589793,0.0008308025695287
0.6492624817418906,0.3141592653589793,0.0008189063423405
0.6911503837897545,0.3141592653589793,0.0008932642680026
0.7330382858376183,0.3141592653589793,0.0010810165840929
0.7749261878854823,0.3141592653589793,0.0013775840952870
0.8168140899333461,0.3141592653589793,0.0017470439775189
0.8587019919812100,0.3141592653589793,0.0021316837413239
0.9005898940290740,0.3141592653589793,0.0024672939237731
0.9424777960769379,0.3141592653589793,0.0026994836310275
0.9843656981248019,0.3141592653589793,0.0027965848519347
1.0262536001726656,0.3141592653589793,0.0027561974179653
1.0681415022205296,0.3141592653589793,0.0026044621145325
1.1100294042683936,0.3141592653589793,0.0023890550106274
1.1519173063162575,0.3141592653589793,0.0021681903529318
1.1938052083641213,0.3141592653589793,0.0019984184593693
1.2356931104119853,0.3141592653589793,0.0019237890383901
1.2775810124598492,0.3141592653589793,0.0019682517609485
1.3194689145077132,0.3141592653589793,0.0021322531546246
1.3613568165555769,0.3141592653589793,0.0023935912730595
1.4032447186034409,0.3141592653589793,0.0027118673212603
1.4451326206513049,0.3141592653589793,0.0030354132044028
1.4870205226991688,0.3141592653589793,0.0033093943633271
1.5289084247470326,0.3141592653589793,0.0034838504772017
1.5707963267948966,0.3141592653589793,0.0035206681511628
1.6126842288427605,0.3141592653589793,0.0033987922668692
1.6545721308906245,0.3141592653589793,0.0031172963280857
1.6964600329384882,0.3141592653589793,0.0026961850684715
1.7383479349863524,0.3141592653589793,0.0021749548200558
1.7802358370342162,0.3141592653589793,0.0016089766407839
1.8221237390820799,0.3141592653589793,0.0010637267058689
1.8640116411299441,0.3141592653589793,0.0006068675150090
1.9058995431778079,0.3141592653589793,0.0002983480048311
1.9477874452256716,0.3141592653589793,0.0001792102707487
1.9896753472735358,0.3141592653589793,0.0002606993308449
2.0315632493213993,0.3141592653589793,0.0005163149656877
2.0734511513692637,0.3141592653589793,0.0008800508663001
2.1153390534171272,0.3141592653589793,0.0012535790050134
2.1572269554649912,0.3141592653589793,0.0015232433651637
2.1991148575128552,0.3141592653589793,0.0015848087082642
2.2410027595607191,0.3141592653589793,0.0013709897512724
2.2828906616085827,0.3141592653589793,0.0008750199698482
2.3247785636564471,0.3141592653589793,0.0001635618593343
2.3666664657043106,0.3141592653589793,-0.0006260437013352
2.4085543677521750,0.3141592653589793,-0.0013065697199854
2.4504422698000385,0.3141592653589793,-0.0016792225574731
2.4923301718479025,0.3141592653589793,-0.0015857183085561
2.5342180738957665,0.3141592653589793,-0.0009657524981050
2.5761059759436304,0.3141592653589793,0.0000953253579863
2.6179938779914940,0.3141592653589793,0.0013513144938773
2.6598817800393584,0.3141592653589793,0.0024367832732262
2.7017696820872219,0.3141592653589793,0.0029755828925524
2.7436575841350863,0.3141592653589793,0.0027316756629481
2.7855454861829498,0.3141592653589793,0.0017369447908766
2.8274333882308138,0.3141592653589793,0.0003175655923096
2.8693212902786778,0.3141592653589793,-0.0010183687223548
2.9112091923265417,0.3141592653589793,-0.0017917740634847
2.9530970943744053,0.3141592653589793,-0.0017654351616425
2.9949849964222697,0.3141592653589793,-0.0010639599198248
3.0368728984701332,0.3141592653589793,-0.0001439529278183
3.0787608005179976,0.3141592653589793,0.0004097124770691
3.1206487025658611,0.3141592653589793,0.0002585842331901
0.0209439510239320,0.3560471674068433,0.0005252258393308
0.0628318530717960,0.3560471674068433,0.0006552433510109
0.1047197551196597,0.3560471674068433,0.0002268063656037
0.1466076571675237,0.3560471674068433,-0.0002924367644919
0.1884955592153876,0.3560471674068433,-0.0007299555756204
0.2303834612632514,0.3560471674068433,-0.0009963690384824
0.2722713633111153,0.3560471674068433,-0.0009878773457146
0.3141592653589793,0.3560471674068433,-0.0006348532776494
0.3560471674068433,0.3560471674068433,0.0000217498890702
0.3979350694547070,0.3560471674068433,0.0008248686621428
0.4398229715025710,0.3560471674068433,0.0015683472335137
0.4817108735504350,0.3560471674068433,0.0020812535217205
0.5235987755982989,0.3560471674068433,0.0022832716587455
0.5654866776461627,0.3560471674068433,0.0021974585365623
0.6073745796940266,0.3560471674068433,0.0019280318767332
0.6492624817418906,0.3560471674068433,0.0016181132399864
0.6911503837897545,0.3560471674068433,0.0014031610572296
0.7330382858376183,0.3560471674068433,0.0013735622237920
0.7749261878854823,0.3560471674068433,0.0015549796832870
0.8168140899333461,0.3560471674068433,0.0019087958092074
0.8587019919812100,0.3560471674068433,0.0023492953849653
0.9005898940290740,0.3560471674068433,0.0027705690869169
0.9424777960769379,0.3560471674068433,0.0030749938705117
0.9843656981248019,0.3560471674068433,0.0031962475658498
1.0262536001726656,0.3560471674068433,0.0031123482895878
1.0681415022205296,0.3560471674068433,0.0028472413342759
1.1100294042683936,0.3560471674068433,0.0024621901494895
1.1519173063162575,0.3560471674068433,0.0020401618683208
1.1938052083641213,0.3560471674068433,0.0016673368862066
1.2356931104119853,0.3560471674068433,0.0014158451218169
1.2775810124598492,0.3560471674068433,0.0013310040621342
1.3194689145077132,0.3560471674068433,0.0014249692821211
1.3613568165555769,0.3560471674068433,0.0016771517569056
1.4032447186034409,0.3560471674068433,0.0020403783738661
1.4451326206513049,0.3560471674068433,0.0024508648229455
1.4870205226991688,0.3560471674068433,0.0028397524837624
1.5289084247470326,0.3560471674068433,0.0031441583736973
1.5707963267948966,0.3560471674068433,0.0033161984771592
1.6126842288427605,0.3560471674068433,0.0033290504834644
1.6545721308906245,0.3560471674068433,0.0031796710913539
1.6964600329384882,0.3560471674068433,0.0028882201341129
1.7383479349863524,0.3560471674068433,0.0024945780473835
1.7802358370342162,0.3560471674068433,0.0020525892014547
1.8221237390820799,0.3560471674068433,0.0016227974476499
1.8640116411299441,0.3560471674068433,0.0012644125076802
1.9058995431778079,0.3560471674068433,0.0010270615067094
1.9477874452256716,0.3560471674068433,0.0009426905639847
1.9896753472735358,0.3560471674068433,0.0010180763662642
2.0315632493213993,0.3560471674068433,0.0012290173312466
2.0734511513692637,0.3560471674068433,0.0015182553604904
2.1153390534171272,0.3560471674068433,0.0017998582982310
2.1572269554649912,0.3560471674068433,0.0019722520788525
2.1991148575128552,0.3560471674068433,0.0019398557170116
2.2410027595607191,0.3560471674068433,0.0016398817575209
2.2828906616085827,0.3560471674068433,0.0010677387661793
2.3247785636564471,0.3560471674068433,0.0002930571764066
2.3666664657043106,0.3560471674068433,-0.0005407501380783
2.4085543677521750,0.3560471674068433,-0.0012376997854240
2.4504422698000385,0.3560471674068433,-0.0015916007178465
2.4923301718479025,0.3560471674068433,-0.0014450229934586
2.5342180738957665,0.3560471674068433,-0.0007537273978184
2.5761059759436304,0.3560471674068433,0.0003631242780546
2.6179938779914940,0.3560471674068433,0.0016142263152696
2.6598817800393584,0.3560471674068433,0.0025946144249263
2.7017696820872219,0.3560471674068433,0.0029164970462467
2.7436575841350863,0.3560471674068433,0.0023764171999110
2.7855454861829498,0.3560471674068433,0.0010805337175475
2.8274333882308138,0.3560471674068433,-0.0005557624775112
2.8693212902786778,0.3560471674068433,-0.0019609583279634
2.9112091923265417,0.3560471674068433,-0.0026482921227109
2.9530970943744053,0.3560471674068433,-0.0024244762211489
2.9949849964222697,0.3560471674068433,-0.0014731540828314
3.0368728984701332,0.3560471674068433,-0.0002932116934231
3.0787608005179976,0.3560471674068433,0.0004836068177733
3.1206487025658611,0.3560471674068433,0.0003844712637870
0.0209439510239320,0.3979350694547070,0.0004685447591236
0.0628318530717960,0.3979350694547070,0.0005723996240453
0.1047197551196597,0.3979350694547070,0.0000754313447986
0.1466076571675237,0.3979350694547070,-0.0006864349141384
0.1884955592153876,0.3979350694547070,-0.0014537027055810
0.2303834612632514,0.3979350694547070,-0.0019182053678639
0.2722713633111153,0.3979350694547070,-0.0018098363356944
0.3141592653589793,0.3979350694547070,-0.0010499298595346
0.3560471674068433,0.3979350694547070,0.0001919127858794
0.3979350694547070,0.3979350694547070,0.0015776228849416
0.4398229715025710,0.3979350694547070,0.0027473574578574
0.4817108735504350,0.3979350694547070,0.0034458355824558
0.5235987755982989,0.3979350694547070,0.0035850256294570
0.5654866776461627,0.3979350694547070,0.0032429369742202
0.6073745796940266,0.3979350694547070,0.0026164213778270
0.6492624817418906,0.3979350694547070,0.0019498001732585
0.6911503837897545,0.3979350694547070,0.0014616123099218
0.7330382858376183,0.3979350694547070,0.0012889567720267
0.7749261878854823,0.3979350694547070,0.0014613503342704
0.8168140899333461,0.3979350694547070,0.0019060989356874
0.8587019919812100,0.3979350694547070,0.0024786660446054
0.9005898940290740,0.3979350694547070,0.0030066491896388
0.9424777960769379,0.3979350694547070,0.0033349750334679
0.9843656981248019,0.3979350694547070,0.0033618726367570
1.0262536001726656,0.3979350694547070,0.0030588521103501
1.0681415022205296,0.3979350694547070,0.0024722185724002
1.1100294042683936,0.3979350694547070,0.0017077913246639
1.1519173063162575,0.3979350694547070,0.0009038849675644
1.1938052083641213,0.3979350694547070,0.0001997232821085
1.2356931104119853,0.3979350694547070,-0.0002931495707266
1.2775810124598492,0.3979350694547070,-0.0005103799013142
1.3194689145077132,0.3979350694547070,-0.0004421155975305
1.3613568165555769,0.3979350694547070,-0.0001284526175533
1.4032447186034409,0.3979350694547070,0.0003538626774369
1.4451326206513049,0.3979350694547070,0.0009090418549045
1.4870205226991688,0.3979350694547070,0.0014399858932961
1.5289084247470326,0.3979350694547070,0.0018632181129756
1.5707963267948966,0.3979350694547070,0.0021196099459349
1.6126842288427605,0.3979350694547070,0.0021806424279609
1.6545721308906245,0.3979350694547070,0.0020504878486813
1.6964600329384882,0.3979350694547070,0.0017642269982312
1.7383479349863524,0.3979350694547070,0.0013823580837991
1.7802358370342162,0.3979350694547070,0.0009817766129894
1.8221237390820799,0.3979350694547070,0.0006438481559663
1.8640116411299441,0.3979350694547070,0.0004409879279930
1.9058995431778079,0.3979350694547070,0.0004238929450471
1.9477874452256716,0.3979350694547070,0.0006117235603968
1.9896753472735358,0.3979350694547070,0.0009868940016267
2.0315632493213993,0.3979350694547070,0.0014950884466260
2.0734511513692637,0.3979350694547070,0.0020504109270323
2.1153390534171272,0.3979350694547070,0.0025456284360970
2.1572269554649912,0.3979350694547070,0.0028678515793439
2.1991148575128552,0.3979350694547070,0.0029196485738086
2.2410027595607191,0.3979350694547070,0.0026437304979288
2.2828906616085827,0.3979350694547070,0.0020463832369011
2.3247785636564471,0.3979350694547070,0.0012122842447468
2.3666664657043106,0.3979350694547070,0.0003028340854958
2.4085543677521750,0.3979350694547070,-0.0004676920655937
2.4504422698000385,0.3979350694547070,-0.0008792950424068
2.4923301718479025,0.3979350694547070,-0.0007712270430837
2.5342180738957665,0.3979350694547070,-0.0001107451960358
2.5761059759436304,0.3979350694547070,0.0009579287448180
2.6179938779914940,0.3979350694547070,0.0021140507976978
2.6598817800393584,0.3979350694547070,0.0029339123521757
2.7017696820872219,0.3979350694547070,0.0030359303915550
2.7436575841350863,0.3979350694547070,0.0022536828024529
2.7855454861829498,0.3979350694547070,0.0007542723584018
2.8274333882308138,0.3979350694547070,-0.0009824713429674
2.8693212902786778,0.3979350694547070,-0.0023473858118417
2.9112091923265417,0.3979350694547070,-0.0028706517322037
2.9530970943744053,0.3979350694547070,-0.0024341530285561
2.9949849964222697,0.3979350694547070,-0.0013182579364579
3.0368728984701332,0.3979350694547070,-0.0000788049412912
3.0787608005179976,0.3979350694547070,0.0006660039723062
3.1206487025658611,0.3979350694547070,0.0004727669660995
0.0209439510239320,0.4398229715025710,0.0005163279141506
0.0628318530717960,0.4398229715025710,0.0006938271765283
0.1047197551196597,0.4398229715025710,0.0000866847329657
0.1466076571675237,0.4398229715025710,-0.0009459285142175
0.1884955592153876,0.4398229715025710,-0.0019455209245509
0.2303834612632514,0.4398229715025710,-0.0024195754655740
0.2722713633111153,0.4398229715025710,-0.0020569485245838
0.3141592653589793,0.4398229715025710,-0.0008770066140169
0.3560471674068433,0.4398229715025710,0.0007954914462522
0.3979350694547070,0.4398229715025710,0.0024891452856797
0.4398229715025710,0.4398229715025710,0.0037709121815981
0.4817108735504350,0.4398229715025710,0.0043759774810797
0.5235987755982989,0.4398229715025710,0.0042582823965747
0.5654866776461627,0.4398229715025710,0.0035724972570317
0.6073745796940266,0.4398229715025710,0.0026068599140183
0.6492624817418906,0.4398229715025710,0.0016889457442195
0.6911503837897545,0.4398229715025710,0.0010908685198086
0.7330382858376183,0.4398229715025710,0.0009598430070503
0.7749261878854823,0.4398229715025710,0.0012904376039071
0.8168140899333461,0.4398229715025710,0.0019406549167267
0.8587019919812100,0.4398229715025710,0.0026818114862504
0.9005898940290740,0.4398229715025710,0.0032654504655552
0.9424777960769379,0.4398229715025710,0.0034891964188197
0.9843656981248019,0.4398229715025710,0.0032460827363572
1.0262536001726656,0.4398229715025710,0.0025470213655714
1.0681415022205296,0.4398229715025710,0.0015127639065871
1.1100294042683936,0.4398229715025710,0.0003390639449774
1.1519173063162575,0.4398229715025710,-0.0007544994785096
1.1938052083641213,0.4398229715025710,-0.0015773521268070
1.2356931104119853,0.4398229715025710,-0.0020079058600242
1.2775810124598492,0.4398229715025710,-0.0020112783455544
1.3194689145077132,0.4398229715025710,-0.0016334848112239
1.3613568165555769,0.4398229715025710,-0.0009784639002930
1.4032447186034409,0.4398229715025710,-0.0001781984472908
1.4451326206513049,0.4398229715025710,0.0006345964625541
1.4870205226991688,0.4398229715025710,0.0013457097603424
1.5289084247470326,0.4398229715025710,0.0018696271061504
1.5707963267948966,0.4398229715025710,0.0021528332504864
1.6126842288427605,0.4398229715025710,0.0021734812738708
1.6545721308906245,0.4398229715025710,0.0019402219557015
1.6964600329384882,0.4398229715025710,0.0014916178648280
1.7383479349863524,0.4398229715025710,0.0008957336235884
1.7802358370342162,0.4398229715025710,0.0002476563384481
1.8221237390820799,0.4398229715025710,-0.0003382714715348
1.8640116411299441,0.4398229715025710,-0.0007437826333851
1.9058995431778079,0.4398229715025710,-0.0008687278565311
1.9477874452256716,0.4398229715025710,-0.0006549542413876
1.9896753472735358,0.4398229715025710,-0.0001046410552752
2.0315632493213993,0.4398229715025710,0.0007134371135642
2.0734511513692637,0.4398229715025710,0.0016724094910388
2.1153390534171272,0.4398229715025710,0.0026087881893591
2.1572269554649912,0.4398229715025710,0.0033523671842686
2.1991148575128552,0.4398229715025710,0.0037593587570584
2.2410027595607191,0.4398229715025710,0.0037438715039195
2.2828906616085827,0.4398229715025710,0.0033026659736368
2.3247785636564471,0.4398229715025710,0.0025273063086857
2.3666664657043106,0.4398229715025710,0.0015974391248390
2.4085543677521750,0.4398229715025710,0.0007504855249461
2.4504422698000385,0.4398229715025710,0.0002275160009892
2.4923301718479025,0.4398229715025710,0.0002026008211216
2.5342180738957665,0.4398229715025710,0.0007125551161460
2.5761059759436304,0.4398229715025710,0.0016127847984921
2.6179938779914940,0.4398229715025710,0.0025870305671307
2.6598817800393584,0.4398229715025710,0.0032277947836881
2.7017696820872219,0.4398229715025710,0.0031789417296948
2.7436575841350863,0.4398229715025710,0.0022985764491756
2.7855454861829498,0.4398229715025710,0.0007698685977617
2.8274333882308138,0.4398229715025710,-0.0009190777420280
2.8693212902786778,0.4398229715025710,-0.0021584710501199
2.9112091923265417,0.4398229715025710,-0.0024977349033277
2.9530970943744053,0.4398229715025710,-0.0018757877012665
2.9949849964222697,0.4398229715025710,-0.0006627596440447
3.0368728984701332,0.4398229715025710,0.0005121572740849
3.0787608005179976,0.4398229715025710,0.0010406499713016
3.1206487025658611,0.4398229715025710,0.0005844960103751
0.0209439510239320,0.4817108735504350,0.0006354348441079
0.0628318530717960,0.4817108735504350,0.0009242036068632
0.1047197551196597,0.4817108735504350,0.0002224259438903
0.1466076571675237,0.4817108735504350,-0.0009647595375364
0.1884955592153876,0.4817108735504350,-0.0019963341188221
0.2303834612632514,0.4817108735504350,-0.0023190318960888
0.2722713633111153,0.4817108735504350,-0.0016997047440435
0.3141592653589793,0.4817108735504350,-0.0002921455664890
0.3560471674068433,0.4817108735504350,0.0014753603377882
0.3979350694547070,0.4817108735504350,0.0030965741731825
0.4398229715025710,0.4817108735504350,0.0041632606980877
0.4817108735504350,0.4817108735504350,0.0044682576286816
0.5235987755982989,0.4817108735504350,0.0040343284571907
0.5654866776461627,0.4817108735504350,0.0030842984693278
0.6073745796940266,0.4817108735504350,0.0019650176045620
0.6492624817418906,0.4817108735504350,0.0010414116206934
0.6911503837897545,0.4817108735504350,0.0005890030207110
0.7330382858376183,0.4817108735504350,0.0007177571230788
0.7749261878854823,0.4817108735504350,0.0013492961481669
0.8168140899333461,0.4817108735504350,0.0022504062559470
0.8587019919812100,0.4817108735504350,0.0031086862136038
0.9005898940290740,0.4817108735504350,0.0036263575024040
0.9424777960769379,0.4817108735504350,0.0036058459108201
0.9843656981248019,0.4817108735504350,0.0030042101031214
1.0262536001726656,0.4817108735504350,0.0019416715153000
1.0681415022205296,0.4817108735504350,0.0006617154615898
1.1100294042683936,0.4817108735504350,-0.0005450261954567
1.1519173063162575,0.4817108735504350,-0.0014276908856719
1.1938052083641213,0.4817108735504350,-0.0018422687611288
1.2356931104119853,0.4817108735504350,-0.0017759826315736
1.2775810124598492,0.4817108735504350,-0.0013249747334352
1.3194689145077132,0.4817108735504350,-0.0006417903374872
1.3613568165555769,0.4817108735504350,0.0001201802078208
1.4032447186034409,0.4817108735504350,0.0008427528245627
1.4451326206513049,0.4817108735504350,0.0014525496930107
1.4870205226991688,0.4817108735504350,0.0019125712021438
1.5289084247470326,0.4817108735504350,0.0022094548500258
1.5707963267948966,0.4817108735504350,0.0023445827659759
1.6126842288427605,0.4817108735504350,0.0023285929321306
1.6545721308906245,0.4817108735504350,0.0021753905095389
1.6964600329384882,0.4817108735504350,0.0018953224986585
1.7383479349863524,0.4817108735504350,0.0014931943387380
1.7802358370342162,0.4817108735504350,0.0009781119496434
1.8221237390820799,0.4817108735504350,0.0003846136447375
1.8640116411299441,0.4817108735504350,-0.0002074661126503
1.9058995431778079,0.4817108735504350,-0.0006723688191690
1.9477874452256716,0.4817108735504350,-0.0008665487115113
1.9896753472735358,0.4817108735504350,-0.0006776737631600
2.0315632493213993,0.4817108735504350,-0.0000728150973150
2.0734511513692637,0.4817108735504350,0.0008766685765758
2.1153390534171272,0.4817108735504350,0.0020045582576835
2.1572269554649912,0.4817108735504350,0.0030893679580319
2.1991148575128552,0.4817108735504350,0.0039100807208832
2.2410027595607191,0.4817108735504350,0.0043020555641833
2.2828906616085827,0.4817108735504350,0.0041999245021083
2.3247785636564471,0.4817108735504350,0.0036581052007012
2.3666664657043106,0.4817108735504350,0.0028432169531254
2.4085543677521750,0.4817108735504350,0.0019968524540102
2.4504422698000385,0.4817108735504350,0.0013728895540335
2.4923301718479025,0.4817108735504350,0.0011613734467941
2.5342180738957665,0.4817108735504350,0.0014195944200610
2.5761059759436304,0.4817108735504350,0.0020357652873582
2.6179938779914940,0.4817108735504350,0.0027455862252044
2.6598817800393584,0.4817108735504350,0.0032060253426889
2.7017696820872219,0.4817108735504350,0.0031124226352759
2.7436575841350863,0.4817108735504350,0.0023312266514779
2.7855454861829498,0.4817108735504350,0.0010027339962231
2.8274333882308138,0.4817108735504350,-0.0004533366152963
2.8693212902786778,0.4817108735504350,-0.0014817800414901
2.9112091923265417,0.4817108735504350,-0.0016554019255570
2.9530970943744053,0.4817108735504350,-0.0009257414166259
2.9949849964222697,0.4817108735504350,0.0003015845122658
3.0368728984701332,0.4817108735504350,0.0013413959211114
3.0787608005179976,0.4817108735504350,0.0015690938949521
3.1206487025658611,0.4817108735504350,0.0007395713503696
0.0209439510239320,0.5235987755982989,0.0007805572875821
0.0628318530717960,0.5235987755982989,0.0012016030805946
0.1047197551196597,0.5235987755982989,0.0005013505970947
0.1466076571675237,0.5235987755982989,-0.0006468803780277
0.1884955592153876,0.5235987755982989,-0.0015246190024314
0.2303834612632514,0.5235987755982989,-0.0016469633903777
0.2722713633111153,0.5235987755982989,-0.0009192830174800
0.3141592653589793,0.5235987755982989,0.0004021857663719
0.3560471674068433,0.5235987755982989,0.0018794909180748
0.3979350694547070,0.5235987755982989,0.0030802487327266
0.4398229715025710,0.5235987755982989,0.0037070260139149
0.4817108735504350,0.5235987755982989,0.0036538912355910
0.5235987755982989,0.5235987755982989,0.0030104944429690
0.5654866776461627,0.5235987755982989,0.0020292750984523
0.6073745796940266,0.5235987755982989,0.0010555581830372
0.6492624817418906,0.5235987755982989,0.0004255524369303
0.6911503837897545,0.5235987755982989,0.0003594730394463
0.7330382858376183,0.5235987755982989,0.0008890968188253
0.7749261878854823,0.5235987755982989,0.0018479559471321
0.8168140899333461,0.5235987755982989,0.0029276187756200
0.8587019919812100,0.5235987755982989,0.0037802561676668
0.9005898940290740,0.5235987755982989,0.0041338105252779
0.9424777960769379,0.5235987755982989,0.0038823495834355
0.9843656981248019,0.5235987755982989,0.0031195467843248
1.0262536001726656,0.5235987755982989,0.0020983209174603
1.0681415022205296,0.5235987755982989,0.0011256005328659
1.1100294042683936,0.5235987755982989,0.0004329625743170
1.1519173063162575,0.5235987755982989,0.0000853795515456
1.1938052083641213,0.5235987755982989,-0.0000186069835014
1.2356931104119853,0.5235987755982989,-0.0000483802492510
1.2775810124598492,0.5235987755982989,-0.0001037896521149
1.3194689145077132,0.5235987755982989,-0.0001411953347462
1.3613568165555769,0.5235987755982989,-0.0000323506478258
1.4032447186034409,0.5235987755982989,0.0002903658600242
1.4451326206513049,0.5235987755982989,0.0007446048151116
1.4870205226991688,0.5235987755982989,0.0011499777216562
1.5289084247470326,0.5235987755982989,0.0013476239148329
1.5707963267948966,0.5235987755982989,0.0012650283993025
1.6126842288427605,0.5235987755982989,0.0009093025249978
1.6545721308906245,0.5235987755982989,0.0003545975234937
1.6964600329384882,0.5235987755982989,-0.0002443379932847
1.7383479349863524,0.5235987755982989,-0.0006633933806100
1.7802358370342162,0.5235987755982989,-0.0007127040654663
1.8221237390820799,0.5235987755982989,-0.0003822395498686
1.8640116411299441,0.5235987755982989,0.0001297391848665
1.9058995431778079,0.5235987755982989,0.0005640311185026
1.9477874452256716,0.5235987755982989,0.0007902380327277
1.9896753472735358,0.5235987755982989,0.0008775473813568
2.0315632493213993,0.5235987755982989,0.0010175151701448
2.0734511513692637,0.5235987755982989,0.0013838617029500
2.1153390534171272,0.5235987755982989,0.0020266413688528
2.1572269554649912,0.5235987755982989,0.0028474709893387
2.1991148575128552,0.5235987755982989,0.0036475974828460
2.2410027595607191,0.5235987755982989,0.0042115436157499
2.2828906616085827,0.5235987755982989,0.0043878413613618
2.3247785636564471,0.5235987755982989,0.0041411397773516
2.3666664657043106,0.5235987755982989,0.0035635702094960
2.4085543677521750,0.5235987755982989,0.0028442740632253
2.4504422698000385,0.5235987755982989,0.0022064903190988
2.4923301718479025,0.5235987755982989,0.0018318333778882
2.5342180738957665,0.5235987755982989,0.0017979050625181
2.5761059759436304,0.5235987755982989,0.0020523632874072
2.6179938779914940,0.5235987755982989,0.0024309048988558
2.6598817800393584,0.5235987755982989,0.0027073163314628
2.7017696820872219,0.5235987755982989,0.0026606485920886
2.7436575841350863,0.5235987755982989,0.0021586652714096
2.7855454861829498,0.5235987755982989,0.0012504953599430
2.8274333882308138,0.5235987755982989,0.0002157630456439
2.8693212902786778,0.5235987755982989,-0.0005079740108460
2.9112091923265417,0.5235987755982989,-0.0005371394814033
2.9530970943744053,0.5235987755982989,0.0002028030580992
2.9949849964222697,0.5235987755982989,0.0013464154229306
3.0368728984701332,0.5235987755982989,0.0022090436086452
3.0787608005179976,0.5235987755982989,0.0021391313466690
3.1206487025658611,0.5235987755982989,0.0009215057387306
0.0209439510239320,0.5654866776461627,0.0009173214043715
0.0628318530717960,0.5654866776461627,0.0014991987665839
0.1047197551196597,0.5654866776461627,0.0009388176657872
0.1466076571675237,0.5654866776461627,0.0000117254459859
0.1884955592153876,0.5654866776461627,-0.0006119212956353
0.2303834612632514,0.5654866776461627,-0.0005987980364044
0.2722713633111153,0.5654866776461627,0.0000099206500086
0.3141592653589793,0.5654866776461627,0.0009274578100258
0.3560471674068433,0.5654866776461627,0.0018057002437315
0.3979350694547070,0.5654866776461627,0.0023754910138414
0.4398229715025710,0.5654866776461627,0.0025056876375955
0.4817108735504350,0.5654866776461627,0.0022029496187574
0.5235987755982989,0.5654866776461627,0.0015922043755650
0.5654866776461627,0.5654866776461627,0.0008919110909007
0.6073745796940266,0.5654866776461627,0.0003681911530617
0.6492624817418906,0.5654866776461627,0.0002571398691806
0.6911503837897545,0.5654866776461627,0.0006772375765449
0.7330382858376183,0.5654866776461627,0.0015743105489967
0.7749261878854823,0.5654866776461627,0.0027300965654857
0.8168140899333461,0.5654866776461627,0.0038357974254968
0.8587019919812100,0.5654866776461627,0.0046050092446746
0.9005898940290740,0.5654866776461627,0.0048837210851356
0.9424777960769379,0.5654866776461627,0.0047078969965628
0.9843656981248019,0.5654866776461627,0.0042673204322563
1.0262536001726656,0.5654866776461627,0.0037720452173178
1.0681415022205296,0.5654866776461627,0.0032877344067378
1.1100294042683936,0.5654866776461627,0.0026766920693178
1.1519173063162575,0.5654866776461627,0.0017811816197063
1.1938052083641213,0.5654866776461627,0.0008087884555293
1.2356931104119853,0.5654866776461627,0.0004651851093365
1.2775810124598492,0.5654866776461627,0.0011341867616356
1.3194689145077132,0.5654866776461627,0.0016913831265413
1.3613568165555769,0.5654866776461627,0.0010620508375106
1.4032447186034409,0.5654866776461627,0.0012336023082510
1.4451326206513049,0.5654866776461627,0.0027071751419459
1.4870205226991688,0.5654866776461627,0.0015073903484200
1.5289084247470326,0.5654866776461627,-0.0002255999368456
1.5707963267948966,0.5654866776461627,-0.0006350128523491
1.6126842288427605,0.5654866776461627,-0.0006597144018516
1.6545721308906245,0.5654866776461627,0.0006936602050623
1.6964600329384882,0.5654866776461627,0.0012448416991932
1.7383479349863524,0.5654866776461627,-0.0007209109297246
1.7802358370342162,0.5654866776461627,-0.0009468640931598
1.8221237390820799,0.5654866776461627,-0.0003472753173684
1.8640116411299441,0.5654866776461627,-0.0007287802146168
1.9058995431778079,0.5654866776461627,-0.0007288718435414
1.9477874452256716,0.5654866776461627,0.0005040934652527
1.9896753472735358,0.5654866776461627,0.0021774229999381
2.0315632493213993,0.5654866776461627,0.0033861512008464
2.0734511513692637,0.5654866776461627,0.0039141758574311
2.1153390534171272,0.5654866776461627,0.0040225532993432
2.1572269554649912,0.5654866776461627,0.0040268777427352
2.1991148575128552,0.5654866776461627,0.0040744845915248
2.2410027595607191,0.5654866776461627,0.0041374996661454
2.2828906616085827,0.5654866776461627,0.0041091835509088
2.3247785636564471,0.5654866776461627,0.0039039987636431
2.3666664657043106,0.5654866776461627,0.0035124711073364
2.4085543677521750,0.5654866776461627,0.0030031462022027
2.4504422698000385,0.5654866776461627,0.0024862735517062
2.4923301718479025,0.5654866776461627,0.0020642908741886
2.5342180738957665,0.5654866776461627,0.0017956510060197
2.5761059759436304,0.5654866776461627,0.0016869057254998
2.6179938779914940,0.5654866776461627,0.0017045133658011
2.6598817800393584,0.5654866776461627,0.0017817082685667
2.7017696820872219,0.5654866776461627,0.0018143515656899
2.7436575841350863,0.5654866776461627,0.0016815615597605
2.7855454861829498,0.5654866776461627,0.0013245261051127
2.8274333882308138,0.5654866776461627,0.0008425106713781
2.8693212902786778,0.5654866776461627,0.0005047188038509
2.9112091923265417,0.5654866776461627,0.0006167976764337
2.9530970943744053,0.5654866776461627,0.0012913499749343
2.9949849964222697,0.5654866776461627,0.0022665307077978
3.0368728984701332,0.5654866776461627,0.0029324660691461
3.0787608005179976,0.5654866776461627,0.0026279061583064
3.1206487025658611,0.5654866776461627,0.0010957404902072
0.0209439510239320,0.6073745796940266,0.0010257715074888
0.0628318530717960,0.6073745796940266,0.0017984107044202
0.1047197551196597,0.6073745796940266,0.0015005949358371
0.1466076571675237,0.6073745796940266,0.0009056417220861
0.1884955592153876,0.6073745796940266,0.0005394747291787
0.2303834612632514,0.6073745796940266,0.0005595536487832
0.2722713633111153,0.6073745796940266,0.0008352479326659
0.3141592653589793,0.6073745796940266,0.0011302864538982
0.3560471674068433,0.6073745796940266,0.0012644965732798
0.3979350694547070,0.6073745796940266,0.0011832082429151
0.4398229715025710,0.6073745796940266,0.0009358964889761
0.4817108735504350,0.6073745796940266,0.0006179530745589
0.5235987755982989,0.6073745796940266,0.0003326301417035
0.5654866776461627,0.6073745796940266,0.0001866683732139
0.6073745796940266,0.6073745796940266,0.0002886290659343
0.6492624817418906,0.6073745796940266,0.0007211315696218
0.6911503837897545,0.6073745796940266,0.0014971377030248
0.7330382858376183,0.6073745796940266,0.0025343766368640
0.7749261878854823,0.6073745796940266,0.0036697830987316
0.8168140899333461,0.6073745796940266,0.0047133646886632
0.8587019919812100,0.6073745796940266,0.0055241301917002
0.9005898940290740,0.6073745796940266,0.0060647314271398
0.9424777960769379,0.6073745796940266,0.0063678723188081
0.9843656981248019,0.6073745796940266,0.0063885902466685
1.0262536001726656,0.6073745796940266,0.0058707196129069
1.0681415022205296,0.6073745796940266,0.0045668827055141
1.1100294042683936,0.6073745796940266,0.0030494366761989
1.1519173063162575,0.6073745796940266,0.0028460082531438
1.1938052083641213,0.6073745796940266,0.0026088009888383
1.2356931104119853,0.6073745796940266,0.0008377215376467
1.2775810124598492,0.6073745796940266,-0.0016280860312796
1.3194689145077132,0.6073745796940266,0.0049716977064818
1.3613568165555769,0.6073745796940266,0.0054011871995891
1.4032447186034409,0.6073745796940266,0.0055912420146374
1.4451326206513049,0.6073745796940266,0.0053562970705437
1.4870205226991688,0.6073745796940266,0.0052267065540585
1.5289084247470326,0.6073745796940266,0.0051895017585143
1.5707963267948966,0.6073745796940266,0.0051333739387281
1.6126842288427605,0.6073745796940266,0.0050319805053717
1.6545721308906245,0.6073745796940266,0.0049584987519067
1.6964600329384882,0.6073745796940266,0.0050454074313082
1.7383479349863524,0.6073745796940266,0.0052687318599736
1.7802358370342162,0.6073745796940266,0.0049310831570470
1.8221237390820799,0.6073745796940266,0.0039471158679524
1.8640116411299441,0.6073745796940266,-0.0021528651832200
1.9058995431778079,0.6073745796940266,-0.0003439466910339
1.9477874452256716,0.6073745796940266,0.0015934298504673
1.9896753472735358,0.6073745796940266,0.0020433780415460
2.0315632493213993,0.6073745796940266,0.0030763940539121
2.0734511513692637,0.6073745796940266,0.0052714968991751
2.1153390534171272,0.6073745796940266,0.0067039362707745
2.1572269554649912,0.6073745796940266,0.0068252272156369
2.1991148575128552,0.6073745796940266,0.0061018992650803
2.2410027595607191,0.6073745796940266,0.0050976629874397
2.2828906616085827,0.6073745796940266,0.0041450109890142
2.3247785636564471,0.6073745796940266,0.0033740510800664
2.3666664657043106,0.6073745796940266,0.0028085358531837
2.4085543677521750,0.6073745796940266,0.0024165841071053
2.4504422698000385,0.6073745796940266,0.0021258783081990
2.4923301718479025,0.6073745796940266,0.0018469006650921
2.5342180738957665,0.6073745796940266,0.0015192187991793
2.5761059759436304,0.6073745796940266,0.0011559097793405
2.6179938779914940,0.6073745796940266,0.0008477434073786
2.6598817800393584,0.6073745796940266,0.0007060800009393
2.7017696820872219,0.6073745796940266,0.0007705683127677
2.7436575841350863,0.6073745796940266,0.0009607466380390
2.7855454861829498,0.6073745796940266,0.0011349905267650
2.8274333882308138,0.6073745796940266,0.0012200347379032
2.8693212902786778,0.6073745796940266,0.0012975285319941
2.9112091923265417,0.6073745796940266,0.0015606887269197
2.9530970943744053,0.6073745796940266,0.0021433106091819
2.9949849964222697,0.6073745796940266,0.0029150247911469
3.0368728984701332,0.6073745796940266,0.0033989623916513
3.0787608005179976,0.6073745796940266,0.0029522852539472
3.1206487025658611,0.6073745796940266,0.0012272726041457
0.0209439510239320,0.6492624817418906,0.0010950176038086
0.0628318530717960,0.6492624817418906,0.0020682461385105
0.1047197551196597,0.6492624817418906,0.0020960619297636
0.1466076571675237,0.6492624817418906,0.0018549035793156
0.1884955592153876,0.6492624817418906,0.0016820840144478
0.2303834612632514,0.6492624817418906,0.0015833043592026
0.2722713633111153,0.6492624817418906,0.0014029723937552
0.3141592653589793,0.6492624817418906,0.0010208716403945
0.3560471674068433,0.6492624817418906,0.0004640163952758
0.3979350694547070,0.6492624817418906,-0.0001044458256869
0.4398229715025710,0.6492624817418906,-0.0004840940049871
0.4817108735504350,0.6492624817418906,-0.0005457467427341
0.5235987755982989,0.6492624817418906,-0.0002789735412101
0.5654866776461627,0.6492624817418906,0.0002370589843621
0.6073745796940266,0.6492624817418906,0.0008984903360703
0.6492624817418906,0.6492624817418906,0.0016307096450072
0.6911503837897545,0.6492624817418906,0.0024154433854653
0.7330382858376183,0.6492624817418906,0.0032853427687609
0.7749261878854823,0.6492624817418906,0.0042806737205425
0.8168140899333461,0.6492624817418906,0.0053978172741100
0.8587019919812100,0.6492624817418906,0.0065609600738517
0.9005898940290740,0.6492624817418906,0.0075656053104071
0.9424777960769379,0.6492624817418906,0.0079547205087583
0.9843656981248019,0.6492624817418906,0.0071222793748528
1.0262536001726656,0.6492624817418906,0.0053933827309015
1.0681415022205296,0.6492624817418906,0.0050827922937770
1.1100294042683936,0.6492624817418906,0.0038312327709243
1.1519173063162575,0.6492624817418906,0.0031886469590903
1.1938052083641213,0.6492624817418906,0.0055917562747262
1.2356931104119853,0.6492624817418906,0.0056631898643370
1.2775810124598492,0.6492624817418906,0.0047454776012958
1.3194689145077132,0.6492624817418906,0.0048234004814613
1.3613568165555769,0.6492624817418906,0.0054856357492807
1.4032447186034409,0.6492624817418906,0.0060198219423838
1.4451326206513049,0.6492624817418906,0.0063139200406618
1.4870205226991688,0.6492624817418906,0.0064051893763652
1.5289084247470326,0.6492624817418906,0.0063282466091914
1.5707963267948966,0.6492624817418906,0.0061167817723717
1.6126842288427605,0.6492624817418906,0.0058204895960934
1.6545721308906245,0.6492624817418906,0.0055067827222758
1.6964600329384882,0.6492624817418906,0.0052434823837885
1.7383479349863524,0.6492624817418906,0.0050628105516013
1.7802358370342162,0.6492624817418906,0.0049332104409826
1.8221237390820799,0.6492624817418906,0.0048803663811086
1.8640116411299441,0.6492624817418906,0.0054312041530436
1.9058995431778079,0.6492624817418906,0.0066680075346096
1.9477874452256716,0.6492624817418906,0.0061470049574341
1.9896753472735358,0.6492624817418906,0.0043169522731547
2.0315632493213993,0.6492624817418906,0.0044068092898702
2.0734511513692637,0.6492624817418906,0.0053783471067262
2.1153390534171272,0.6492624817418906,0.0061738028011049
2.1572269554649912,0.6492624817418906,0.0081437091109400
2.1991148575128552,0.6492624817418906,0.0085797018627942
2.2410027595607191,0.6492624817418906,0.0072818845801325
2.2828906616085827,0.6492624817418906,0.0052284462482575
2.3247785636564471,0.6492624817418906,0.0032876066379204
2.3666664657043106,0.6492624817418906,0.0019377026156995
2.4085543677521750,0.6492624817418906,0.0013002963531472
2.4504422698000385,0.6492624817418906,0.0011958911122198
2.4923301718479025,0.6492624817418906,0.0012589677674422
2.5342180738957665,0.6492624817418906,0.0011540756821173
2.5761059759436304,0.6492624817418906,0.0007728786885033
2.6179938779914940,0.6492624817418906,0.0002657524960181
2.6598817800393584,0.6492624817418906,-0.0000955721429179
2.7017696820872219,0.6492624817418906,-0.0001133819714134
2.7436575841350863,0.6492624817418906,0.0002166318771053
2.7855454861829498,0.6492624817418906,0.0007347874283039
2.8274333882308138,0.6492624817418906,0.0012530601183860
2.8693212902786778,0.6492624817418906,0.0016881266018396
2.9112091923265417,0.6492624817418906,0.0021035560895728
2.9530970943744053,0.6492624817418906,0.0026221687671566
2.9949849964222697,0.6492624817418906,0.0032297637116709
3.0368728984701332,0.6492624817418906,0.0035879061557491
3.0787608005179976,0.6492624817418906,0.0030809592444362
3.1206487025658611,0.6492624817418906,0.0012857438860754
0.0209439510239320,0.6911503837897545,0.0011188361022510
0.0628318530717960,0.6911503837897545,0.0022649526757288
0.1047197551196597,0.6911503837897545,0.0026049811944622
0.1466076571675237,0.6911503837897545,0.0026635500987868
0.1884955592153876,0.6911503837897545,0.0025967914665068
0.2303834612632514,0.6911503837897545,0.0023117419792971
0.2722713633111153,0.6911503837897545,0.0016873733124054
0.3141592653589793,0.6911503837897545,0.0007522014430199
0.3560471674068433,0.6911503837897545,-0.0002679921106656
0.3979350694547070,0.6911503837897545,-0.0010373639222361
0.4398229715025710,0.6911503837897545,-0.0012715224663413
0.4817108735504350,0.6911503837897545,-0.0008806059410627
0.5235987755982989,0.6911503837897545,-0.0000139628512361
0.5654866776461627,0.6911503837897545,0.0010162373989515
0.6073745796940266,0.6911503837897545,0.0018920218699898
0.6492624817418906,0.6911503837897545,0.0024626452641225
0.6911503837897545,0.6911503837897545,0.0028535929877995
0.7330382858376183,0.6911503837897545,0.0034030432131589
0.7749261878854823,0.6911503837897545,0.0044135116085804
0.8168140899333461,0.6911503837897545,0.0058905448926592
0.8587019919812100,0.6911503837897545,0.0073761454879333
0.9005898940290740,0.6911503837897545,0.0079040443156284
0.9424777960769379,0.6911503837897545,0.0067288343402511
0.9843656981248019,0.6911503837897545,0.0058094916875143
1.0262536001726656,0.6911503837897545,0.0061535099695642
1.0681415022205296,0.6911503837897545,0.0054139576558938
1.1100294042683936,0.6911503837897545,0.0058315605153021
1.1519173063162575,0.6911503837897545,0.0057553691982668
1.1938052083641213,0.6911503837897545,0.0049361910772189
1.2356931104119853,0.6911503837897545,0.0054036420887548
1.2775810124598492,0.6911503837897545,0.0056448237090875
1.3194689145077132,0.6911503837897545,0.0057291692236001
1.3613568165555769,0.6911503837897545,0.0058778780275294
1.4032447186034409,0.6911503837897545,0.0060801173741251
1.4451326206513049,0.6911503837897545,0.0062376659663352
1.4870205226991688,0.6911503837897545,0.0062595061679714
1.5289084247470326,0.6911503837897545,0.0060937027980975
1.5707963267948966,0.6911503837897545,0.0057347631413433
1.6126842288427605,0.6911503837897545,0.0052230393681953
1.6545721308906245,0.6911503837897545,0.0046408757800420
1.6964600329384882,0.6911503837897545,0.0041062360018021
1.7383479349863524,0.6911503837897545,0.0037625576625248
1.7802358370342162,0.6911503837897545,0.0037590920977096
1.8221237390820799,0.6911503837897545,0.0042028360324816
1.8640116411299441,0.6911503837897545,0.0050401727120735
1.9058995431778079,0.6911503837897545,0.0058851850741425
1.9477874452256716,0.6911503837897545,0.0064230766447823
1.9896753472735358,0.6911503837897545,0.0078548755388178
2.0315632493213993,0.6911503837897545,0.0076751368312940
2.0734511513692637,0.6911503837897545,0.0078052375957846
2.1153390534171272,0.6911503837897545,0.0074382796938700
2.1572269554649912,0.6911503837897545,0.0067040744540191
2.1991148575128552,0.6911503837897545,0.0077160854873302
2.2410027595607191,0.6911503837897545,0.0085038815046514
2.2828906616085827,0.6911503837897545,0.0069401485048952
2.3247785636564471,0.6911503837897545,0.0041223353973199
2.3666664657043106,0.6911503837897545,0.0015596434433207
2.4085543677521750,0.6911503837897545,0.0001235503558534
2.4504422698000385,0.6911503837897545,-0.0000831284755722
2.4923301718479025,0.6911503837897545,0.0004073017059765
2.5342180738957665,0.6911503837897545,0.0008465311003489
2.5761059759436304,0.6911503837897545,0.0007962966767947
2.6179938779914940,0.6911503837897545,0.0003228445557446
2.6598817800393584,0.6911503837897545,-0.0002071709797842
2.7017696820872219,0.6911503837897545,-0.0004426755875655
2.7436575841350863,0.6911503837897545,-0.0002439607269618
2.7855454861829498,0.6911503837897545,0.0003019603989953
2.8274333882308138,0.6911503837897545,0.0009877985935520
2.8693212902786778,0.6911503837897545,0.0016284978529875
2.9112091923265417,0.6911503837897545,0.0021721918456779
2.9530970943744053,0.6911503837897545,0.0027015095705274
2.9949849964222697,0.6911503837897545,0.0032519706789946
3.0368728984701332,0.6911503837897545,0.0035410483679945
3.0787608005179976,0.6911503837897545,0.0029977616330342
3.1206487025658611,0.6911503837897545,0.0012489098581195
0.0209439510239320,0.7330382858376183,0.0010950413193969
0.0628318530717960,0.7330382858376183,0.0023491835681633
0.1047197551196597,0.7330382858376183,0.0029219369744886
0.1466076571675237,0.7330382858376183,0.0031793322988243
0.1884955592153876,0.7330382858376183,0.0031458592961315
0.2303834612632514,0.7330382858376183,0.0026933763971024
0.2722713633111153,0.7330382858376183,0.0017726125669477
0.3141592653589793,0.7330382858376183,0.0005509074049463
0.3560471674068433,0.7330382858376183,-0.0006029616393337
0.3979350694547070,0.7330382858376183,-0.0012642619915550
0.4398229715025710,0.7330382858376183,-0.0011521007273831
0.4817108735504350,0.7330382858376183,-0.0002862015640295
0.5235987755982989,0.7330382858376183,0.0009848750615333
0.5654866776461627,0.7330382858376183,0.0021217640031930
0.6073745796940266,0.7330382858376183,0.0026738820663497
0.6492624817418906,0.7330382858376183,0.0026049960831627
0.6911503837897545,0.7330382858376183,0.0024274591601008
0.7330382858376183,0.7330382858376183,0.0028686532606248
0.7749261878854823,0.7330382858376183,0.0042236221745553
0.8168140899333461,0.7330382858376183,0.0058757418536542
0.8587019919812100,0.7330382858376183,0.0063375304337586
0.9005898940290740,0.7330382858376183,0.0050533203349947
0.9424777960769379,0.7330382858376183,0.0058945107407300
0.9843656981248019,0.7330382858376183,0.0047565343626702
1.0262536001726656,0.7330382858376183,0.0083920341888800
1.0681415022205296,0.7330382858376183,0.0063441763437892
1.1100294042683936,0.7330382858376183,0.0055591833100405
1.1519173063162575,0.7330382858376183,0.0058792810094291
1.1938052083641213,0.7330382858376183,0.0055591649162721
1.2356931104119853,0.7330382858376183,0.0052501948307210
1.2775810124598492,0.7330382858376183,0.0053235821043344
1.3194689145077132,0.7330382858376183,0.0056920033671088
1.3613568165555769,0.7330382858376183,0.0061788911809207
1.4032447186034409,0.7330382858376183,0.0066329521220990
1.4451326206513049,0.7330382858376183,0.0069426069927753
1.4870205226991688,0.7330382858376183,0.0070342624881721
1.5289084247470326,0.7330382858376183,0.0068719616315388
1.5707963267948966,0.7330382858376183,0.0064583064418728
1.6126842288427605,0.7330382858376183,0.0058341719049794
1.6545721308906245,0.7330382858376183,0.0050755661036384
1.6964600329384882,0.7330382858376183,0.0042872004411951
1.7383479349863524,0.7330382858376183,0.0035935084365371
1.7802358370342162,0.7330382858376183,0.0031289782040210
1.8221237390820799,0.7330382858376183,0.0030301083842899
1.8640116411299441,0.7330382858376183,0.0034276221382316
1.9058995431778079,0.7330382858376183,0.0044167026373815
1.9477874452256716,0.7330382858376183,0.0059139387840926
1.9896753472735358,0.7330382858376183,0.0072722647480544
2.0315632493213993,0.7330382858376183,0.0076374222663376
2.0734511513692637,0.7330382858376183,0.0086299504949197
2.1153390534171272,0.7330382858376183,0.0108538301315967
2.1572269554649912,0.7330382858376183,0.0068634922294182
2.1991148575128552,0.7330382858376183,0.0066338607383092
2.2410027595607191,0.7330382858376183,0.0056626096313016
2.2828906616085827,0.7330382858376183,0.0066310121975617
2.3247785636564471,0.7330382858376183,0.0051566279031967
2.3666664657043106,0.7330382858376183,0.0020471849108932
2.4085543677521750,0.7330382858376183,-0.0005111425344901
2.4504422698000385,0.7330382858376183,-0.0013292401526641
2.4923301718479025,0.7330382858376183,-0.0005896750054326
2.5342180738957665,0.7330382858376183,0.0006153414012113
2.5761059759436304,0.7330382858376183,0.0012848115362598
2.6179938779914940,0.7330382858376183,0.0011662209219796
2.6598817800393584,0.7330382858376183,0.0005965512203674
2.7017696820872219,0.7330382858376183,0.0000493665582457
2.7436575841350863,0.7330382858376183,-0.0001566505796422
2.7855454861829498,0.7330382858376183,0.0000595399196048
2.8274333882308138,0.7330382858376183,0.0005830860735054
2.8693212902786778,0.7330382858376183,0.0012211205601624
2.9112091923265417,0.7330382858376183,0.0018578735831438
2.9530970943744053,0.7330382858376183,0.0025050967415787
2.9949849964222697,0.7330382858376183,0.0030873811090371
3.0368728984701332,0.7330382858376183,0.0032689249488447
3.0787608005179976,0.7330382858376183,0.0026864594984002
3.1206487025658611,0.7330382858376183,0.0011208869075778
0.0209439510239320,0.7749261878854823,0.0010219076647172
0.0628318530717960,0.7749261878854823,0.0023030107771442
0.1047197551196597,0.7749261878854823,0.0030007992240022
0.1466076571675237,0.7749261878854823,0.0033428780152092
0.1884955592153876,0.7749261878854823,0.0033001674953965
0.2303834612632514,0.7749261878854823,0.0027744116920894
0.2722713633111153,0.7749261878854823,0.0017960196826423
0.3141592653589793,0.7749261878854823,0.0006183772696535
0.3560471674068433,0.7749261878854823,-0.0003398252923215
0.3979350694547070,0.7749261878854823,-0.0006681910861417
0.4398229715025710,0.7749261878854823,-0.0001729975073665
0.4817108735504350,0.7749261878854823,0.0009737274600436
0.5235987755982989,0.7749261878854823,0.0022348116404936
0.5654866776461627,0.7749261878854823,0.0029237930523343
0.6073745796940266,0.7749261878854823,0.0026420700178580
0.6492624817418906,0.7749261878854823,0.0017498357153540
0.6911503837897545,0.7749261878854823,0.0013057453809437
0.7330382858376183,0.7749261878854823,0.0021177258092335
0.7749261878854823,0.7749261878854823,0.0036460063126879
0.8168140899333461,0.7749261878854823,0.0039315819596296
0.8587019919812100,0.7749261878854823,0.0027078824746060
0.9005898940290740,0.7749261878854823,0.0049764253605781
0.9424777960769379,0.7749261878854823,0.0064606876413576
0.9843656981248019,0.7749261878854823,0.0053606087339550
1.0262536001726656,0.7749261878854823,0.0058411283144541
1.0681415022205296,0.7749261878854823,0.0063526810313222
1.1100294042683936,0.7749261878854823,0.0059949820237431
1.1519173063162575,0.7749261878854823,0.0052832616441214
1.1938052083641213,0.7749261878854823,0.0050543004786979
1.2356931104119853,0.7749261878854823,0.0052607140957186
1.2775810124598492,0.7749261878854823,0.0057159218096655
1.3194689145077132,0.7749261878854823,0.0062821372548684
1.3613568165555769,0.7749261878854823,0.0068567433831334
1.4032447186034409,0.7749261878854823,0.0073501720513373
1.4451326206513049,0.7749261878854823,0.0076822559042683
1.4870205226991688,0.7749261878854823,0.0077898091332583
1.5289084247470326,0.7749261878854823,0.0076369379282888
1.5707963267948966,0.7749261878854823,0.0072229891410057
1.6126842288427605,0.7749261878854823,0.0065857656410063
1.6545721308906245,0.7749261878854823,0.0057991765117236
1.6964600329384882,0.7749261878854823,0.0049652932656024
1.7383479349863524,0.7749261878854823,0.0042013922500358
1.7802358370342162,0.7749261878854823,0.0036234743248847
1.8221237390820799,0.7749261878854823,0.0033293982460066
1.8640116411299441,0.7749261878854823,0.0033873091903279
1.9058995431778079,0.7749261878854823,0.0038373768726822
1.9477874452256716,0.7749261878854823,0.0047101671732290
1.9896753472735358,0.7749261878854823,0.0060224219647022
2.0315632493213993,0.7749261878854823,0.0075447750105137
2.0734511513692637,0.7749261878854823,0.0081319588981739
2.1153390534171272,0.7749261878854823,0.0075201192884231
2.1572269554649912,0.7749261878854823,0.0067540853397782
2.1991148575128552,0.7749261878854823,0.0082747568878667
2.2410027595607191,0.7749261878854823,0.0050096418475432
2.2828906616085827,0.7749261878854823,0.0026611117402564
2.3247785636564471,0.7749261878854823,0.0038171799040062
2.3666664657043106,0.7749261878854823,0.0027121658636674
2.4085543677521750,0.7749261878854823,-0.0001927849786414
2.4504422698000385,0.7749261878854823,-0.0020125644693316
2.4923301718479025,0.7749261878854823,-0.0015322600229291
2.5342180738957665,0.7749261878854823,0.0003663846284119
2.5761059759436304,0.7749261878854823,0.0020398253471730
2.6179938779914940,0.7749261878854823,0.0026162105407896
2.6598817800393584,0.7749261878854823,0.0022091501901156
2.7017696820872219,0.7749261878854823,0.0013494830889436
2.7436575841350863,0.7749261878854823,0.0005564757306527
2.7855454861829498,0.7749261878854823,0.0001560442266291
2.8274333882308138,0.7749261878854823,0.0002304890318208
2.8693212902786778,0.7749261878854823,0.0006910228070998
2.9112091923265417,0.7749261878854823,0.0014276354816189
2.9530970943744053,0.7749261878854823,0.0022550075799177
2.9949849964222697,0.7749261878854823,0.0027611752897521
3.0368728984701332,0.7749261878854823,0.0027362793803130
3.0787608005179976,0.7749261878854823,0.0021883654358882
3.1206487025658611,0.7749261878854823,0.0009357744610409
0.0209439510239320,0.8168140899333461,0.0008845091058509
0.0628318530717960,0.8168140899333461,0.0021102890035438
0.1047197551196597,0.8168140899333461,0.0028634261416352
0.1466076571675237,0.8168140899333461,0.0032150914529510
0.1884955592153876,0.8168140899333461,0.0031461508506754
0.2303834612632514,0.8168140899333461,0.0026630849964770
0.2722713633111153,0.8168140899333461,0.0018723627177777
0.3141592653589793,0.8168140899333461,0.0010317438978389
0.3560471674068433,0.8168140899333461,0.0004977563478266
0.3979350694547070,0.8168140899333461,0.0005679445806801
0.4398229715025710,0.8168140899333461,0.0012938411693009
0.4817108735504350,0.8168140899333461,0.0023559309786529
0.5235987755982989,0.8168140899333461,0.0031019592021964
0.5654866776461627,0.8168140899333461,0.0028610107106728
0.6073745796940266,0.8168140899333461,0.0015651110916692
0.6492624817418906,0.8168140899333461,0.0002278817429984
0.6911503837897545,0.8168140899333461,0.0002245985658291
0.7330382858376183,0.8168140899333461,0.0014614478376607
0.7749261878854823,0.8168140899333461,0.0016320722173140
0.8168140899333461,0.8168140899333461,0.0003470589412752
0.8587019919812100,0.8168140899333461,0.0032120284846101
0.9005898940290740,0.8168140899333461,0.0056462057483770
0.9424777960769379,0.8168140899333461,0.0051770328213141
0.9843656981248019,0.8168140899333461,0.0057748734953781
1.0262536001726656,0.8168140899333461,0.0065442975185585
1.0681415022205296,0.8168140899333461,0.0058300616597460
1.1100294042683936,0.8168140899333461,0.0052708003946782
1.1519173063162575,0.8168140899333461,0.0051605423662620
1.1938052083641213,0.8168140899333461,0.0052914753665764
1.2356931104119853,0.8168140899333461,0.0055648219382242
1.2775810124598492,0.8168140899333461,0.0059621404827409
1.3194689145077132,0.8168140899333461,0.0064622006803893
1.3613568165555769,0.8168140899333461,0.0070090158405148
1.4032447186034409,0.8168140899333461,0.0075172339078940
1.4451326206513049,0.8168140899333461,0.0078927432951285
1.4870205226991688,0.8168140899333461,0.0080546626849745
1.5289084247470326,0.8168140899333461,0.0079524543905430
1.5707963267948966,0.8168140899333461,0.0075762921114080
1.6126842288427605,0.8168140899333461,0.0069606770033739
1.6545721308906245,0.8168140899333461,0.0061817557090795
1.6964600329384882,0.8168140899333461,0.0053486933787742
1.7383479349863524,0.8168140899333461,0.0045892908369640
1.7802358370342162,0.8168140899333461,0.0040301513341319
1.8221237390820799,0.8168140899333461,0.0037725237648705
1.8640116411299441,0.8168140899333461,0.0038671284356572
1.9058995431778079,0.8168140899333461,0.0042955341020045
1.9477874452256716,0.8168140899333461,0.0049719371783894
1.9896753472735358,0.8168140899333461,0.0057837797867449
2.0315632493213993,0.8168140899333461,0.0066719415276052
2.0734511513692637,0.8168140899333461,0.0076154464396217
2.1153390534171272,0.8168140899333461,0.0079923952619319
2.1572269554649912,0.8168140899333461,0.0063929994564651
2.1991148575128552,0.8168140899333461,0.0053164549611320
2.2410027595607191,0.8168140899333461,0.0059174169970102
2.2828906616085827,0.8168140899333461,0.0021698312319690
2.3247785636564471,0.8168140899333461,-0.0003060353146833
2.3666664657043106,0.8168140899333461,0.0013649512289152
2.4085543677521750,0.8168140899333461,0.0006608731422816
2.4504422698000385,0.8168140899333461,-0.0016387605239681
2.4923301718479025,0.8168140899333461,-0.0020384056424034
2.5342180738957665,0.8168140899333461,0.0000371526437848
2.5761059759436304,0.8168140899333461,0.0026946883993335
2.6179938779914940,0.8168140899333461,0.0041947439215186
2.6598817800393584,0.8168140899333461,0.0041680729968046
2.7017696820872219,0.8168140899333461,0.0030965405027603
2.7436575841350863,0.8168140899333461,0.0016885898365160
2.7855454861829498,0.8168140899333461,0.0005562964811110
2.8274333882308138,0.8168140899333461,0.0000627780901596
2.8693212902786778,0.8168140899333461,0.0003373993871119
2.9112091923265417,0.8168140899333461,0.0012345443071209
2.9530970943744053,0.8168140899333461,0.0020309706411632
2.9949849964222697,0.8168140899333461,0.0021940288980722
3.0368728984701332,0.8168140899333461,0.0019956768352816
3.0787608005179976,0.8168140899333461,0.0016064364099724
3.1206487025658611,0.8168140899333461,0.0007356174913762
0.0209439510239320,0.8587019919812100,0.0006578774235287
0.0628318530717960,0.8587019919812100,0.0017082787752735
0.1047197551196597,0.8587019919812100,0.0025113602534104
0.1466076571675237,0.8587019919812100,0.0029306652277765
0.1884955592153876,0.8587019919812100,0.0028746312058436
0.2303834612632514,0.8587019919812100,0.0024979217088705
0.2722713633111153,0.8587019919812100,0.0020344334120455
0.3141592653589793,0.8587019919812100,0.0016854200357352
0.3560471674068433,0.8587019919812100,0.0016386947352187
0.3979350694547070,0.8587019919812100,0.0020044712358502
0.4398229715025710,0.8587019919812100,0.0026801217147023
0.4817108735504350,0.8587019919812100,0.0032556327369537
0.5235987755982989,0.8587019919812100,0.0030951011890443
0.5654866776461627,0.8587019919812100,0.0017752450323012
0.6073745796940266,0.8587019919812100,-0.0001390905142242
0.6492624817418906,0.8587019919812100,-0.0010153856224886
0.6911503837897545,0.8587019919812100,-0.0001317853959999
0.7330382858376183,0.8587019919812100,0.0002225157996586
0.7749261878854823,0.8587019919812100,-0.0013068927286319
0.8168140899333461,0.8587019919812100,0.0015270910842063
0.8587019919812100,0.8587019919812100,0.0031702188166015
0.9005898940290740,0.8587019919812100,0.0044846546300464
0.9424777960769379,0.8587019919812100,0.0055297128444457
0.9843656981248019,0.8587019919812100,0.0062479865257034
1.0262536001726656,0.8587019919812100,0.0056848431691348
1.0681415022205296,0.8587019919812100,0.0054580486689699
1.1100294042683936,0.8587019919812100,0.0054106365375374
1.1519173063162575,0.8587019919812100,0.0053214953070708
1.1938052083641213,0.8587019919812100,0.0052435611927653
1.2356931104119853,0.8587019919812100,0.0053101720171101
1.2775810124598492,0.8587019919812100,0.0055993353743593
1.3194689145077132,0.8587019919812100,0.0060973508399669
1.3613568165555769,0.8587019919812100,0.0067175240421629
1.4032447186034409,0.8587019919812100,0.0073367317675703
1.4451326206513049,0.8587019919812100,0.0078299229025069
1.4870205226991688,0.8587019919812100,0.0080955254722728
1.5289084247470326,0.8587019919812100,0.0080712911870868
1.5707963267948966,0.8587019919812100,0.0077422283590101
1.6126842288427605,0.8587019919812100,0.0071422696702483
1.6545721308906245,0.8587019919812100,0.0063506943787330
1.6964600329384882,0.8587019919812100,0.0054837169047779
1.7383479349863524,0.8587019919812100,0.0046811973703398
1.7802358370342162,0.8587019919812100,0.0040880943079302
1.8221237390820799,0.8587019919812100,0.0038301713771860
1.8640116411299441,0.8587019919812100,0.0039841356893185
1.9058995431778079,0.8587019919812100,0.0045450439991774
1.9477874452256716,0.8587019919812100,0.0054001121645295
1.9896753472735358,0.8587019919812100,0.0063287464198102
2.0315632493213993,0.8587019919812100,0.0070605625453907
2.0734511513692637,0.8587019919812100,0.0074198196573834
2.1153390534171272,0.8587019919812100,0.0074784812275358
2.1572269554649912,0.8587019919812100,0.0071354503023170
2.1991148575128552,0.8587019919812100,0.0049835037036050
2.2410027595607191,0.8587019919812100,0.0033745327963063
2.2828906616085827,0.8587019919812100,0.0019152137338110
2.3247785636564471,0.8587019919812100,-0.0004056500403650
2.3666664657043106,0.8587019919812100,-0.0020503336330653
2.4085543677521750,0.8587019919812100,0.0003353075339734
2.4504422698000385,0.8587019919812100,-0.0002738096077127
2.4923301718479025,0.8587019919812100,-0.0015913114101282
2.5342180738957665,0.8587019919812100,-0.0002039905342348
2.5761059759436304,0.8587019919812100,0.0029410726229406
2.6179938779914940,0.8587019919812100,0.0053152299452621
2.6598817800393584,0.8587019919812100,0.0057914450176335
2.7017696820872219,0.8587019919812100,0.0046555972647635
2.7436575841350863,0.8587019919812100,0.0027605463674345
2.7855454861829498,0.8587019919812100,0.0010108357196175
2.8274333882308138,0.8587019919812100,0.0001207827434995
2.8693212902786778,0.8587019919812100,0.0004650341678345
2.9112091923265417,0.8587019919812100,0.0013851263445388
2.9530970943744053,0.8587019919812100,0.0016685009201149
2.9949849964222697,0.8587019919812100,0.0014264177240677
3.0368728984701332,0.8587019919812100,0.0011922916594638
3.0787608005179976,0.8587019919812100,0.0010398627780238
3.1206487025658611,0.8587019919812100,0.0005507202262647
0.0209439510239320,0.9005898940290740,0.0003448328780493
0.0628318530717960,0.9005898940290740,0.0010441417505334
0.1047197551196597,0.9005898940290740,0.0018395806432543
0.1466076571675237,0.9005898940290740,0.0024960176752820
0.1884955592153876,0.9005898940290740,0.0026802343538550
0.2303834612632514,0.9005898940290740,0.0024458465731756
0.2722713633111153,0.9005898940290740,0.0022409533010410
0.3141592653589793,0.9005898940290740,0.0023172693590130
0.3560471674068433,0.9005898940290740,0.0026459616143086
0.3979350694547070,0.9005898940290740,0.0031022050513070
0.4398229715025710,0.9005898940290740,0.0034512395665856
0.4817108735504350,0.9005898940290740,0.0032831808906801
0.5235987755982989,0.9005898940290740,0.0021429059222893
0.5654866776461627,0.9005898940290740,0.0001122815451480
0.6073745796940266,0.9005898940290740,-0.0014641522202508
0.6492624817418906,0.9005898940290740,-0.0010358688608517
0.6911503837897545,0.9005898940290740,-0.0001181935412381
0.7330382858376183,0.9005898940290740,-0.0016207611495304
0.7749261878854823,0.9005898940290740,0.0006620721148256
0.8168140899333461,0.9005898940290740,0.0026663482097497
0.8587019919812100,0.9005898940290740,0.0038422753342334
0.9005898940290740,0.9005898940290740,0.0049376565013238
0.9424777960769379,0.9005898940290740,0.0056818059076454
0.9843656981248019,0.9005898940290740,0.0054698128825630
1.0262536001726656,0.9005898940290740,0.0056657313665787
1.0681415022205296,0.9005898940290740,0.0057288216437035
1.1100294042683936,0.9005898940290740,0.0054223309562755
1.1519173063162575,0.9005898940290740,0.0049533605241582
1.1938052083641213,0.9005898940290740,0.0046218139656554
1.2356931104119853,0.9005898940290740,0.0046199397989553
1.2775810124598492,0.9005898940290740,0.0049869130620117
1.3194689145077132,0.9005898940290740,0.0056427786770594
1.3613568165555769,0.9005898940290740,0.0064438575891641
1.4032447186034409,0.9005898940290740,0.0072306582547681
1.4451326206513049,0.9005898940290740,0.0078603535338917
1.4870205226991688,0.9005898940290740,0.0082257908099628
1.5289084247470326,0.9005898940290740,0.0082652742181764
1.5707963267948966,0.9005898940290740,0.0079663478325702
1.6126842288427605,0.9005898940290740,0.0073652515172711
1.6545721308906245,0.9005898940290740,0.0065426679034950
1.6964600329384882,0.9005898940290740,0.0056159185671059
1.7383479349863524,0.9005898940290740,0.0047276154343230
1.7802358370342162,0.9005898940290740,0.0040305656938759
1.8221237390820799,0.9005898940290740,0.0036681943393950
1.8640116411299441,0.9005898940290740,0.0037489947365892
1.9058995431778079,0.9005898940290740,0.0043135318812422
1.9477874452256716,0.9005898940290740,0.0052956173013823
1.9896753472735358,0.9005898940290740,0.0064885685061431
2.0315632493213993,0.9005898940290740,0.0075443534628459
2.0734511513692637,0.9005898940290740,0.0080533904811158
2.1153390534171272,0.9005898940290740,0.0077578263991633
2.1572269554649912,0.9005898940290740,0.0068520958914234
2.1991148575128552,0.9005898940290740,0.0057266234189646
2.2410027595607191,0.9005898940290740,0.0033336681620053
2.2828906616085827,0.9005898940290740,0.0019789907536060
2.3247785636564471,0.9005898940290740,0.0004335759891101
2.3666664657043106,0.9005898940290740,-0.0013520502162546
2.4085543677521750,0.9005898940290740,-0.0017006071661333
2.4504422698000385,0.9005898940290740,0.0008545077830940
2.4923301718479025,0.9005898940290740,0.0000437239017894
2.5342180738957665,0.9005898940290740,0.0001008684759309
2.5761059759436304,0.9005898940290740,0.0027845202426584
2.6179938779914940,0.9005898940290740,0.0055728902396031
2.6598817800393584,0.9005898940290740,0.0064510743100343
2.7017696820872219,0.9005898940290740,0.0053416588877522
2.7436575841350863,0.9005898940290740,0.0031799849351604
2.7855454861829498,0.9005898940290740,0.0011677338179468
2.8274333882308138,0.9005898940290740,0.0004345511275701
2.8693212902786778,0.9005898940290740,0.0011204804464848
2.9112091923265417,0.9005898940290740,0.0015050870936812
2.9530970943744053,0.9005898940290740,0.0011124392718496
2.9949849964222697,0.9005898940290740,0.0006266856744725
3.0368728984701332,0.9005898940290740,0.0004520572107123
3.0787608005179976,0.9005898940290740,0.0005442894472226
3.1206487025658611,0.9005898940290740,0.0003925210281653
0.0209439510239320,0.9424777960769379,-0.0000130331965268
0.0628318530717960,0.9424777960769379,0.0001844234409319
0.1047197551196597,0.9424777960769379,0.0008102129257932
0.1466076571675237,0.9424777960769379,0.0017073157390664
0.1884955592153876,0.9424777960769379,0.0024545336702744
0.2303834612632514,0.9424777960769379,0.0026334158478141
0.2722713633111153,0.9424777960769379,0.0024900177108449
0.3141592653589793,0.9424777960769379,0.0026517829718766
0.3560471674068433,0.9424777960769379,0.0030957846048927
0.3979350694547070,0.9424777960769379,0.0034451851549184
0.4398229715025710,0.9424777960769379,0.0033463336839747
0.4817108735504350,0.9424777960769379,0.0024724126986468
0.5235987755982989,0.9424777960769379,0.0007062470053683
0.5654866776461627,0.9424777960769379,-0.0011802297103107
0.6073745796940266,0.9424777960769379,-0.0013755429477822
0.6492624817418906,0.9424777960769379,0.0000949582066504
0.6911503837897545,0.9424777960769379,-0.0005276108176894
0.7330382858376183,0.9424777960769379,0.0006972986261520
0.7749261878854823,0.9424777960769379,0.0028415157438928
0.8168140899333461,0.9424777960769379,0.0036157424896032
0.8587019919812100,0.9424777960769379,0.0042707522040538
0.9005898940290740,0.9424777960769379,0.0050037093059687
0.9424777960769379,0.9424777960769379,0.0050577118489752
0.9843656981248019,0.9424777960769379,0.0057263238087087
1.0262536001726656,0.9424777960769379,0.0060518842692234
1.0681415022205296,0.9424777960769379,0.0056656625626181
1.1100294042683936,0.9424777960769379,0.0048814577406600
1.1519173063162575,0.9424777960769379,0.0041660521134637
1.1938052083641213,0.9424777960769379,0.0038403563304616
1.2356931104119853,0.9424777960769379,0.0040094008230236
1.2775810124598492,0.9424777960769379,0.0046102261453653
1.3194689145077132,0.9424777960769379,0.0054897275186256
1.3613568165555769,0.9424777960769379,0.0064681851710662
1.4032447186034409,0.9424777960769379,0.0073780697032781
1.4451326206513049,0.9424777960769379,0.0080836962198447
1.4870205226991688,0.9424777960769379,0.0084901381314950
1.5289084247470326,0.9424777960769379,0.0085470631694056
1.5707963267948966,0.9424777960769379,0.0082498188094324
1.6126842288427605,0.9424777960769379,0.0076380430404261
1.6545721308906245,0.9424777960769379,0.0067913915944808
1.6964600329384882,0.9424777960769379,0.0058221566661383
1.7383479349863524,0.9424777960769379,0.0048650720709718
1.7802358370342162,0.9424777960769379,0.0040649630015392
1.8221237390820799,0.9424777960769379,0.0035625913232642
1.8640116411299441,0.9424777960769379,0.0034776514567108
1.9058995431778079,0.9424777960769379,0.0038856248169097
1.9477874452256716,0.9424777960769379,0.0047840028876172
1.9896753472735358,0.9424777960769379,0.0060474791878433
2.0315632493213993,0.9424777960769379,0.0073862016829053
2.0734511513692637,0.9424777960769379,0.0083471303254971
2.1153390534171272,0.9424777960769379,0.0084272403326732
2.1572269554649912,0.9424777960769379,0.0073750723136704
2.1991148575128552,0.9424777960769379,0.0056370135287129
2.2410027595607191,0.9424777960769379,0.0041232323001030
2.2828906616085827,0.9424777960769379,0.0020794839074689
2.3247785636564471,0.9424777960769379,0.0019616323951168
2.3666664657043106,0.9424777960769379,0.0011451303543542
2.4085543677521750,0.9424777960769379,-0.0003722112695936
2.4504422698000385,0.9424777960769379,0.0005087061392265
2.4923301718479025,0.9424777960769379,0.0021318875482793
2.5342180738957665,0.9424777960769379,0.0013862268588369
2.5761059759436304,0.9424777960769379,0.0026390090269526
2.6179938779914940,0.9424777960769379,0.0049935817948867
2.6598817800393584,0.9424777960769379,0.0058718495774488
2.7017696820872219,0.9424777960769379,0.0047204702186174
2.7436575841350863,0.9424777960769379,0.0025189369238536
2.7855454861829498,0.9424777960769379,0.0008477452124178
2.8274333882308138,0.9424777960769379,0.0010531908355698
2.8693212902786778,0.9424777960769379,0.0017127141365427
2.9112091923265417,0.9424777960769379,0.0012968629732515
2.9530970943744053,0.9424777960769379,0.0005108352703544
2.9949849964222697,0.9424777960769379,-0.0000641124465419
3.0368728984701332,0.9424777960769379,-0.0001602080999861
3.0787608005179976,0.9424777960769379,0.0001341654180722
3.1206487025658611,0.9424777960769379,0.0002571575397687
0.0209439510239320,0.9843656981248019,-0.0003565788140197
0.0628318530717960,0.9843656981248019,-0.0007146413349126
0.1047197551196597,0.9843656981248019,-0.0004061710285497
0.1466076571675237,0.9843656981248019,0.0005264639522833
0.1884955592153876,0.9843656981248019,0.0017867081284115
0.2303834612632514,0.9843656981248019,0.0027785916767240
0.2722713633111153,0.9843656981248019,0.0028929014191463
0.3141592653589793,0.9843656981248019,0.0026560534660016
0.3560471674068433,0.9843656981248019,0.0028028533905453
0.3979350694547070,0.9843656981248019,0.0029302088527465
0.4398229715025710,0.9843656981248019,0.0025062276779337
0.4817108735504350,0.9843656981248019,0.0013014508794396
0.5235987755982989,0.9843656981248019,-0.0003738840421321
0.5654866776461627,0.9843656981248019,-0.0011317724857920
0.6073745796940266,0.9843656981248019,0.0002786805373945
0.6492624817418906,0.9843656981248019,0.0011327805800289
0.6911503837897545,0.9843656981248019,0.0012365397509948
0.7330382858376183,0.9843656981248019,0.0009839503718312
0.7749261878854823,0.9843656981248019,0.0037485159679576
0.8168140899333461,0.9843656981248019,0.0039779145153560
0.8587019919812100,0.9843656981248019,0.0044848491201589
0.9005898940290740,0.9843656981248019,0.0044546652637144
0.9424777960769379,0.9843656981248019,0.0055080302241529
0.9843656981248019,0.9843656981248019,0.0062748367015639
1.0262536001726656,0.9843656981248019,0.0060370599474141
1.0681415022205296,0.9843656981248019,0.0051040609992256
1.1100294042683936,0.9843656981248019,0.0040878592446538
1.1519173063162575,0.9843656981248019,0.0034514156504148
1.1938052083641213,0.9843656981248019,0.0033817218088699
1.2356931104119853,0.9843656981248019,0.0038432829445263
1.2775810124598492,0.9843656981248019,0.0046825387578309
1.3194689145077132,0.9843656981248019,0.0057122387930775
1.3613568165555769,0.9843656981248019,0.0067577509684682
1.4032447186034409,0.9843656981248019,0.0076749277010111
1.4451326206513049,0.9843656981248019,0.0083545923043284
1.4870205226991688,0.9843656981248019,0.0087236762376117
1.5289084247470326,0.9843656981248019,0.0087466652501893
1.5707963267948966,0.9843656981248019,0.0084270191168734
1.6126842288427605,0.9843656981248019,0.0078068183918250
1.6545721308906245,0.9843656981248019,0.0069631106668329
1.6964600329384882,0.9843656981248019,0.0060004128243989
1.7383479349863524,0.9843656981248019,0.0050400535230086
1.7802358370342162,0.9843656981248019,0.0042081283011020
1.8221237390820799,0.9843656981248019,0.0036242449524404
1.8640116411299441,0.9843656981248019,0.0033921400528736
1.9058995431778079,0.9843656981248019,0.0035899577231246
1.9477874452256716,0.9843656981248019,0.0042531800825074
1.9896753472735358,0.9843656981248019,0.0053407043223888
2.0315632493213993,0.9843656981248019,0.0066817296289208
2.0734511513692637,0.9843656981248019,0.0079248105218570
2.1153390534171272,0.9843656981248019,0.0085484072062841
2.1572269554649912,0.9843656981248019,0.0080278523703992
2.1991148575128552,0.9843656981248019,0.0062549379260992
2.2410027595607191,0.9843656981248019,0.0041192718918227
2.2828906616085827,0.9843656981248019,0.0030035672704576
2.3247785636564471,0.9843656981248019,0.0021287025273445
2.3666664657043106,0.9843656981248019,0.0033264048350456
2.4085543677521750,0.9843656981248019,0.0000576737740482
2.4504422698000385,0.9843656981248019,0.0015234354411097
2.4923301718479025,0.9843656981248019,0.0031332157150734
2.5342180738957665,0.9843656981248019,0.0033908319314903
2.5761059759436304,0.9843656981248019,0.0030733804952923
2.6179938779914940,0.9843656981248019,0.0040728063762467
2.6598817800393584,0.9843656981248019,0.0043003039738785
2.7017696820872219,0.9843656981248019,0.0028472081840307
2.7436575841350863,0.9843656981248019,0.0008157795757535
2.7855454861829498,0.9843656981248019,0.0003508719663015
2.8274333882308138,0.9843656981248019,0.0015927460251028
2.8693212902786778,0.9843656981248019,0.0016557087556062
2.9112091923265417,0.9843656981248019,0.0008931616190526
2.9530970943744053,0.9843656981248019,0.0000349026850097
2.9949849964222697,0.9843656981248019,-0.0005552237280462
3.0368728984701332,0.9843656981248019,-0.0006085360873200
3.0787608005179976,0.9843656981248019,-0.0001878276063388
3.1206487025658611,0.9843656981248019,0.0001382696871332
0.0209439510239320,1.0262536001726656,-0.0006215686750890
0.0628318530717960,1.0262536001726656,-0.0014714361760945
0.1047197551196597,1.0262536001726656,-0.0015363925102282
0.1466076571675237,1.0262536001726656,-0.0007725985094009
0.1884955592153876,1.0262536001726656,0.0006389568429093
0.2303834612632514,1.0262536001726656,0.0022655724109029
0.2722713633111153,1.0262536001726656,0.0032196839617280
0.3141592653589793,1.0262536001726656,0.0027270269593098
0.3560471674068433,1.0262536001726656,0.0020256178784717
0.3979350694547070,1.0262536001726656,0.0018272396316952
0.4398229715025710,1.0262536001726656,0.0014088457647079
0.4817108735504350,1.0262536001726656,0.0004888934560994
0.5235987755982989,1.0262536001726656,-0.0002863133070208
0.5654866776461627,1.0262536001726656,0.0005253934726034
0.6073745796940266,1.0262536001726656,0.0022832290283250
0.6492624817418906,1.0262536001726656,0.0021656738065113
0.6911503837897545,1.0262536001726656,0.0036707226271772
0.7330382858376183,1.0262536001726656,0.0071257493390265
0.7749261878854823,1.0262536001726656,0.0045987237533287
0.8168140899333461,1.0262536001726656,0.0044808746916603
0.8587019919812100,1.0262536001726656,0.0039137519886004
0.9005898940290740,1.0262536001726656,0.0049790647908563
0.9424777960769379,1.0262536001726656,0.0062671093976704
0.9843656981248019,1.0262536001726656,0.0064308803896326
1.0262536001726656,1.0262536001726656,0.0055750784879330
1.0681415022205296,1.0262536001726656,0.0043953644234425
1.1100294042683936,1.0262536001726656,0.0035046508118426
1.1519173063162575,1.0262536001726656,0.0031934057840359
1.1938052083641213,1.0262536001726656,0.0034654348650693
1.2356931104119853,1.0262536001726656,0.0041703639622142
1.2775810124598492,1.0262536001726656,0.0051185421422786
1.3194689145077132,1.0262536001726656,0.0061407382904335
1.3613568165555769,1.0262536001726656,0.0071035024210138
1.4032447186034409,1.0262536001726656,0.0079047607878862
1.4451326206513049,1.0262536001726656,0.0084676370156336
1.4870205226991688,1.0262536001726656,0.0087394653858781
1.5289084247470326,1.0262536001726656,0.0086954094307652
1.5707963267948966,1.0262536001726656,0.0083431312361519
1.6126842288427605,1.0262536001726656,0.0077249422898122
1.6545721308906245,1.0262536001726656,0.0069151231033917
1.6964600329384882,1.0262536001726656,0.0060117235665835
1.7383479349863524,1.0262536001726656,0.0051238695249431
1.7802358370342162,1.0262536001726656,0.0043573022559076
1.8221237390820799,1.0262536001726656,0.0038021879155523
1.8640116411299441,1.0262536001726656,0.0035271675289268
1.9058995431778079,1.0262536001726656,0.0035806856657581
1.9477874452256716,1.0262536001726656,0.0039939570703216
1.9896753472735358,1.0262536001726656,0.0047716543603344
2.0315632493213993,1.0262536001726656,0.0058540844671320
2.0734511513692637,1.0262536001726656,0.0070496018170718
2.1153390534171272,1.0262536001726656,0.0079741975635190
2.1572269554649912,1.0262536001726656,0.0080854813088660
2.1991148575128552,1.0262536001726656,0.0069340312901167
2.2410027595607191,1.0262536001726656,0.0047346012991487
2.2828906616085827,1.0262536001726656,0.0030060342613660
2.3247785636564471,1.0262536001726656,0.0031732054531947
2.3666664657043106,1.0262536001726656,0.0042169198411625
2.4085543677521750,1.0262536001726656,0.0079049131872446
2.4504422698000385,1.0262536001726656,0.0033614802984267
2.4923301718479025,1.0262536001726656,0.0033437763607698
2.5342180738957665,1.0262536001726656,0.0048253335088539
2.5761059759436304,1.0262536001726656,0.0042154542093091
2.6179938779914940,1.0262536001726656,0.0034982244036148
2.6598817800393584,1.0262536001726656,0.0024195322381280
2.7017696820872219,1.0262536001726656,0.0003125528947481
2.7436575841350863,1.0262536001726656,-0.0012082612103188
2.7855454861829498,1.0262536001726656,0.0001639347123352
2.8274333882308138,1.0262536001726656,0.0013423250289910
2.8693212902786778,1.0262536001726656,0.0011651338461613
2.9112091923265417,1.0262536001726656,0.0005979504179547
2.9530970943744053,1.0262536001726656,-0.0001478939932380
2.9949849964222697,1.0262536001726656,-0.0007474538792642
3.0368728984701332,1.0262536001726656,-0.0008329319199281
3.0787608005179976,1.0262536001726656,-0.0003914684518740
3.1206487025658611,1.0262536001726656,0.0000440433077311
0.0209439510239320,1.0681415022205296,-0.0007418729520823
0.0628318530717960,1.0681415022205296,-0.0018963478607303
0.1047197551196597,1.0681415022205296,-0.0022827134332204
0.1466076571675237,1.0681415022205296,-0.0017956937529946
0.1884955592153876,1.0681415022205296,-0.0005571405620695
0.2303834612632514,1.0681415022205296,0.0011474515590255
0.2722713633111153,1.0681415022205296,0.0027621438118102
0.3141592653589793,1.0681415022205296,0.0030739014074896
0.3560471674068433,1.0681415022205296,0.0015725353027503
0.3979350694547070,1.0681415022205296,0.0007087813247351
0.4398229715025710,1.0681415022205296,0.0006387651767703
0.4817108735504350,1.0681415022205296,0.0006352650279207
0.5235987755982989,1.0681415022205296,0.0012145123374239
0.5654866776461627,1.0681415022205296,0.0028571473369444
0.6073745796940266,1.0681415022205296,0.0032639714203284
0.6492624817418906,1.0681415022205296,0.0054333288070045
0.6911503837897545,1.0681415022205296,0.0049132602349342
0.7330382858376183,1.0681415022205296,0.0060822851654776
0.7749261878854823,1.0681415022205296,0.0050448381342587
0.8168140899333461,1.0681415022205296,0.0039480477167493
0.8587019919812100,1.0681415022205296,0.0043135144413937
0.9005898940290740,1.0681415022205296,0.0059419679933319
0.9424777960769379,1.0681415022205296,0.0066953920563864
0.9843656981248019,1.0681415022205296,0.0061636756378293
1.0262536001726656,1.0681415022205296,0.0049937489554466
1.0681415022205296,1.0681415022205296,0.0039373781560132
1.1100294042683936,1.0681415022205296,0.0034172624396998
1.1519173063162575,1.0681415022205296,0.0034962088628721
1.1938052083641213,1.0681415022205296,0.0040273671462474
1.2356931104119853,1.0681415022205296,0.0048119881818383
1.2775810124598492,1.0681415022205296,0.0056865699607174
1.3194689145077132,1.0681415022205296,0.0065406360612323
1.3613568165555769,1.0681415022205296,0.0072998564941209
1.4032447186034409,1.0681415022205296,0.0079057880304558
1.4451326206513049,1.0681415022205296,0.0083067851467225
1.4870205226991688,1.0681415022205296,0.0084608962758619
1.5289084247470326,1.0681415022205296,0.0083452852259609
1.5707963267948966,1.0681415022205296,0.0079659181618186
1.6126842288427605,1.0681415022205296,0.0073628569510835
1.6545721308906245,1.0681415022205296,0.0066085823186226
1.6964600329384882,1.0681415022205296,0.0057986988698280
1.7383479349863524,1.0681415022205296,0.0050362385772447
1.7802358370342162,1.0681415022205296,0.0044128266238384
1.8221237390820799,1.0681415022205296,0.0039921088978450
1.8640116411299441,1.0681415022205296,0.0038021565499422
1.9058995431778079,1.0681415022205296,0.0038420983723988
1.9477874452256716,1.0681415022205296,0.0041016504014677
1.9896753472735358,1.0681415022205296,0.0045803088079999
2.0315632493213993,1.0681415022205296,0.0052816271363909
2.0734511513692637,1.0681415022205296,0.0061606812749202
2.1153390534171272,1.0681415022205296,0.0070332320444242
2.1572269554649912,1.0681415022205296,0.0075111659006095
2.1991148575128552,1.0681415022205296,0.0070850804131674
2.2410027595607191,1.0681415022205296,0.0055002468753881
2.2828906616085827,1.0681415022205296,0.0034994262382178
2.3247785636564471,1.0681415022205296,0.0032241023554436
2.3666664657043106,1.0681415022205296,0.0048760532717317
2.4085543677521750,1.0681415022205296,0.0075799319159151
2.4504422698000385,1.0681415022205296,0.0057221414271987
2.4923301718479025,1.0681415022205296,0.0056167092372832
2.5342180738957665,1.0681415022205296,0.0046298112806111
2.5761059759436304,1.0681415022205296,0.0052771923491849
2.6179938779914940,1.0681415022205296,0.0036191312339908
2.6598817800393584,1.0681415022205296,0.0009996047341376
2.7017696820872219,1.0681415022205296,-0.0019232227897501
2.7436575841350863,1.0681415022205296,-0.0022334660252192
2.7855454861829498,1.0681415022205296,-0.0000805155308601
2.8274333882308138,1.0681415022205296,0.0005334108419210
2.8693212902786778,1.0681415022205296,0.0008039759802614
2.9112091923265417,1.0681415022205296,0.0007093555946036
2.9530970943744053,1.0681415022205296,0.0001357202384542
2.9949849964222697,1.0681415022205296,-0.0005130552653867
3.0368728984701332,1.0681415022205296,-0.0007285429376006
3.0787608005179976,1.0681415022205296,-0.0003991469088900
3.1206487025658611,1.0681415022205296,0.0000068592728661
0.0209439510239320,1.1100294042683936,-0.0006557809212506
0.0628318530717960,1.1100294042683936,-0.0018063921664979
0.1047197551196597,1.1100294042683936,-0.0023506299013910
0.1466076571675237,1.1100294042683936,-0.0021419532515539
0.1884955592153876,1.1100294042683936,-0.0012724103484953
0.2303834612632514,1.1100294042683936,0.0000643618480796
0.2722713633111153,1.1100294042683936,0.0016289099166624
0.3141592653589793,1.1100294042683936,0.0028720523558436
0.3560471674068433,1.1100294042683936,0.0022223012670486
0.3979350694547070,1.1100294042683936,0.0003930072508558
0.4398229715025710,1.1100294042683936,0.0006211493162742
0.4817108735504350,1.1100294042683936,0.0018478127863939
0.5235987755982989,1.1100294042683936,0.0034342137044026
0.5654866776461627,1.1100294042683936,0.0042129277906220
0.6073745796940266,1.1100294042683936,0.0041184443061826
0.6492624817418906,1.1100294042683936,0.0048217908405828
0.6911503837897545,1.1100294042683936,0.0055946066005416
0.7330382858376183,1.1100294042683936,0.0057277860703765
0.7749261878854823,1.1100294042683936,0.0049614168969805
0.8168140899333461,1.1100294042683936,0.0039822472491005
0.8587019919812100,1.1100294042683936,0.0053539471628897
0.9005898940290740,1.1100294042683936,0.0066980968498269
0.9424777960769379,1.1100294042683936,0.0067090038255985
0.9843656981248019,1.1100294042683936,0.0057401326264643
1.0262536001726656,1.1100294042683936,0.0046228540021997
1.0681415022205296,1.1100294042683936,0.0039420437166000
1.1100294042683936,1.1100294042683936,0.0038571811771955
1.1519173063162575,1.1100294042683936,0.0042331715198687
1.1938052083641213,1.1100294042683936,0.0048459687194016
1.2356931104119853,1.1100294042683936,0.0055198232804112
1.2775810124598492,1.1100294042683936,0.0061638809743634
1.3194689145077132,1.1100294042683936,0.0067450729617169
1.3613568165555769,1.1100294042683936,0.0072466475020345
1.4032447186034409,1.1100294042683936,0.0076419355471260
1.4451326206513049,1.1100294042683936,0.0078899674857977
1.4870205226991688,1.1100294042683936,0.0079465829556264
1.5289084247470326,1.1100294042683936,0.0077814402867991
1.5707963267948966,1.1100294042683936,0.0073930937924422
1.6126842288427605,1.1100294042683936,0.0068172760549681
1.6545721308906245,1.1100294042683936,0.0061260352610599
1.6964600329384882,1.1100294042683936,0.0054172494698799
1.7383479349863524,1.1100294042683936,0.0047957404223160
1.7802358370342162,1.1100294042683936,0.0043493021947976
1.8221237390820799,1.1100294042683936,0.0041256645244865
1.8640116411299441,1.1100294042683936,0.0041190851338515
1.9058995431778079,1.1100294042683936,0.0042758619251460
1.9477874452256716,1.1100294042683936,0.0045232092172631
1.9896753472735358,1.1100294042683936,0.0048130187236988
2.0315632493213993,1.1100294042683936,0.0051539117138408
2.0734511513692637,1.1100294042683936,0.0055947345108895
2.1153390534171272,1.1100294042683936,0.0061398047442291
2.1572269554649912,1.1100294042683936,0.0066293782758311
2.1991148575128552,1.1100294042683936,0.0066881377415279
2.2410027595607191,1.1100294042683936,0.0058940722096198
2.2828906616085827,1.1100294042683936,0.0043265219941927
2.3247785636564471,1.1100294042683936,0.0034234869108844
2.3666664657043106,1.1100294042683936,0.0052149390512276
2.4085543677521750,1.1100294042683936,0.0072015938378563
2.4504422698000385,1.1100294042683936,0.0073300652618721
2.4923301718479025,1.1100294042683936,0.0048486525123436
2.5342180738957665,1.1100294042683936,0.0042687065397790
2.5761059759436304,1.1100294042683936,0.0050410072730063
2.6179938779914940,1.1100294042683936,0.0040097961700072
2.6598817800393584,1.1100294042683936,0.0004280318355763
2.7017696820872219,1.1100294042683936,-0.0027697725786084
2.7436575841350863,1.1100294042683936,-0.0015586192398112
2.7855454861829498,1.1100294042683936,-0.0006885980106608
2.8274333882308138,1.1100294042683936,-0.0000500459101354
2.8693212902786778,1.1100294042683936,0.0009614624035392
2.9112091923265417,1.1100294042683936,0.0013838747472774
2.9530970943744053,1.1100294042683936,0.0009689871904182
2.9949849964222697,1.1100294042683936,0.0002303295182287
3.0368728984701332,1.1100294042683936,-0.0001958968619635
3.0787608005179976,1.1100294042683936,-0.0001153271999828
3.1206487025658611,1.1100294042683936,0.0000728469714145
0.0209439510239320,1.1519173063162575,-0.0003224799342383
0.0628318530717960,1.1519173063162575,-0.0010751543877926
0.1047197551196597,1.1519173063162575,-0.0015281724825746
0.1466076571675237,1.1519173063162575,-0.0015149492641777
0.1884955592153876,1.1519173063162575,-0.0011144672250094
0.2303834612632514,1.1519173063162575,-0.0004383875219971
0.2722713633111153,1.1519173063162575,0.0005286064873615
0.3141592653589793,1.1519173063162575,0.0018789645867487
0.3560471674068433,1.1519173063162575,0.0030335437772311
0.3979350694547070,1.1519173063162575,0.0018323882474529
0.4398229715025710,1.1519173063162575,0.0015023929253004
0.4817108735504350,1.1519173063162575,0.0035308202437700
0.5235987755982989,1.1519173063162575,0.0049450122036355
0.5654866776461627,1.1519173063162575,0.0038835649198091
0.6073745796940266,1.1519173063162575,0.0063007819693134
0.6492624817418906,1.1519173063162575,0.0053959209967117
0.6911503837897545,1.1519173063162575,0.0065425945871755
0.7330382858376183,1.1519173063162575,0.0061328952458974
0.7749261878854823,1.1519173063162575,0.0046371984014544
0.8168140899333461,1.1519173063162575,0.0048036259368902
0.8587019919812100,1.1519173063162575,0.0063920200883872
0.9005898940290740,1.1519173063162575,0.0070650576923073
0.9424777960769379,1.1519173063162575,0.0064927635322964
0.9843656981248019,1.1519173063162575,0.0054299070753534
1.0262536001726656,1.1519173063162575,0.0046294796742188
1.0681415022205296,1.1519173063162575,0.0044067186856636
1.1100294042683936,1.1519173063162575,0.0046740036902284
1.1519173063162575,1.1519173063162575,0.0051718938643934
1.1938052083641213,1.1519173063162575,0.0056776835042887
1.2356931104119853,1.1519173063162575,0.0060921991516811
1.2775810124598492,1.1519173063162575,0.0064189022997705
1.3194689145077132,1.1519173063162575,0.0066994348889557
1.3613568165555769,1.1519173063162575,0.0069593735788054
1.4032447186034409,1.1519173063162575,0.0071855686995321
1.4451326206513049,1.1519173063162575,0.0073317947364777
1.4870205226991688,1.1519173063162575,0.0073399481923464
1.5289084247470326,1.1519173063162575,0.0071645886216483
1.5707963267948966,1.1519173063162575,0.0067926732631407
1.6126842288427605,1.1519173063162575,0.0062541637063265
1.6545721308906245,1.1519173063162575,0.0056217125911946
1.6964600329384882,1.1519173063162575,0.0049991765490058
1.7383479349863524,1.1519173063162575,0.0045000215515709
1.7802358370342162,1.1519173063162575,0.0042185768957350
1.8221237390820799,1.1519173063162575,0.0042000495030248
1.8640116411299441,1.1519173063162575,0.0044189501720902
1.9058995431778079,1.1519173063162575,0.0047783051047041
1.9477874452256716,1.1519173063162575,0.0051399009099466
1.9896753472735358,1.1519173063162575,0.0053842072593355
2.0315632493213993,1.1519173063162575,0.0054768614543139
2.0734511513692637,1.1519173063162575,0.0054970941634160
2.1153390534171272,1.1519173063162575,0.0055848560970084
2.1572269554649912,1.1519173063162575,0.0058066773124137
2.1991148575128552,1.1519173063162575,0.0060150550215814
2.2410027595607191,1.1519173063162575,0.0058431118623024
2.2828906616085827,1.1519173063162575,0.0050121977124707
2.3247785636564471,1.1519173063162575,0.0040965592000077
2.3666664657043106,1.1519173063162575,0.0050850130743544
2.4085543677521750,1.1519173063162575,0.0075107954396044
2.4504422698000385,1.1519173063162575,0.0087210769149868
2.4923301718479025,1.1519173063162575,0.0063761911987057
2.5342180738957665,1.1519173063162575,0.0057210667979059
2.5761059759436304,1.1519173063162575,0.0034327210392852
2.6179938779914940,1.1519173063162575,0.0036656801258509
2.6598817800393584,1.1519173063162575,0.0004391408635422
2.7017696820872219,1.1519173063162575,-0.0012962849956679
2.7436575841350863,1.1519173063162575,-0.0003654897133130
2.7855454861829498,1.1519173063162575,-0.0010294915986133
2.8274333882308138,1.1519173063162575,-0.0000188617556587
2.8693212902786778,1.1519173063162575,0.0016357906586764
2.9112091923265417,1.1519173063162575,0.0024717711182278
2.9530970943744053,1.1519173063162575,0.0021928918148384
2.9949849964222697,1.1519173063162575,0.0013893588724094
3.0368728984701332,1.1519173063162575,0.0007521794832210
3.0787608005179976,1.1519173063162575,0.0004960682368564
3.1206487025658611,1.1519173063162575,0.0002700636104101
0.0209439510239320,1.1938052083641213,0.0002513550808291
0.0628318530717960,1.1938052083641213,0.0002818329414463
0.1047197551196597,1.1938052083641213,0.0001714606895887
0.1466076571675237,1.1938052083641213,0.0000942851246228
0.1884955592153876,1.1938052083641213,-0.0000242422841279
0.2303834612632514,1.1938052083641213,-0.0002056803471688
0.2722713633111153,1.1938052083641213,-0.0001691518253062
0.3141592653589793,1.1938052083641213,0.0006880629443298
0.3560471674068433,1.1938052083641213,0.0028007262131102
0.3979350694547070,1.1938052083641213,0.0045386741082034
0.4398229715025710,1.1938052083641213,0.0033743511572333
0.4817108735504350,1.1938052083641213,0.0045732313801720
0.5235987755982989,1.1938052083641213,0.0045516589655834
0.5654866776461627,1.1938052083641213,0.0032687940439834
0.6073745796940266,1.1938052083641213,0.0051926053567070
0.6492624817418906,1.1938052083641213,0.0046078550324904
0.6911503837897545,1.1938052083641213,0.0058075668777467
0.7330382858376183,1.1938052083641213,0.0061802367692277
0.7749261878854823,1.1938052083641213,0.0048880910722299
0.8168140899333461,1.1938052083641213,0.0058920000377159
0.8587019919812100,1.1938052083641213,0.0071231494679621
0.9005898940290740,1.1938052083641213,0.0071267589365883
0.9424777960769379,1.1938052083641213,0.0062616105909652
0.9843656981248019,1.1938052083641213,0.0053781311941168
1.0262536001726656,1.1938052083641213,0.0050069322901451
1.0681415022205296,1.1938052083641213,0.0051854784227690
1.1100294042683936,1.1938052083641213,0.0056447807023907
1.1519173063162575,1.1938052083641213,0.0060831657599554
1.1938052083641213,1.1938052083641213,0.0063404434364425
1.2356931104119853,1.1938052083641213,0.0064211532603076
1.2775810124598492,1.1938052083641213,0.0064215554179596
1.3194689145077132,1.1938052083641213,0.0064408584231863
1.3613568165555769,1.1938052083641213,0.0065259533990050
1.4032447186034409,1.1938052083641213,0.0066591607170761
1.4451326206513049,1.1938052083641213,0.0067762123060051
1.4870205226991688,1.1938052083641213,0.0067971608259825
1.5289084247470326,1.1938052083641213,0.0066570851432757
1.5707963267948966,1.1938052083641213,0.0063291418072478
1.6126842288427605,1.1938052083641213,0.0058366417056872
1.6545721308906245,1.1938052083641213,0.0052530596246121
1.6964600329384882,1.1938052083641213,0.0046899389819597
1.7383479349863524,1.1938052083641213,0.0042734940408238
1.7802358370342162,1.1938052083641213,0.0041122430554177
1.8221237390820799,1.1938052083641213,0.0042609211820794
1.8640116411299441,1.1938052083641213,0.0046903088202388
1.9058995431778079,1.1938052083641213,0.0052771226821546
1.9477874452256716,1.1938052083641213,0.0058289967717569
1.9896753472735358,1.1938052083641213,0.0061509217936657
2.0315632493213993,1.1938052083641213,0.0061372442496483
2.0734511513692637,1.1938052083641213,0.0058437273999115
2.1153390534171272,1.1938052083641213,0.0054799252597284
2.1572269554649912,1.1938052083641213,0.0052909070413172
2.1991148575128552,1.1938052083641213,0.0053707651005332
2.2410027595607191,1.1938052083641213,0.0055294949394642
2.2828906616085827,1.1938052083641213,0.0053861508859593
2.3247785636564471,1.1938052083641213,0.0048959842441386
2.3666664657043106,1.1938052083641213,0.0052517722818977
2.4085543677521750,1.1938052083641213,0.0075269206745414
2.4504422698000385,1.1938052083641213,0.0074146934926084
2.4923301718479025,1.1938052083641213,0.0049532784273197
2.5342180738957665,1.1938052083641213,0.0045632248830840
2.5761059759436304,1.1938052083641213,0.0023357095585552
2.6179938779914940,1.1938052083641213,0.0019551672850886
2.6598817800393584,1.1938052083641213,0.0004389892472749
2.7017696820872219,1.1938052083641213,0.0019313929807356
2.7436575841350863,1.1938052083641213,0.0005581505272985
2.7855454861829498,1.1938052083641213,-0.0007605310332914
2.8274333882308138,1.1938052083641213,0.0004643181024564
2.8693212902786778,1.1938052083641213,0.0024219394539577
2.9112091923265417,1.1938052083641213,0.0034833976199200
2.9530970943744053,1.1938052083641213,0.0033577191100203
2.9949849964222697,1.1938052083641213,0.0026272469269000
3.0368728984701332,1.1938052083641213,0.0019081085253108
3.0787608005179976,1.1938052083641213,0.0013354900959907
3.1206487025658611,1.1938052083641213,0.0005731400458574
0.0209439510239320,1.2356931104119853,0.0009861250442839
0.0628318530717960,1.2356931104119853,0.0020299383900555
0.1047197551196597,1.2356931104119853,0.0023879452312088
0.1466076571675237,1.2356931104119853,0.0022615300649109
0.1884955592153876,1.2356931104119853,0.0015963445336566
0.2303834612632514,1.2356931104119853,0.0004739709894821
0.2722713633111153,1.2356931104119853,-0.0005480902717994
0.3141592653589793,1.2356931104119853,-0.0004076355980300
0.3560471674068433,1.2356931104119853,0.0019048614342136
0.3979350694547070,1.2356931104119853,0.0059091213124476
0.4398229715025710,1.2356931104119853,0.0063497307801663
0.4817108735504350,1.2356931104119853,0.0040820673693828
0.5235987755982989,1.2356931104119853,0.0023646702805260
0.5654866776461627,1.2356931104119853,0.0040541380670689
0.6073745796940266,1.2356931104119853,0.0039934930140065
0.6492624817418906,1.2356931104119853,0.0049719445239713
0.6911503837897545,1.2356931104119853,0.0060696487667732
0.7330382858376183,1.2356931104119853,0.0060636474900680
0.7749261878854823,1.2356931104119853,0.0055984356573563
0.8168140899333461,1.2356931104119853,0.0068443807679190
0.8587019919812100,1.2356931104119853,0.0075091037426182
0.9005898940290740,1.2356931104119853,0.0070388770226497
0.9424777960769379,1.2356931104119853,0.0061515426147416
0.9843656981248019,1.2356931104119853,0.0055951556310474
1.0262536001726656,1.2356931104119853,0.0056344751713635
1.0681415022205296,1.2356931104119853,0.0060793502115708
1.1100294042683936,1.2356931104119853,0.0065605257841024
1.1519173063162575,1.2356931104119853,0.0068021141970489
1.1938052083641213,1.2356931104119853,0.0067410585894239
1.2356931104119853,1.2356931104119853,0.0064877675622101
1.2775810124598492,1.2356931104119853,0.0062138052158116
1.3194689145077132,1.2356931104119853,0.0060527365346230
1.3613568165555769,1.2356931104119853,0.0060527949898401
1.4032447186034409,1.2356931104119853,0.0061783056659812
1.4451326206513049,1.2356931104119853,0.0063395777273394
1.4870205226991688,1.2356931104119853,0.0064316079204212
1.5289084247470326,1.2356931104119853,0.0063689376581797
1.5707963267948966,1.2356931104119853,0.0061105321149748
1.6126842288427605,1.2356931104119853,0.0056725251445160
1.6545721308906245,1.2356931104119853,0.0051284232720530
1.6964600329384882,1.2356931104119853,0.0045969016307823
1.7383479349863524,1.2356931104119853,0.0042176849079238
1.7802358370342162,1.2356931104119853,0.0041171149109283
1.8221237390820799,1.2356931104119853,0.0043676671904702
1.8640116411299441,1.2356931104119853,0.0049502918545099
1.9058995431778079,1.2356931104119853,0.0057342059477508
1.9477874452256716,1.2356931104119853,0.0064923636785736
1.9896753472735358,1.2356931104119853,0.0069658790061737
2.0315632493213993,1.2356931104119853,0.0069704301248030
2.0734511513692637,1.2356931104119853,0.0065037124349707
2.1153390534171272,1.2356931104119853,0.0057853622043997
2.1572269554649912,1.2356931104119853,0.0051729660733202
2.1991148575128552,1.2356931104119853,0.0049644059804095
2.2410027595607191,1.2356931104119853,0.0051838549655367
2.2828906616085827,1.2356931104119853,0.0055097152413545
2.3247785636564471,1.2356931104119853,0.0055587498261866
2.3666664657043106,1.2356931104119853,0.0057182716160239
2.4085543677521750,1.2356931104119853,0.0072672206948204
2.4504422698000385,1.2356931104119853,0.0069649827520163
2.4923301718479025,1.2356931104119853,0.0052458284363223
2.5342180738957665,1.2356931104119853,0.0035384101890096
2.5761059759436304,1.2356931104119853,0.0033396274848566
2.6179938779914940,1.2356931104119853,-0.0005463600770210
2.6598817800393584,1.2356931104119853,0.0004340083052442
2.7017696820872219,1.2356931104119853,0.0040250512061757
2.7436575841350863,1.2356931104119853,0.0012558685502027
2.7855454861829498,1.2356931104119853,-0.0001698817093780
2.8274333882308138,1.2356931104119853,0.0009186565569845
2.8693212902786778,1.2356931104119853,0.0027367860751577
2.9112091923265417,1.2356931104119853,0.0038038905509479
2.9530970943744053,1.2356931104119853,0.0038924454749427
2.9949849964222697,1.2356931104119853,0.0034634867823555
3.0368728984701332,1.2356931104119853,0.0029027678688971
3.0787608005179976,1.2356931104119853,0.0021606334058145
3.1206487025658611,1.2356931104119853,0.0008923530853861
0.0209439510239320,1.2775810124598492,0.0017267397972257
0.0628318530717960,1.2775810124598492,0.0037204325339757
0.1047197551196597,1.2775810124598492,0.0044406708823023
0.1466076571675237,1.2775810124598492,0.0041882622266383
0.1884955592153876,1.2775810124598492,0.0029837078767108
0.2303834612632514,1.2775810124598492,0.0010228371267145
0.2722713633111153,1.2775810124598492,-0.0009096826020072
0.3141592653589793,1.2775810124598492,-0.0014135073495911
0.3560471674068433,1.2775810124598492,0.0007864311127179
0.3979350694547070,1.2775810124598492,0.0053816491532783
0.4398229715025710,1.2775810124598492,0.0083749555753116
0.4817108735504350,1.2775810124598492,0.0024545257018582
0.5235987755982989,1.2775810124598492,-0.0001944702394081
0.5654866776461627,1.2775810124598492,0.0046567253605758
0.6073745796940266,1.2775810124598492,0.0012458005410584
0.6492624817418906,1.2775810124598492,0.0050546935029105
0.6911503837897545,1.2775810124598492,0.0066272678764500
0.7330382858376183,1.2775810124598492,0.0061696359012056
0.7749261878854823,1.2775810124598492,0.0064103205491522
0.8168140899333461,1.2775810124598492,0.0074889542892184
0.8587019919812100,1.2775810124598492,0.0076289232243785
0.9005898940290740,1.2775810124598492,0.0069277853680674
0.9424777960769379,1.2775810124598492,0.0062013522544575
0.9843656981248019,1.2775810124598492,0.0060002227646829
1.0262536001726656,1.2775810124598492,0.0063489357124549
1.0681415022205296,1.2775810124598492,0.0069052983197184
1.1100294042683936,1.2775810124598492,0.0072731930645966
1.1519173063162575,1.2775810124598492,0.0072460233759832
1.1938052083641213,1.2775810124598492,0.0068662738035314
1.2356931104119853,1.2775810124598492,0.0063341478902457
1.2775810124598492,1.2775810124598492,0.0058714720276076
1.3194689145077132,1.2775810124598492,0.0056238005556786
1.3613568165555769,1.2775810124598492,0.0056260311391378
1.4032447186034409,1.2775810124598492,0.0058175034794314
1.4451326206513049,1.2775810124598492,0.0060814922324499
1.4870205226991688,1.2775810124598492,0.0062890399757989
1.5289084247470326,1.2775810124598492,0.0063358548774226
1.5707963267948966,1.2775810124598492,0.0061676849744954
1.6126842288427605,1.2775810124598492,0.0057931128027993
1.6545721308906245,1.2775810124598492,0.0052839363343971
1.6964600329384882,1.2775810124598492,0.0047633808843344
1.7383479349863524,1.2775810124598492,0.0043823325540986
1.7802358370342162,1.2775810124598492,0.0042844783223717
1.8221237390820799,1.2775810124598492,0.0045635187876374
1.8640116411299441,1.2775810124598492,0.0052201115330170
1.9058995431778079,1.2775810124598492,0.0061325997971911
1.9477874452256716,1.2775810124598492,0.0070612633688989
1.9896753472735358,1.2775810124598492,0.0077045716697026
2.0315632493213993,1.2775810124598492,0.0078092968652197
2.0734511513692637,1.2775810124598492,0.0073015322831604
2.1153390534171272,1.2775810124598492,0.0063681962343156
2.1572269554649912,1.2775810124598492,0.0054144383679149
2.1991148575128552,1.2775810124598492,0.0048784860066819
2.2410027595607191,1.2775810124598492,0.0049769734940159
2.2828906616085827,1.2775810124598492,0.0055222757038889
2.3247785636564471,1.2775810124598492,0.0060090645488543
2.3666664657043106,1.2775810124598492,0.0062481734577310
2.4085543677521750,1.2775810124598492,0.0071087783670752
2.4504422698000385,1.2775810124598492,0.0070091756502705
2.4923301718479025,1.2775810124598492,0.0047238384175307
2.5342180738957665,1.2775810124598492,0.0011095975207285
2.5761059759436304,1.2775810124598492,0.0042332924921307
2.6179938779914940,1.2775810124598492,-0.0024194808758518
2.6598817800393584,1.2775810124598492,0.0010450640372475
2.7017696820872219,1.2775810124598492,0.0037850595299842
2.7436575841350863,1.2775810124598492,0.0015136107199829
2.7855454861829498,1.2775810124598492,0.0002378189620234
2.8274333882308138,1.2775810124598492,0.0008986765629218
2.8693212902786778,1.2775810124598492,0.0021832411436780
2.9112091923265417,1.2775810124598492,0.0030604200744238
2.9530970943744053,1.2775810124598492,0.0034264332596150
2.9949849964222697,1.2775810124598492,0.0035181917773324
3.0368728984701332,1.2775810124598492,0.0033672945306241
3.0787608005179976,1.2775810124598492,0.0026766277769203
3.1206487025658611,1.2775810124598492,0.0011033055223963
0.0209439510239320,1.3194689145077132,0.0022818576618394
0.0628318530717960,1.3194689145077132,0.0048295154400760
0.1047197551196597,1.3194689145077132,0.0055744744918234
0.1466076571675237,1.3194689145077132,0.0050305042344210
0.1884955592153876,1.3194689145077132,0.0033735733653826
0.2303834612632514,1.3194689145077132,0.0009073909406079
0.2722713633111153,1.3194689145077132,-0.0014920483165484
0.3141592653589793,1.3194689145077132,-0.0023360299671558
0.3560471674068433,1.3194689145077132,-0.0003695875703329
0.3979350694547070,1.3194689145077132,0.0037903715217225
0.4398229715025710,1.3194689145077132,0.0069808955419114
0.4817108735504350,1.3194689145077132,0.0016747280527689
0.5235987755982989,1.3194689145077132,-0.0016759613632596
0.5654866776461627,1.3194689145077132,0.0022890636927174
0.6073745796940266,1.3194689145077132,0.0042401779249190
0.6492624817418906,1.3194689145077132,0.0049000610146530
0.6911503837897545,1.3194689145077132,0.0070193531998307
0.7330382858376183,1.3194689145077132,0.0064777879519722
0.7749261878854823,1.3194689145077132,0.0070644442354467
0.8168140899333461,1.3194689145077132,0.0078052470080493
0.8587019919812100,1.3194689145077132,0.0075839527545059
0.9005898940290740,1.3194689145077132,0.0068603483423075
0.9424777960769379,1.3194689145077132,0.0063784348882501
0.9843656981248019,1.3194689145077132,0.0064755668349901
1.0262536001726656,1.3194689145077132,0.0069997004561146
1.0681415022205296,1.3194689145077132,0.0075339459083024
1.1100294042683936,1.3194689145077132,0.0077090816511827
1.1519173063162575,1.3194689145077132,0.0074054429164785
1.1938052083641213,1.3194689145077132,0.0067588999283790
1.2356931104119853,1.3194689145077132,0.0060332603583970
1.2775810124598492,1.3194689145077132,0.0054749982770774
1.3194689145077132,1.3194689145077132,0.0052243895726498
1.3613568165555769,1.3194689145077132,0.0052952861283209
1.4032447186034409,1.3194689145077132,0.0056015095439967
1.4451326206513049,1.3194689145077132,0.0060026516754661
1.4870205226991688,1.3194689145077132,0.0063502488827294
1.5289084247470326,1.3194689145077132,0.0065248483636475
1.5707963267948966,1.3194689145077132,0.0064608443997662
1.6126842288427605,1.3194689145077132,0.0061589239723432
1.6545721308906245,1.3194689145077132,0.0056867023251006
1.6964600329384882,1.3194689145077132,0.0051678483517237
1.7383479349863524,1.3194689145077132,0.0047596295752572
1.7802358370342162,1.3194689145077132,0.0046191415015095
1.8221237390820799,1.3194689145077132,0.0048603395721063
1.8640116411299441,1.3194689145077132,0.0055081209746222
1.9058995431778079,1.3194689145077132,0.0064622145282600
1.9477874452256716,1.3194689145077132,0.0074906323732939
1.9896753472735358,1.3194689145077132,0.0082743166260424
2.0315632493213993,1.3194689145077132,0.0085122587272541
2.0734511513692637,1.3194689145077132,0.0080634636984460
2.1153390534171272,1.3194689145077132,0.0070589221112103
2.1572269554649912,1.3194689145077132,0.0058984301153169
2.1991148575128552,1.3194689145077132,0.0050907806024785
2.2410027595607191,1.3194689145077132,0.0049889693684149
2.2828906616085827,1.3194689145077132,0.0055479224341126
2.3247785636564471,1.3194689145077132,0.0062775760893088
2.3666664657043106,1.3194689145077132,0.0066699578679661
2.4085543677521750,1.3194689145077132,0.0070947523687452
2.4504422698000385,1.3194689145077132,0.0070148397780753
2.4923301718479025,1.3194689145077132,0.0036668641439991
2.5342180738957665,1.3194689145077132,0.0032624426207793
2.5761059759436304,1.3194689145077132,0.0018303009574074
2.6179938779914940,1.3194689145077132,-0.0026760678935491
2.6598817800393584,1.3194689145077132,0.0011295987942085
2.7017696820872219,1.3194689145077132,0.0021734932917488
2.7436575841350863,1.3194689145077132,0.0011941061742076
2.7855454861829498,1.3194689145077132,0.0002085633168722
2.8274333882308138,1.3194689145077132,0.0003103868916057
2.8693212902786778,1.3194689145077132,0.0008314631969242
2.9112091923265417,1.3194689145077132,0.0013926090971816
2.9530970943744053,1.3194689145077132,0.0020436792716785
2.9949849964222697,1.3194689145077132,0.0027416819783186
3.0368728984701332,1.3194689145077132,0.0031284364664395
3.0787608005179976,1.3194689145077132,0.0026792733087202
3.1206487025658611,1.3194689145077132,0.0011055942225375
0.0209439510239320,1.3613568165555769,0.0025001966058662
0.0628318530717960,1.3613568165555769,0.0049960843170839
0.1047197551196597,1.3613568165555769,0.0053375114186864
0.1466076571675237,1.3613568165555769,0.0043548065830887
0.1884955592153876,1.3613568165555769,0.0024435133626091
0.2303834612632514,1.3613568165555769,-0.0000215258956204
0.2722713633111153,1.3613568165555769,-0.0022638969004978
0.3141592653589793,1.3613568165555769,-0.0030209691902123
0.3560471674068433,1.3613568165555769,-0.0013025930566064
0.3979350694547070,1.3613568165555769,0.0019433579773833
0.4398229715025710,1.3613568165555769,0.0036918020099540
0.4817108735504350,1.3613568165555769,0.0017141807400808
0.5235987755982989,1.3613568165555769,-0.0018255016161549
0.5654866776461627,1.3613568165555769,0.0004683904594299
0.6073745796940266,1.3613568165555769,0.0053871298958513
0.6492624817418906,1.3613568165555769,0.0055489198044285
0.6911503837897545,1.3613568165555769,0.0073138375575036
0.7330382858376183,1.3613568165555769,0.0068252817021686
0.7749261878854823,1.3613568165555769,0.0074422017514671
0.8168140899333461,1.3613568165555769,0.0078445891344099
0.8587019919812100,1.3613568165555769,0.0074558623656271
0.9005898940290740,1.3613568165555769,0.0068513885573602
0.9424777960769379,1.3613568165555769,0.0066160592152145
0.9843656981248019,1.3613568165555769,0.0069093777020819
1.0262536001726656,1.3613568165555769,0.0074797471878605
1.0681415022205296,1.3613568165555769,0.0079008767250073
1.1100294042683936,1.3613568165555769,0.0078612194458780
1.1519173063162575,1.3613568165555769,0.0073239340368052
1.1938052083641213,1.3613568165555769,0.0064930276969313
1.2356931104119853,1.3613568165555769,0.0056666111906516
1.2775810124598492,1.3613568165555769,0.0050940492317886
1.3194689145077132,1.3613568165555769,0.0048998329936145
1.3613568165555769,1.3613568165555769,0.0050757854605026
1.4032447186034409,1.3613568165555769,0.0055150029962072
1.4451326206513049,1.3613568165555769,0.0060604087124054
1.4870205226991688,1.3613568165555769,0.0065507344735436
1.5289084247470326,1.3613568165555769,0.0068562639756919
1.5707963267948966,1.3613568165555769,0.0069024172994223
1.6126842288427605,1.3613568165555769,0.0066816461525150
1.6545721308906245,1.3613568165555769,0.0062544691051118
1.6964600329384882,1.3613568165555769,0.0057399544557333
1.7383479349863524,1.3613568165555769,0.0052953787925554
1.7802358370342162,1.3613568165555769,0.0050848415820370
1.8221237390820799,1.3613568165555769,0.0052380508813532
1.8640116411299441,1.3613568165555769,0.0058041202840018
1.9058995431778079,1.3613568165555769,0.0067114319981543
1.9477874452256716,1.3613568165555769,0.0077521851704816
1.9896753472735358,1.3613568165555769,0.0086144169300297
2.0315632493213993,1.3613568165555769,0.0089760587601289
2.0734511513692637,1.3613568165555769,0.0086463574202960
2.1153390534171272,1.3613568165555769,0.0076948901519824
2.1572269554649912,1.3613568165555769,0.0064794589257215
2.1991148575128552,1.3613568165555769,0.0055153842999938
2.2410027595607191,1.3613568165555769,0.0052212969004595
2.2828906616085827,1.3613568165555769,0.0056604061129841
2.3247785636564471,1.3613568165555769,0.0064275182209013
2.3666664657043106,1.3613568165555769,0.0069139773972096
2.4085543677521750,1.3613568165555769,0.0071293627944051
2.4504422698000385,1.3613568165555769,0.0070000940746041
2.4923301718479025,1.3613568165555769,0.0035992543839506
2.5342180738957665,1.3613568165555769,0.0040893502607821
2.5761059759436304,1.3613568165555769,-0.0000308446078039
2.6179938779914940,1.3613568165555769,-0.0014520224814233
2.6598817800393584,1.3613568165555769,-0.0004399600064772
2.7017696820872219,1.3613568165555769,0.0002850651981599
2.7436575841350863,1.3613568165555769,0.0005707869830143
2.7855454861829498,1.3613568165555769,-0.0000263131489113
2.8274333882308138,1.3613568165555769,-0.0004744303375266
2.8693212902786778,1.3613568165555769,-0.0007619360724640
2.9112091923265417,1.3613568165555769,-0.0005703808154292
2.9530970943744053,1.3613568165555769,0.0002763015292999
2.9949849964222697,1.3613568165555769,0.0014602546622415
3.0368728984701332,1.3613568165555769,0.0023050878647759
3.0787608005179976,1.3613568165555769,0.0021627641834328
3.1206487025658611,1.3613568165555769,0.0008763865775329
0.0209439510239320,1.4032447186034409,0.0023456237214764
0.0628318530717960,1.4032447186034409,0.0042230798129653
0.1047197551196597,1.4032447186034409,0.0038585423944488
0.1466076571675237,1.4032447186034409,0.0024268828725640
0.1884955592153876,1.4032447186034409,0.0005482874498608
0.2303834612632514,1.4032447186034409,-0.0013889523625303
0.2722713633111153,1.4032447186034409,-0.0028725455089864
0.3141592653589793,1.4032447186034409,-0.0031251237927328
0.3560471674068433,1.4032447186034409,-0.0015917586928162
0.3979350694547070,1.4032447186034409,0.0006461487960099
0.4398229715025710,1.4032447186034409,0.0006238810531669
0.4817108735504350,1.4032447186034409,0.0001915335825330
0.5235987755982989,1.4032447186034409,-0.0011688836679955
0.5654866776461627,1.4032447186034409,0.0028087534372082
0.6073745796940266,1.4032447186034409,0.0078917184199433
0.6492624817418906,1.4032447186034409,0.0066197492031208
0.6911503837897545,1.4032447186034409,0.0075837599555478
0.7330382858376183,1.4032447186034409,0.0070803337917241
0.7749261878854823,1.4032447186034409,0.0075290039332520
0.8168140899333461,1.4032447186034409,0.0076819983249061
0.8587019919812100,1.4032447186034409,0.0072969453809295
0.9005898940290740,1.4032447186034409,0.0068844410103286
0.9424777960769379,1.4032447186034409,0.0068449519237233
0.9843656981248019,1.4032447186034409,0.0072211881193263
1.0262536001726656,1.4032447186034409,0.0077358317898546
1.0681415022205296,1.4032447186034409,0.0080006415015392
1.1100294042683936,1.4032447186034409,0.0077718338810873
1.1519173063162575,1.4032447186034409,0.0070761171133271
1.1938052083641213,1.4032447186034409,0.0061543194876408
1.2356931104119853,1.4032447186034409,0.0053112644374962
1.2775810124598492,1.4032447186034409,0.0047832250374382
1.3194689145077132,1.4032447186034409,0.0046748887240251
1.3613568165555769,1.4032447186034409,0.0049604341465921
1.4032447186034409,1.4032447186034409,0.0055207642612705
1.4451326206513049,1.4032447186034409,0.0061914537575496
1.4870205226991688,1.4032447186034409,0.0068064188444703
1.5289084247470326,1.4032447186034409,0.0072312278144087
1.5707963267948966,1.4032447186034409,0.0073849886730550
1.6126842288427605,1.4032447186034409,0.0072516392995010
1.6545721308906245,1.4032447186034409,0.0068815652449121
1.6964600329384882,1.4032447186034409,0.0063838227383992
1.7383479349863524,1.4032447186034409,0.0059085551619438
1.7802358370342162,1.4032447186034409,0.0056190426096223
1.8221237390820799,1.4032447186034409,0.0056538828360271
1.8640116411299441,1.4032447186034409,0.0060828625259792
1.9058995431778079,1.4032447186034409,0.0068657153017018
1.9477874452256716,1.4032447186034409,0.0078304685072466
1.9896753472735358,1.4032447186034409,0.0086936180265846
2.0315632493213993,1.4032447186034409,0.0091396270367188
2.0734511513692637,1.4032447186034409,0.0089524902634268
2.1153390534171272,1.4032447186034409,0.0081482622698315
2.1572269554649912,1.4032447186034409,0.0070220392008016
2.1991148575128552,1.4032447186034409,0.0060434186302190
2.2410027595607191,1.4032447186034409,0.0056252283682938
2.2828906616085827,1.4032447186034409,0.0058826026092060
2.3247785636564471,1.4032447186034409,0.0065163253517768
2.3666664657043106,1.4032447186034409,0.0069803423345497
2.4085543677521750,1.4032447186034409,0.0071302010745593
2.4504422698000385,1.4032447186034409,0.0070388371028864
2.4923301718479025,1.4032447186034409,0.0042790051972834
2.5342180738957665,1.4032447186034409,0.0064242242383282
2.5761059759436304,1.4032447186034409,0.0018163472585038
2.6179938779914940,1.4032447186034409,0.0004755812359051
2.6598817800393584,1.4032447186034409,-0.0024852861355946
2.7017696820872219,1.4032447186034409,-0.0012798026747423
2.7436575841350863,1.4032447186034409,0.0001026927700511
2.7855454861829498,1.4032447186034409,0.0000632796710252
2.8274333882308138,1.4032447186034409,-0.0008288806240973
2.8693212902786778,1.4032447186034409,-0.0018375164993782
2.9112091923265417,1.4032447186034409,-0.0020291390407485
2.9530970943744053,1.4032447186034409,-0.0011705118656244
2.9949849964222697,1.4032447186034409,0.0002039381191703
3.0368728984701332,1.4032447186034409,0.0012459356775124
3.0787608005179976,1.4032447186034409,0.0013270320204436
3.1206487025658611,1.4032447186034409,0.0004865240011393
0.0209439510239320,1.4451326206513049,0.0019195217285706
0.0628318530717960,1.4451326206513049,0.0028936334483900
0.1047197551196597,1.4451326206513049,0.0018099480131377
0.1466076571675237,1.4451326206513049,0.0001079562939266
0.1884955592153876,1.4451326206513049,-0.0014312875886062
0.2303834612632514,1.4451326206513049,-0.0024581611155876
0.2722713633111153,1.4451326206513049,-0.0027909804781405
0.3141592653589793,1.4451326206513049,-0.0022553442893580
0.3560471674068433,1.4451326206513049,-0.0008571160590543
0.3979350694547070,1.4451326206513049,0.0003653798335064
0.4398229715025710,1.4451326206513049,-0.0011676011467965
0.4817108735504350,1.4451326206513049,-0.0017907048595760
0.5235987755982989,1.4451326206513049,0.0005487248362736
0.5654866776461627,1.4451326206513049,0.0009953127769430
0.6073745796940266,1.4451326206513049,0.0097191209623042
0.6492624817418906,1.4451326206513049,0.0077179953890259
0.6911503837897545,1.4451326206513049,0.0078347741829067
0.7330382858376183,1.4451326206513049,0.0071871254414486
0.7749261878854823,1.4451326206513049,0.0073740949712042
0.8168140899333461,1.4451326206513049,0.0073932771909425
0.8587019919812100,1.4451326206513049,0.0071353078610836
0.9005898940290740,1.4451326206513049,0.0069319717739160
0.9424777960769379,1.4451326206513049,0.0070130372884629
0.9843656981248019,1.4451326206513049,0.0073711176967795
1.0262536001726656,1.4451326206513049,0.0077643194149066
1.0681415022205296,1.4451326206513049,0.0078718006916687
1.1100294042683936,1.4451326206513049,0.0075122432282964
1.1519173063162575,1.4451326206513049,0.0067484331383261
1.1938052083641213,1.4451326206513049,0.0058261081083222
1.2356931104119853,1.4451326206513049,0.0050334922646686
1.2775810124598492,1.4451326206513049,0.0045835635826275
1.3194689145077132,1.4451326206513049,0.0045622426236158
1.3613568165555769,1.4451326206513049,0.0049339836521409
1.4032447186034409,1.4451326206513049,0.0055781387881062
1.4451326206513049,1.4451326206513049,0.0063333624006385
1.4870205226991688,1.4451326206513049,0.0070372714008879
1.5289084247470326,1.4451326206513049,0.0075565226604541
1.5707963267948966,1.4451326206513049,0.0078067446244638
1.6126842288427605,1.4451326206513049,0.0077632555313571
1.6545721308906245,1.4451326206513049,0.0074634575359895
1.6964600329384882,1.4451326206513049,0.0070011229826887
1.7383479349863524,1.4451326206513049,0.0065120751903334
1.7802358370342162,1.4451326206513049,0.0061504925606708
1.8221237390820799,1.4451326206513049,0.0060558053469322
1.8640116411299441,1.4451326206513049,0.0063126458810623
1.9058995431778079,1.4451326206513049,0.0069112053798452
1.9477874452256716,1.4451326206513049,0.0077223227416008
1.9896753472735358,1.4451326206513049,0.0085076911451818
2.0315632493213993,1.4451326206513049,0.0089834092262251
2.0734511513692637,1.4451326206513049,0.0089348790540602
2.1153390534171272,1.4451326206513049,0.0083407012957490
2.1572269554649912,1.4451326206513049,0.0074254794337227
2.1991148575128552,1.4451326206513049,0.0065743717632998
2.2410027595607191,1.4451326206513049,0.0061310120473217
2.2828906616085827,1.4451326206513049,0.0062006930664480
2.3247785636564471,1.4451326206513049,0.0065830533471259
2.3666664657043106,1.4451326206513049,0.0069072568107188
2.4085543677521750,1.4451326206513049,0.0070701346274311
2.4504422698000385,1.4451326206513049,0.0071563206129787
2.4923301718479025,1.4451326206513049,0.0052875048467749
2.5342180738957665,1.4451326206513049,0.0082351924874394
2.5761059759436304,1.4451326206513049,-0.0013225102570596
2.6179938779914940,1.4451326206513049,0.0013750459969550
2.6598817800393584,1.4451326206513049,-0.0039178642337017
2.7017696820872219,1.4451326206513049,-0.0025532160361631
2.7436575841350863,1.4451326206513049,0.0000062737550401
2.7855454861829498,1.4451326206513049,0.0008048150663595
2.8274333882308138,1.4451326206513049,-0.0003429009209064
2.8693212902786778,1.4451326206513049,-0.0018997759392541
2.9112091923265417,1.4451326206513049,-0.0024578427246218
2.9530970943744053,1.4451326206513049,-0.0017915500787542
2.9949849964222697,1.4451326206513049,-0.0005630761857685
3.0368728984701332,1.4451326206513049,0.0003619953445887
3.0787608005179976,1.4451326206513049,0.0004890650611663
3.1206487025658611,1.4451326206513049,0.0000713198552700
0.0209439510239320,1.4870205226991688,0.0014093105920054
0.0628318530717960,1.4870205226991688,0.0015720659652064
0.1047197551196597,1.4870205226991688,0.0000536810977237
0.1466076571675237,1.4870205226991688,-0.0016036158472361
0.1884955592153876,1.4870205226991688,-0.0025643648712717
0.2303834612632514,1.4870205226991688,-0.0025459282536540
0.2722713633111153,1.4870205226991688,-0.0016560814272457
0.3141592653589793,1.4870205226991688,-0.0002877313371483
0.3560471674068433,1.4870205226991688,0.0009037151739275
0.3979350694547070,1.4870205226991688,0.0008848943219515
0.4398229715025710,1.4870205226991688,-0.0017677094590757
0.4817108735504350,1.4870205226991688,-0.0028572516027774
0.5235987755982989,1.4870205226991688,0.0020058195842606
0.5654866776461627,1.4870205226991688,-0.0027996130391677
0.6073745796940266,1.4870205226991688,0.0110200592851214
0.6492624817418906,1.4870205226991688,0.0086519197843934
0.6911503837897545,1.4870205226991688,0.0080462764426635
0.7330382858376183,1.4870205226991688,0.0071577523512056
0.7749261878854823,1.4870205226991688,0.0070615796040452
0.8168140899333461,1.4870205226991688,0.0070469798691941
0.8587019919812100,1.4870205226991688,0.0069842109800038
0.9005898940290740,1.4870205226991688,0.0069692196222131
0.9424777960769379,1.4870205226991688,0.0070933431326969
0.9843656981248019,1.4870205226991688,0.0073573693473805
1.0262536001726656,1.4870205226991688,0.0075990202418650
1.0681415022205296,1.4870205226991688,0.0075790271128917
1.1100294042683936,1.4870205226991688,0.0071641784577610
1.1519173063162575,1.4870205226991688,0.0064238270416412
1.1938052083641213,1.4870205226991688,0.0055798003069132
1.2356931104119853,1.4870205226991688,0.0048855029010206
1.2775810124598492,1.4870205226991688,0.0045250433895645
1.3194689145077132,1.4870205226991688,0.0045697364675026
1.3613568165555769,1.4870205226991688,0.0049838784946172
1.4032447186034409,1.4870205226991688,0.0056565512371418
1.4451326206513049,1.4870205226991688,0.0064400372212101
1.4870205226991688,1.4870205226991688,0.0071841266593178
1.5289084247470326,1.4870205226991688,0.0077623667625213
1.5707963267948966,1.4870205226991688,0.0080898766742945
1.6126842288427605,1.4870205226991688,0.0081335582585655
1.6545721308906245,1.4870205226991688,0.0079154470853848
1.6964600329384882,1.4870205226991688,0.0075093295765787
1.7383479349863524,1.4870205226991688,0.0070300813136144
1.7802358370342162,1.4870205226991688,0.0066148473334717
1.8221237390820799,1.4870205226991688,0.0063956676789667
1.8640116411299441,1.4870205226991688,0.0064651019172404
1.9058995431778079,1.4870205226991688,0.0068404730469243
1.9477874452256716,1.4870205226991688,0.0074384665213727
1.9896753472735358,1.4870205226991688,0.0080777121234097
2.0315632493213993,1.4870205226991688,0.0085264670274583
2.0734511513692637,1.4870205226991688,0.0085963847034618
2.1153390534171272,1.4870205226991688,0.0082478469735885
2.1572269554649912,1.4870205226991688,0.0076359314483951
2.1991148575128552,1.4870205226991688,0.0070352945763634
2.2410027595607191,1.4870205226991688,0.0066699601232749
2.2828906616085827,1.4870205226991688,0.0065807727255958
2.3247785636564471,1.4870205226991688,0.0066490248686668
2.3666664657043106,1.4870205226991688,0.0067512898017441
2.4085543677521750,1.4870205226991688,0.0069724987479862
2.4504422698000385,1.4870205226991688,0.0073499270058204
2.4923301718479025,1.4870205226991688,0.0063715892678325
2.5342180738957665,1.4870205226991688,0.0096519174846367
2.5761059759436304,1.4870205226991688,-0.0046349138551279
2.6179938779914940,1.4870205226991688,-0.0006264484244636
2.6598817800393584,1.4870205226991688,-0.0042920285270006
2.7017696820872219,1.4870205226991688,-0.0038428525875044
2.7436575841350863,1.4870205226991688,0.0000814980174049
2.7855454861829498,1.4870205226991688,0.0019331530254805
2.8274333882308138,1.4870205226991688,0.0007667043501651
2.8693212902786778,1.4870205226991688,-0.0010918135701417
2.9112091923265417,1.4870205226991688,-0.0019165941633918
2.9530970943744053,1.4870205226991688,-0.0015283665073580
2.9949849964222697,1.4870205226991688,-0.0006393126345750
3.0368728984701332,1.4870205226991688,-0.0000373389321936
3.0787608005179976,1.4870205226991688,-0.0000444372047201
3.1206487025658611,1.4870205226991688,-0.0002255907610488
0.0209439510239320,1.5289084247470326,0.0009962207142775
0.0628318530717960,1.5289084247470326,0.0007191454155414
0.1047197551196597,1.5289084247470326,-0.0008051356024174
0.1466076571675237,1.5289084247470326,-0.0021107998357326
0.1884955592153876,1.5289084247470326,-0.0024141055926703
0.2303834612632514,1.5289084247470326,-0.0014999636236610
0.2722713633111153,1.5289084247470326,0.0003456265179702
0.3141592653589793,1.5289084247470326,0.0023141067571633
0.3560471674068433,1.5289084247470326,0.0031056206875471
0.3979350694547070,1.5289084247470326,0.0014868261958898
0.4398229715025710,1.5289084247470326,-0.0021109867547221
0.4817108735504350,1.5289084247470326,-0.0026277267952938
0.5235987755982989,1.5289084247470326,0.0004923441445842
0.5654866776461627,1.5289084247470326,-0.0016824043589896
0.6073745796940266,1.5289084247470326,0.0118277975251983
0.6492624817418906,1.5289084247470326,0.0093262986808975
0.6911503837897545,1.5289084247470326,0.0081956842888253
0.7330382858376183,1.5289084247470326,0.0070482014972623
0.7749261878854823,1.5289084247470326,0.0066911733739867
0.8168140899333461,1.5289084247470326,0.0067035919635812
0.8587019919812100,1.5289084247470326,0.0068503908792987
0.9005898940290740,1.5289084247470326,0.0069807262462935
0.9424777960769379,1.5289084247470326,0.0070828248493551
0.9843656981248019,1.5289084247470326,0.0072067352925900
1.0262536001726656,1.5289084247470326,0.0072960174908598
1.0681415022205296,1.5289084247470326,0.0071961111386072
1.1100294042683936,1.5289084247470326,0.0068044655595729
1.1519173063162575,1.5289084247470326,0.0061702843656537
1.1938052083641213,1.5289084247470326,0.0054679542457285
1.2356931104119853,1.5289084247470326,0.0049026928797153
1.2775810124598492,1.5289084247470326,0.0046271836964089
1.3194689145077132,1.5289084247470326,0.0047034585211678
1.3613568165555769,1.5289084247470326,0.0051051525586812
1.4032447186034409,1.5289084247470326,0.0057417379986493
1.4451326206513049,1.5289084247470326,0.0064889885063200
1.4870205226991688,1.5289084247470326,0.0072168515950097
1.5289084247470326,1.5289084247470326,0.0078113806924649
1.5707963267948966,1.5289084247470326,0.0081902925213884
1.6126842288427605,1.5289084247470326,0.0083127164014418
1.6545721308906245,1.5289084247470326,0.0081836467622294
1.6964600329384882,1.5289084247470326,0.0078531040454610
1.7383479349863524,1.5289084247470326,0.0074094302593952
1.7802358370342162,1.5289084247470326,0.0069658005622961
1.8221237390820799,1.5289084247470326,0.0066393107387017
1.8640116411299441,1.5289084247470326,0.0065234538245709
1.9058995431778079,1.5289084247470326,0.0066580213509120
1.9477874452256716,1.5289084247470326,0.0070055304997849
1.9896753472735358,1.5289084247470326,0.0074484934686936
2.0315632493213993,1.5289084247470326,0.0078221541624082
2.0734511513692637,1.5289084247470326,0.0079846011390119
2.1153390534171272,1.5289084247470326,0.0078961523830605
2.1572269554649912,1.5289084247470326,0.0076478113660150
2.1991148575128552,1.5289084247470326,0.0073882222323627
2.2410027595607191,1.5289084247470326,0.0071868878590269
2.2828906616085827,1.5289084247470326,0.0069818654738314
2.3247785636564471,1.5289084247470326,0.0067232860754972
2.3666664657043106,1.5289084247470326,0.0065764964926588
2.4085543677521750,1.5289084247470326,0.0068919708287941
2.4504422698000385,1.5289084247470326,0.0076027796188252
2.4923301718479025,1.5289084247470326,0.0073654103143058
2.5342180738957665,1.5289084247470326,0.0106494352569303
2.5761059759436304,1.5289084247470326,-0.0032359497364127
2.6179938779914940,1.5289084247470326,-0.0039983864931429
2.6598817800393584,1.5289084247470326,-0.0037524433699573
2.7017696820872219,1.5289084247470326,-0.0051406999474541
2.7436575841350863,1.5289084247470326,-0.0000712188983967
2.7855454861829498,1.5289084247470326,0.0026851122937681
2.8274333882308138,1.5289084247470326,0.0016810228012845
2.8693212902786778,1.5289084247470326,-0.0001730078239230
2.9112091923265417,1.5289084247470326,-0.0010104911392952
2.9530970943744053,1.5289084247470326,-0.0007398639526597
2.9949849964222697,1.5289084247470326,-0.0001086888737527
3.0368728984701332,1.5289084247470326,0.0001715730088928
3.0787608005179976,1.5289084247470326,-0.0000838864250351
3.1206487025658611,1.5289084247470326,-0.0003080968175722
0.0209439510239320,1.5707963267948966,0.0007819828437705
0.0628318530717960,1.5707963267948966,0.0005052771586375
0.1047197551196597,1.5707963267948966,-0.0006756447453385
0.1466076571675237,1.5707963267948966,-0.0015066592788155
0.1884955592153876,1.5707963267948966,-0.0013197642725753
0.2303834612632514,1.5707963267948966,0.0000674749320024
0.2722713633111153,1.5707963267948966,0.0023395334308292
0.3141592653589793,1.5707963267948966,0.0044956694949971
0.3560471674068433,1.5707963267948966,0.0047384816230536
0.3979350694547070,1.5707963267948966,0.0014839096784915
0.4398229715025710,1.5707963267948966,-0.0030407753656332
0.4817108735504350,1.5707963267948966,-0.0015196506547316
0.5235987755982989,1.5707963267948966,-0.0020643796979201
0.5654866776461627,1.5707963267948966,-0.0008872609382071
0.6073745796940266,1.5707963267948966,0.0120063796609809
0.6492624817418906,1.5707963267948966,0.0096793577126179
0.6911503837897545,1.5707963267948966,0.0082594573227714
0.7330382858376183,1.5707963267948966,0.0069302521419637
0.7749261878854823,1.5707963267948966,0.0063642883324280
0.8168140899333461,1.5707963267948966,0.0064173632615558
0.8587019919812100,1.5707963267948966,0.0067398573167401
0.9005898940290740,1.5707963267948966,0.0069611637783926
0.9424777960769379,1.5707963267948966,0.0069956349916116
0.9843656981248019,1.5707963267948966,0.0069621369377937
1.0262536001726656,1.5707963267948966,0.0069189252661941
1.0681415022205296,1.5707963267948966,0.0067921049610664
1.1100294042683936,1.5707963267948966,0.0064939729969833
1.1519173063162575,1.5707963267948966,0.0060330680185783
1.1938052083641213,1.5707963267948966,0.0055192856273170
1.2356931104119853,1.5707963267948966,0.0051005193494880
1.2775810124598492,1.5707963267948966,0.0048969620485164
1.3194689145077132,1.5707963267948966,0.0049661694201415
1.3613568165555769,1.5707963267948966,0.0052991189349223
1.4032447186034409,1.5707963267948966,0.0058346731593693
1.4451326206513049,1.5707963267948966,0.0064805969575796
1.4870205226991688,1.5707963267948966,0.0071341050964455
1.5289084247470326,1.5707963267948966,0.0076990176235823
1.5707963267948966,1.5707963267948966,0.0080988773140636
1.6126842288427605,1.5707963267948966,0.0082862232495038
1.6545721308906245,1.5707963267948966,0.0082482309815242
1.6964600329384882,1.5707963267948966,0.0080085695359995
1.7383479349863524,1.5707963267948966,0.0076248693732737
1.7802358370342162,1.5707963267948966,0.0071808745890238
1.8221237390820799,1.5707963267948966,0.0067724712010473
1.8640116411299441,1.5707963267948966,0.0064877883663090
1.9058995431778079,1.5707963267948966,0.0063839689063188
1.9477874452256716,1.5707963267948966,0.0064671349490655
1.9896753472735358,1.5707963267948966,0.0066862839421122
2.0315632493213993,1.5707963267948966,0.0069523267236238
2.0734511513692637,1.5707963267948966,0.0071834766899648
2.1153390534171272,1.5707963267948966,0.0073538644249580
2.1572269554649912,1.5707963267948966,0.0074967354388127
2.1991148575128552,1.5707963267948966,0.0076275711469798
2.2410027595607191,1.5707963267948966,0.0076433552676303
2.2828906616085827,1.5707963267948966,0.0073636881966150
2.3247785636564471,1.5707963267948966,0.0068087651933664
2.3666664657043106,1.5707963267948966,0.0064478039657249
2.4085543677521750,1.5707963267948966,0.0068908881398737
2.4504422698000385,1.5707963267948966,0.0078782916046425
2.4923301718479025,1.5707963267948966,0.0081272416485070
2.5342180738957665,1.5707963267948966,0.0110219567931721
2.5761059759436304,1.5707963267948966,-0.0026724547526033
2.6179938779914940,1.5707963267948966,-0.0063797912651226
2.6598817800393584,1.5707963267948966,-0.0029975461179274
2.7017696820872219,1.5707963267948966,-0.0060030000932496
2.7436575841350863,1.5707963267948966,-0.0006598840863052
2.7855454861829498,1.5707963267948966,0.0023502525561228
2.8274333882308138,1.5707963267948966,0.0015166922949643
2.8693212902786778,1.5707963267948966,-0.0000221049369347
2.9112091923265417,1.5707963267948966,-0.0004714604031133
2.9530970943744053,1.5707963267948966,0.0000841677029926
2.9949849964222697,1.5707963267948966,0.0007890707384355
3.0368728984701332,1.5707963267948966,0.0009271610527725
3.0787608005179976,1.5707963267948966,0.0003852541293690
3.1206487025658611,1.5707963267948966,-0.0001632254934350
0.0209439510239320,1.6126842288427605,0.0007702030477079
0.0628318530717960,1.6126842288427605,0.0008180599359848
0.1047197551196597,1.6126842288427605,0.0000988744476514
0.1466076571675237,1.6126842288427605,-0.0004146090369630
0.1884955592153876,1.6126842288427605,-0.0001705467983981
0.2303834612632514,1.6126842288427605,0.0010652229384012
0.2722713633111153,1.6126842288427605,0.0031275563457986
0.3141592653589793,1.6126842288427605,0.0050870559446592
0.3560471674068433,1.6126842288427605,0.0049144204956821
0.3979350694547070,1.6126842288427605,0.0006729886409960
0.4398229715025710,1.6126842288427605,-0.0044736318052716
0.4817108735504350,1.6126842288427605,-0.0007898749265950
0.5235987755982989,1.6126842288427605,-0.0036979879213973
0.5654866776461627,1.6126842288427605,-0.0027755385782010
0.6073745796940266,1.6126842288427605,0.0114166614990845
0.6492624817418906,1.6126842288427605,0.0096752774917150
0.6911503837897545,1.6126842288427605,0.0082063561906394
0.7330382858376183,1.6126842288427605,0.0068625150632414
0.7749261878854823,1.6126842288427605,0.0061712432488085
0.8168140899333461,1.6126842288427605,0.0062382068282791
0.8587019919812100,1.6126842288427605,0.0066616306178779
0.9005898940290740,1.6126842288427605,0.0069130940706179
0.9424777960769379,1.6126842288427605,0.0068542125132622
0.9843656981248019,1.6126842288427605,0.0066701966024183
1.0262536001726656,1.6126842288427605,0.0065266547054224
1.0681415022205296,1.6126842288427605,0.0064217133387303
1.1100294042683936,1.6126842288427605,0.0062712509727425
1.1519173063162575,1.6126842288427605,0.0060308337508381
1.1938052083641213,1.6126842288427605,0.0057359058095088
1.2356931104119853,1.6126842288427605,0.0054716255442551
1.2775810124598492,1.6126842288427605,0.0053250547419377
1.3194689145077132,1.6126842288427605,0.0053523826952864
1.3613568165555769,1.6126842288427605,0.0055673899117212
1.4032447186034409,1.6126842288427605,0.0059448458495588
1.4451326206513049,1.6126842288427605,0.0064310587167715
1.4870205226991688,1.6126842288427605,0.0069563723678074
1.5289084247470326,1.6126842288427605,0.0074470767368768
1.5707963267948966,1.6126842288427605,0.0078358237904936
1.6126842288427605,1.6126842288427605,0.0080703196850109
1.6545721308906245,1.6126842288427605,0.0081201573307537
1.6964600329384882,1.6126842288427605,0.0079814475587705
1.7383479349863524,1.6126842288427605,0.0076785858358539
1.7802358370342162,1.6126842288427605,0.0072622143686658
1.8221237390820799,1.6126842288427605,0.0068024306327623
1.8640116411299441,1.6126842288427605,0.0063768974612084
1.9058995431778079,1.6126842288427605,0.0060551347023172
1.9477874452256716,1.6126842288427605,0.0058830602612434
1.9896753472735358,1.6126842288427605,0.0058748847392711
2.0315632493213993,1.6126842288427605,0.0060196686656893
2.0734511513692637,1.6126842288427605,0.0063019695421014
2.1153390534171272,1.6126842288427605,0.0067173068255710
2.1572269554649912,1.6126842288427605,0.0072459075933753
2.1991148575128552,1.6126842288427605,0.0077699096315222
2.2410027595607191,1.6126842288427605,0.0080139627359885
2.2828906616085827,1.6126842288427605,0.0076902902456055
2.3247785636564471,1.6126842288427605,0.0069078786178466
2.3666664657043106,1.6126842288427605,0.0064249620302079
2.4085543677521750,1.6126842288427605,0.0070131139017089
2.4504422698000385,1.6126842288427605,0.0081092450725730
2.4923301718479025,1.6126842288427605,0.0085338419593158
2.5342180738957665,1.6126842288427605,0.0105786257977551
2.5761059759436304,1.6126842288427605,-0.0046448259719885
2.6179938779914940,1.6126842288427605,-0.0066981182139952
2.6598817800393584,1.6126842288427605,-0.0026451293724851
2.7017696820872219,1.6126842288427605,-0.0059949668337459
2.7436575841350863,1.6126842288427605,-0.0014786899019403
2.7855454861829498,1.6126842288427605,0.0008669241748709
2.8274333882308138,1.6126842288427605,0.0000283705303186
2.8693212902786778,1.6126842288427605,-0.0009705805660751
2.9112091923265417,1.6126842288427605,-0.0006301147099594
2.9530970943744053,1.6126842288427605,0.0006595537741181
2.9949849964222697,1.6126842288427605,0.0018155905454569
3.0368728984701332,1.6126842288427605,0.0020215937633987
3.0787608005179976,1.6126842288427605,0.0011949722184397
3.1206487025658611,1.6126842288427605,0.0001326088575717
0.0209439510239320,1.6545721308906245,0.0008918111358210
0.0628318530717960,1.6545721308906245,0.0014116615186236
0.1047197551196597,1.6545721308906245,0.0010715919255393
0.1466076571675237,1.6545721308906245,0.0005304087734912
0.1884955592153876,1.6545721308906245,0.0002653647569810
0.2303834612632514,1.6545721308906245,0.0006852708842615
0.2722713633111153,1.6545721308906245,0.0019773065866686
0.3141592653589793,1.6545721308906245,0.0035572144815288
0.3560471674068433,1.6545721308906245,0.0034704196282647
0.3979350694547070,1.6545721308906245,-0.0005260460040146
0.4398229715025710,1.6545721308906245,-0.0056179250775767
0.4817108735504350,1.6545721308906245,-0.0014755018646817
0.5235987755982989,1.6545721308906245,-0.0038177699911690
0.5654866776461627,1.6545721308906245,-0.0041778433529040
0.6073745796940266,1.6545721308906245,0.0100123292540859
0.6492624817418906,1.6545721308906245,0.0093232487897978
0.6911503837897545,1.6545721308906245,0.0079983792832455
0.7330382858376183,1.6545721308906245,0.0068631448296967
0.7749261878854823,1.6545721308906245,0.0061760380876442
0.8168140899333461,1.6545721308906245,0.0062116780306171
0.8587019919812100,1.6545721308906245,0.0066304290691512
0.9005898940290740,1.6545721308906245,0.0068444038624282
0.9424777960769379,1.6545721308906245,0.0066810783455113
0.9843656981248019,1.6545721308906245,0.0063709001346126
1.0262536001726656,1.6545721308906245,0.0061646828927706
1.0681415022205296,1.6545721308906245,0.0061201634582275
1.1100294042683936,1.6545721308906245,0.0061508895682176
1.1519173063162575,1.6545721308906245,0.0061559643591260
1.1938052083641213,1.6545721308906245,0.0060937429208248
1.2356931104119853,1.6545721308906245,0.0059848352336447
1.2775810124598492,1.6545721308906245,0.0058825695276057
1.3194689145077132,1.6545721308906245,0.0058426449804356
1.3613568165555769,1.6545721308906245,0.0059039726699082
1.4032447186034409,1.6545721308906245,0.0060806955473578
1.4451326206513049,1.6545721308906245,0.0063617829864162
1.4870205226991688,1.6545721308906245,0.0067149461773912
1.5289084247470326,1.6545721308906245,0.0070928349984873
1.5707963267948966,1.6545721308906245,0.0074404040223950
1.6126842288427605,1.6545721308906245,0.0077028090301408
1.6545721308906245,1.6545721308906245,0.0078333344996389
1.6964600329384882,1.6545721308906245,0.0078007821501243
1.7383479349863524,1.6545721308906245,0.0075955570956778
1.7802358370342162,1.6545721308906245,0.0072334596753341
1.8221237390820799,1.6545721308906245,0.0067560763863148
1.8640116411299441,1.6545721308906245,0.0062269109461428
1.9058995431778079,1.6545721308906245,0.0057233123621323
1.9477874452256716,1.6545721308906245,0.0053259603569553
1.9896753472735358,1.6545721308906245,0.0051095009803350
2.0315632493213993,1.6545721308906245,0.0051376314213192
2.0734511513692637,1.6545721308906245,0.0054597769807279
2.1153390534171272,1.6545721308906245,0.0060933657302853
2.1572269554649912,1.6545721308906245,0.0069679107747975
2.1991148575128552,1.6545721308906245,0.0078390652849192
2.2410027595607191,1.6545721308906245,0.0082791694260320
2.2828906616085827,1.6545721308906245,0.0079322134848825
2.3247785636564471,1.6545721308906245,0.0070273843944287
2.3666664657043106,1.6545721308906245,0.0065538396776839
2.4085543677521750,1.6545721308906245,0.0072573180359703
2.4504422698000385,1.6545721308906245,0.0081980667413997
2.4923301718479025,1.6545721308906245,0.0085139142187517
2.5342180738957665,1.6545721308906245,0.0092695446986867
2.5761059759436304,1.6545721308906245,-0.0058631847525680
2.6179938779914940,1.6545721308906245,-0.0051186137616332
2.6598817800393584,1.6545721308906245,-0.0027542503381175
2.7017696820872219,1.6545721308906245,-0.0051061990181668
2.7436575841350863,1.6545721308906245,-0.0020219385350559
2.7855454861829498,1.6545721308906245,-0.0010023118151177
2.8274333882308138,1.6545721308906245,-0.0020698404245769
2.8693212902786778,1.6545721308906245,-0.0024838158212981
2.9112091923265417,1.6545721308906245,-0.0011885541010213
2.9530970943744053,1.6545721308906245,0.0010281028230745
2.9949849964222697,1.6545721308906245,0.0027863097425818
3.0368728984701332,1.6545721308906245,0.0031354377501227
3.0787608005179976,1.6545721308906245,0.0020342391312206
3.1206487025658611,1.6545721308906245,0.0004387293157131
0.0209439510239320,1.6964600329384882,0.0010374557477212
0.0628318530717960,1.6964600329384882,0.0020451686785037
0.1047197551196597,1.6964600329384882,0.0019850465321825
0.1466076571675237,1.6964600329384882,0.0011539730576817
0.1884955592153876,1.6964600329384882,-0.0000272193734332
0.2303834612632514,1.6964600329384882,-0.0008783768754739
0.2722713633111153,1.6964600329384882,-0.0006904516638333
0.3141592653589793,1.6964600329384882,0.0005293147528938
0.3560471674068433,1.6964600329384882,0.0011627188236056
0.3979350694547070,1.6964600329384882,-0.0013444279114490
0.4398229715025710,1.6964600329384882,-0.0057390167980043
0.4817108735504350,1.6964600329384882,-0.0032569094833621
0.5235987755982989,1.6964600329384882,-0.0030203846114913
0.5654866776461627,1.6964600329384882,-0.0022124529521789
0.6073745796940266,1.6964600329384882,0.0078928589905261
0.6492624817418906,1.6964600329384882,0.0086965864676424
0.6911503837897545,1.6964600329384882,0.0076115643406702
0.7330382858376183,1.6964600329384882,0.0068904202496936
0.7749261878854823,1.6964600329384882,0.0063963520235171
0.8168140899333461,1.6964600329384882,0.0063744861426288
0.8587019919812100,1.6964600329384882,0.0066686550325015
0.9005898940290740,1.6964600329384882,0.0067676226319899
0.9424777960769379,1.6964600329384882,0.0064936626433829
0.9843656981248019,1.6964600329384882,0.0060907319287036
1.0262536001726656,1.6964600329384882,0.0058600517463345
1.0681415022205296,1.6964600329384882,0.0059020487088672
1.1100294042683936,1.6964600329384882,0.0061260465778847
1.1519173063162575,1.6964600329384882,0.0063791288719894
1.1938052083641213,1.6964600329384882,0.0065470247739654
1.2356931104119853,1.6964600329384882,0.0065877975406083
1.2775810124598492,1.6964600329384882,0.0065207974518846
1.3194689145077132,1.6964600329384882,0.0064000567927840
1.3613568165555769,1.6964600329384882,0.0062887687171242
1.4032447186034409,1.6964600329384882,0.0062406367554857
1.4451326206513049,1.6964600329384882,0.0062886454892115
1.4870205226991688,1.6964600329384882,0.0064401439407971
1.5289084247470326,1.6964600329384882,0.0066769186465807
1.5707963267948966,1.6964600329384882,0.0069591024665594
1.6126842288427605,1.6964600329384882,0.0072319556865881
1.6545721308906245,1.6964600329384882,0.0074346747161473
1.6964600329384882,1.6964600329384882,0.0075104030251829
1.7383479349863524,1.6964600329384882,0.0074165260200854
1.7802358370342162,1.6964600329384882,0.0071341422580478
1.8221237390820799,1.6964600329384882,0.0066753948956144
1.8640116411299441,1.6964600329384882,0.0060872803268941
1.9058995431778079,1.6964600329384882,0.0054508369267681
1.9477874452256716,1.6964600329384882,0.0048753418650445
1.9896753472735358,1.6964600329384882,0.0044878546783091
2.0315632493213993,1.6964600329384882,0.0044176250011199
2.0734511513692637,1.6964600329384882,0.0047702970349286
2.1153390534171272,1.6964600329384882,0.0055792976568103
2.1572269554649912,1.6964600329384882,0.0067243280017915
2.1991148575128552,1.6964600329384882,0.0078503226790210
2.2410027595607191,1.6964600329384882,0.0084189663099616
2.2828906616085827,1.6964600329384882,0.0080700656952752
2.3247785636564471,1.6964600329384882,0.0071814859634126
2.3666664657043106,1.6964600329384882,0.0068520731537500
2.4085543677521750,1.6964600329384882,0.0075556337206870
2.4504422698000385,1.6964600329384882,0.0080441494054697
2.4923301718479025,1.6964600329384882,0.0080975949471144
2.5342180738957665,1.6964600329384882,0.0072510533468244
2.5761059759436304,1.6964600329384882,-0.0033945233652230
2.6179938779914940,1.6964600329384882,-0.0031688113069422
2.6598817800393584,1.6964600329384882,-0.0030579028216772
2.7017696820872219,1.6964600329384882,-0.0037251652581839
2.7436575841350863,1.6964600329384882,-0.0018014860200335
2.7855454861829498,1.6964600329384882,-0.0020766699693724
2.8274333882308138,1.6964600329384882,-0.0034745099617941
2.8693212902786778,1.6964600329384882,-0.0034967186281234
2.9112091923265417,1.6964600329384882,-0.0015048711854293
2.9530970943744053,1.6964600329384882,0.0013656327345073
2.9949849964222697,1.6964600329384882,0.0035008999804151
3.0368728984701332,1.6964600329384882,0.0038781730455343
3.0787608005179976,1.6964600329384882,0.0025394963863977
3.1206487025658611,1.6964600329384882,0.0006024814246382
0.0209439510239320,1.7383479349863524,0.0010757064961300
0.0628318530717960,1.7383479349863524,0.0024979027963693
0.1047197551196597,1.7383479349863524,0.0027664836693215
0.1466076571675237,1.7383479349863524,0.0017311381933311
0.1884955592153876,1.7383479349863524,-0.0003116216772503
0.2303834612632514,1.7383479349863524,-0.0024334321339761
0.2722713633111153,1.7383479349863524,-0.0033650752261334
0.3141592653589793,1.7383479349863524,-0.0024298226224819
0.3560471674068433,1.7383479349863524,-0.0007559029544117
0.3979350694547070,1.7383479349863524,-0.0012030936160978
0.4398229715025710,1.7383479349863524,-0.0046250550384295
0.4817108735504350,1.7383479349863524,-0.0048399905854775
0.5235987755982989,1.7383479349863524,-0.0027963281207818
0.5654866776461627,1.7383479349863524,-0.0018789602483349
0.6073745796940266,1.7383479349863524,0.0054066275892128
0.6492624817418906,1.7383479349863524,0.0079202677299852
0.6911503837897545,1.7383479349863524,0.0070803761254712
0.7330382858376183,1.7383479349863524,0.0068436688246142
0.7749261878854823,1.7383479349863524,0.0067796788620856
0.8168140899333461,1.7383479349863524,0.0067419920560529
0.8587019919812100,1.7383479349863524,0.0068062339354609
0.9005898940290740,1.7383479349863524,0.0067021031080745
0.9424777960769379,1.7383479349863524,0.0063038412606717
0.9843656981248019,1.7383479349863524,0.0058402910493383
1.0262536001726656,1.7383479349863524,0.0056199531553058
1.0681415022205296,1.7383479349863524,0.0057631143418166
1.1100294042683936,1.7383479349863524,0.0061738772324889
1.1519173063162575,1.7383479349863524,0.0066572240004525
1.1938052083641213,1.7383479349863524,0.0070368368594962
1.2356931104119853,1.7383479349863524,0.0072142959213228
1.2775810124598492,1.7383479349863524,0.0071759191906531
1.3194689145077132,1.7383479349863524,0.0069716892353728
1.3613568165555769,1.7383479349863524,0.0066856149595438
1.4032447186034409,1.7383479349863524,0.0064080745149750
1.4451326206513049,1.7383479349863524,0.0062145863727348
1.4870205226991688,1.7383479349863524,0.0061522060441064
1.5289084247470326,1.7383479349863524,0.0062332249842525
1.5707963267948966,1.7383479349863524,0.0064352219813122
1.6126842288427605,1.7383479349863524,0.0067063325348968
1.6545721308906245,1.7383479349863524,0.0069746086839477
1.6964600329384882,1.7383479349863524,0.0071603800968756
1.7383479349863524,1.7383479349863524,0.0071904882247069
1.7802358370342162,1.7383479349863524,0.0070130923479055
1.8221237390820799,1.7383479349863524,0.0066114484374795
1.8640116411299441,1.7383479349863524,0.0060147217847204
1.9058995431778079,1.7383479349863524,0.0053036417231200
1.9477874452256716,1.7383479349863524,0.0046086985711522
1.9896753472735358,1.7383479349863524,0.0040983473924032
2.0315632493213993,1.7383479349863524,0.0039534835923196
2.0734511513692637,1.7383479349863524,0.0043215372777590
2.1153390534171272,1.7383479349863524,0.0052417655165209
2.1572269554649912,1.7383479349863524,0.0065466297069088
2.1991148575128552,1.7383479349863524,0.0077984441120438
2.2410027595607191,1.7383479349863524,0.0084119676380303
2.2828906616085827,1.7383479349863524,0.0081009881763840
2.3247785636564471,1.7383479349863524,0.0073899218025633
2.3666664657043106,1.7383479349863524,0.0072878773566595
2.4085543677521750,1.7383479349863524,0.0077708683571533
2.4504422698000385,1.7383479349863524,0.0076072920522822
2.4923301718479025,1.7383479349863524,0.0074454496246843
2.5342180738957665,1.7383479349863524,0.0049613221706114
2.5761059759436304,1.7383479349863524,-0.0020213857504261
2.6179938779914940,1.7383479349863524,-0.0022391250139131
2.6598817800393584,1.7383479349863524,-0.0032251263447253
2.7017696820872219,1.7383479349863524,-0.0022895005044612
2.7436575841350863,1.7383479349863524,-0.0006305305969834
2.7855454861829498,1.7383479349863524,-0.0014984492083490
2.8274333882308138,1.7383479349863524,-0.0031529057252844
2.8693212902786778,1.7383479349863524,-0.0031938861223293
2.9112091923265417,1.7383479349863524,-0.0011676121427595
2.9530970943744053,1.7383479349863524,0.0016753550189998
2.9949849964222697,1.7383479349863524,0.0036859040205011
3.0368728984701332,1.7383479349863524,0.0038903173486866
3.0787608005179976,1.7383479349863524,0.0024334330401531
3.1206487025658611,1.7383479349863524,0.0005243533547207
0.0209439510239320,1.7802358370342162,0.0008771158453479
0.0628318530717960,1.7802358370342162,0.0025199384727242
0.1047197551196597,1.7802358370342162,0.0032836345492148
0.1466076571675237,1.7802358370342162,0.0024944263292888
0.1884955592153876,1.7802358370342162,0.0001790444121503
0.2303834612632514,1.7802358370342162,-0.0026717720898022
0.2722713633111153,1.7802358370342162,-0.0044016772971436
0.3141592653589793,1.7802358370342162,-0.0037489852773036
0.3560471674068433,1.7802358370342162,-0.0013300829973346
0.3979350694547070,1.7802358370342162,-0.0001237128436367
0.4398229715025710,1.7802358370342162,-0.0025945830834688
0.4817108735504350,1.7802358370342162,-0.0049078167228814
0.5235987755982989,1.7802358370342162,-0.0033500547372061
0.5654866776461627,1.7802358370342162,-0.0009584643988129
0.6073745796940266,1.7802358370342162,0.0035528068717191
0.6492624817418906,1.7802358370342162,0.0070955408395956
0.6911503837897545,1.7802358370342162,0.0065489656482321
0.7330382858376183,1.7802358370342162,0.0066025526984406
0.7749261878854823,1.7802358370342162,0.0071839418111657
0.8168140899333461,1.7802358370342162,0.0072843860009921
0.8587019919812100,1.7802358370342162,0.0070742168206621
0.9005898940290740,1.7802358370342162,0.0066778692027989
0.9424777960769379,1.7802358370342162,0.0061228452068667
0.9843656981248019,1.7802358370342162,0.0056171994719962
1.0262536001726656,1.7802358370342162,0.0054338399138112
1.0681415022205296,1.7802358370342162,0.0056838565869946
1.1100294042683936,1.7802358370342162,0.0062620469660808
1.1519173063162575,1.7802358370342162,0.0069427999139711
1.1938052083641213,1.7802358370342162,0.0075023393736400
1.2356931104119853,1.7802358370342162,0.0077956426311192
1.2775810124598492,1.7802358370342162,0.0077790450324167
1.3194689145077132,1.7802358370342162,0.0074961686191726
1.3613568165555769,1.7802358370342162,0.0070468575895926
1.4032447186034409,1.7802358370342162,0.0065529075690987
1.4451326206513049,1.7802358370342162,0.0061283476574339
1.4870205226991688,1.7802358370342162,0.0058577907097459
1.5289084247470326,1.7802358370342162,0.0057837874715947
1.5707963267948966,1.7802358370342162,0.0059027233387843
1.6126842288427605,1.7802358370342162,0.0061681604795667
1.6545721308906245,1.7802358370342162,0.0065003232937557
1.6964600329384882,1.7802358370342162,0.0068003948411510
1.7383479349863524,1.7802358370342162,0.0069682439328349
1.7802358370342162,1.7802358370342162,0.0069220118186264
1.8221237390820799,1.7802358370342162,0.0066175995016668
1.8640116411299441,1.7802358370342162,0.0060655271651187
1.9058995431778079,1.7802358370342162,0.0053419494611613
1.9477874452256716,1.7802358370342162,0.0045898473570829
1.9896753472735358,1.7802358370342162,0.0040054890720773
2.0315632493213993,1.7802358370342162,0.0038039790564914
2.0734511513692637,1.7802358370342162,0.0041567816217427
2.1153390534171272,1.7802358370342162,0.0050983937408291
2.1572269554649912,1.7802358370342162,0.0064231601625473
2.1991148575128552,1.7802358370342162,0.0076549269994002
2.2410027595607191,1.7802358370342162,0.0082432775383365
2.2828906616085827,1.7802358370342162,0.0080459984882280
2.3247785636564471,1.7802358370342162,0.0076655460864995
2.3666664657043106,1.7802358370342162,0.0077570212761403
2.4085543677521750,1.7802358370342162,0.0077326026759194
2.4504422698000385,1.7802358370342162,0.0069964264288274
2.4923301718479025,1.7802358370342162,0.0068016569356240
2.5342180738957665,1.7802358370342162,0.0034419425677710
2.5761059759436304,1.7802358370342162,0.0005647722714038
2.6179938779914940,1.7802358370342162,-0.0019374408326476
2.6598817800393584,1.7802358370342162,-0.0028624755948798
2.7017696820872219,1.7802358370342162,-0.0009927577108614
2.7436575841350863,1.7802358370342162,0.0012204120797028
2.7855454861829498,1.7802358370342162,0.0006382249880477
2.8274333882308138,1.7802358370342162,-0.0011110905883136
2.8693212902786778,1.7802358370342162,-0.0016433970419134
2.9112091923265417,1.7802358370342162,-0.0003617374589486
2.9530970943744053,1.7802358370342162,0.0017017383047333
2.9949849964222697,1.7802358370342162,0.0031068828356697
3.0368728984701332,1.7802358370342162,0.0030287644434897
3.0787608005179976,1.7802358370342162,0.0016728819974886
3.1206487025658611,1.7802358370342162,0.0002097239893718
0.0209439510239320,1.8221237390820799,0.0003744118656169
0.0628318530717960,1.8221237390820799,0.0018909339871356
0.1047197551196597,1.8221237390820799,0.0032319828322944
0.1466076571675237,1.8221237390820799,0.0032133604196511
0.1884955592153876,1.8221237390820799,0.0014640800771670
0.2303834612632514,1.8221237390820799,-0.0012385891610605
0.2722713633111153,1.8221237390820799,-0.0032117311946245
0.3141592653589793,1.8221237390820799,-0.0029226978786667
0.3560471674068433,1.8221237390820799,-0.0005569517192603
0.3979350694547070,1.8221237390820799,0.0012476361081917
0.4398229715025710,1.8221237390820799,-0.0002515867833910
0.4817108735504350,1.8221237390820799,-0.0027699290035199
0.5235987755982989,1.8221237390820799,-0.0030832420035669
0.5654866776461627,1.8221237390820799,0.0011894339531180
0.6073745796940266,1.8221237390820799,0.0055916831078923
0.6492624817418906,1.8221237390820799,0.0061778457960563
0.6911503837897545,1.8221237390820799,0.0062753777099538
0.7330382858376183,1.8221237390820799,0.0061190537509021
0.7749261878854823,1.8221237390820799,0.0073836923696711
0.8168140899333461,1.8221237390820799,0.0078928568001601
0.8587019919812100,1.8221237390820799,0.0074857086503848
0.9005898940290740,1.8221237390820799,0.0067366107143330
0.9424777960769379,1.8221237390820799,0.0059703009310490
0.9843656981248019,1.8221237390820799,0.0054146887193403
1.0262536001726656,1.8221237390820799,0.0052794144299511
1.0681415022205296,1.8221237390820799,0.0056343298844006
1.1100294042683936,1.8221237390820799,0.0063545743077320
1.1519173063162575,1.8221237390820799,0.0071923950265909
1.1938052083641213,1.8221237390820799,0.0078918083270181
1.2356931104119853,1.8221237390820799,0.0082736163470720
1.2775810124598492,1.8221237390820799,0.0082697265942802
1.3194689145077132,1.8221237390820799,0.0079164237174081
1.3613568165555769,1.8221237390820799,0.0073243040884376
1.4032447186034409,1.8221237390820799,0.0066400890542844
1.4451326206513049,1.8221237390820799,0.0060104608039997
1.4870205226991688,1.8221237390820799,0.0055535207872244
1.5289084247470326,1.8221237390820799,0.0053402033213490
1.5707963267948966,1.8221237390820799,0.0053859273238177
1.6126842288427605,1.8221237390820799,0.0056516555582733
1.6545721308906245,1.8221237390820799,0.0060530304324677
1.6964600329384882,1.8221237390820799,0.0064760663063774
1.7383479349863524,1.8221237390820799,0.0067977502428627
1.7802358370342162,1.8221237390820799,0.0069096536852684
1.8221237390820799,1.8221237390820799,0.0067421771614020
1.8640116411299441,1.8221237390820799,0.0062862985772889
1.9058995431778079,1.8221237390820799,0.0056086886962534
1.9477874452256716,1.8221237390820799,0.0048548467507170
1.9896753472735358,1.8221237390820799,0.0042336067833375
2.0315632493213993,1.8221237390820799,0.0039754449688671
2.0734511513692637,1.8221237390820799,0.0042585320294910
2.1153390534171272,1.8221237390820799,0.0051069544989977
2.1572269554649912,1.8221237390820799,0.0062982606110822
2.1991148575128552,1.8221237390820799,0.0073792150930603
2.2410027595607191,1.8221237390820799,0.0079207193484003
2.2828906616085827,1.8221237390820799,0.0079510275715862
2.3247785636564471,1.8221237390820799,0.0079871358435563
2.3666664657043106,1.8221237390820799,0.0080753367092109
2.4085543677521750,1.8221237390820799,0.0073312742392797
2.4504422698000385,1.8221237390820799,0.0065325086926475
2.4923301718479025,1.8221237390820799,0.0063293645899933
2.5342180738957665,1.8221237390820799,0.0057800101954438
2.5761059759436304,1.8221237390820799,0.0042249720262967
2.6179938779914940,1.8221237390820799,-0.0011272191207237
2.6598817800393584,1.8221237390820799,-0.0015706370239746
2.7017696820872219,1.8221237390820799,0.0001756660782981
2.7436575841350863,1.8221237390820799,0.0029920871731870
2.7855454861829498,1.8221237390820799,0.0031646476037355
2.8274333882308138,1.8221237390820799,0.0014872622153781
2.8693212902786778,1.8221237390820799,0.0002176900845063
2.9112091923265417,1.8221237390820799,0.0003064809543345
2.9530970943744053,1.8221237390820799,0.0011993646606392
2.9949849964222697,1.8221237390820799,0.0018290679919228
3.0368728984701332,1.8221237390820799,0.0015427065896753
3.0787608005179976,1.8221237390820799,0.0005221526773582
3.1206487025658611,1.8221237390820799,-0.0002228702254281
0.0209439510239320,1.8640116411299441,-0.0003650319522486
0.0628318530717960,1.8640116411299441,0.0006266750584635
0.1047197551196597,1.8640116411299441,0.0023970997816017
0.1466076571675237,1.8640116411299441,0.0033782020878166
0.1884955592153876,1.8640116411299441,0.0027892215328886
0.2303834612632514,1.8640116411299441,0.0009828435948687
0.2722713633111153,1.8640116411299441,-0.0007189223204902
0.3141592653589793,1.8640116411299441,-0.0009170107441965
0.3560471674068433,1.8640116411299441,0.0005273685103235
0.3979350694547070,1.8640116411299441,0.0019376525089727
0.4398229715025710,1.8640116411299441,0.0017438333200914
0.4817108735504350,1.8640116411299441,0.0012270970749729
0.5235987755982989,1.8640116411299441,-0.0008467421605434
0.5654866776461627,1.8640116411299441,0.0016655488917524
0.6073745796940266,1.8640116411299441,0.0002872606854177
0.6492624817418906,1.8640116411299441,0.0050044028412434
0.6911503837897545,1.8640116411299441,0.0064921284331644
0.7330382858376183,1.8640116411299441,0.0055470270835534
0.7749261878854823,1.8640116411299441,0.0071373096137346
0.8168140899333461,1.8640116411299441,0.0083503629405669
0.8587019919812100,1.8640116411299441,0.0079987036022841
0.9005898940290740,1.8640116411299441,0.0069213653762465
0.9424777960769379,1.8640116411299441,0.0058827870320701
0.9843656981248019,1.8640116411299441,0.0052348720152029
1.0262536001726656,1.8640116411299441,0.0051330946244892
1.0681415022205296,1.8640116411299441,0.0055805930171813
1.1100294042683936,1.8640116411299441,0.0064162454912913
1.1519173063162575,1.8640116411299441,0.0073715521780540
1.1938052083641213,1.8640116411299441,0.0081700826183484
1.2356931104119853,1.8640116411299441,0.0086109009641859
1.2775810124598492,1.8640116411299441,0.0086088705946854
1.3194689145077132,1.8640116411299441,0.0081939548393231
1.3613568165555769,1.8640116411299441,0.0074835956514541
1.4032447186034409,1.8640116411299441,0.0066430378432227
1.4451326206513049,1.8640116411299441,0.0058449625659267
1.4870205226991688,1.8640116411299441,0.0052356049407418
1.5289084247470326,1.8640116411299441,0.0049110221746704
1.5707963267948966,1.8640116411299441,0.0049046907548433
1.6126842288427605,1.8640116411299441,0.0051860689129732
1.6545721308906245,1.8640116411299441,0.0056689236507519
1.6964600329384882,1.8640116411299441,0.0062278018765416
1.7383479349863524,1.8640116411299441,0.0067207507919589
1.7802358370342162,1.8640116411299441,0.0070160445578979
1.8221237390820799,1.8640116411299441,0.0070201012083082
1.8640116411299441,1.8640116411299441,0.0067028937962053
1.9058995431778079,1.8640116411299441,0.0061159611423824
1.9477874452256716,1.8640116411299441,0.0053966960609206
1.9896753472735358,1.8640116411299441,0.0047512768240559
2.0315632493213993,1.8640116411299441,0.0044085307685353
2.0734511513692637,1.8640116411299441,0.0045414038504992
2.1153390534171272,1.8640116411299441,0.0051689182949290
2.1572269554649912,1.8640116411299441,0.0060893173528389
2.1991148575128552,1.8640116411299441,0.0069448875753846
2.2410027595607191,1.8640116411299441,0.0074920798718243
2.2828906616085827,1.8640116411299441,0.0078704175681631
2.3247785636564471,1.8640116411299441,0.0082628875613345
2.3666664657043106,1.8640116411299441,0.0080192270402886
2.4085543677521750,1.8640116411299441,0.0066648698322009
2.4504422698000385,1.8640116411299441,0.0066732867909893
2.4923301718479025,1.8640116411299441,0.0059416065576576
2.5342180738957665,1.8640116411299441,0.0014985150161129
2.5761059759436304,1.8640116411299441,0.0039834315458308
2.6179938779914940,1.8640116411299441,0.0006492317097084
2.6598817800393584,1.8640116411299441,0.0007150292921394
2.7017696820872219,1.8640116411299441,0.0011282007726332
2.7436575841350863,1.8640116411299441,0.0036494225463426
2.7855454861829498,1.8640116411299441,0.0044127356905967
2.8274333882308138,1.8640116411299441,0.0030159667134433
2.8693212902786778,1.8640116411299441,0.0012659063238885
2.9112091923265417,1.8640116411299441,0.0003833842413228
2.9530970943744053,1.8640116411299441,0.0003171989420709
2.9949849964222697,1.8640116411299441,0.0003834941432592
3.0368728984701332,1.8640116411299441,0.0000659645829398
3.0787608005179976,1.8640116411299441,-0.0005312359514825
3.1206487025658611,1.8640116411299441,-0.0005929811753999
0.0209439510239320,1.9058995431778079,-0.0011351568794300
0.0628318530717960,1.9058995431778079,-0.0008889450288935
0.1047197551196597,1.9058995431778079,0.0010205506970030
0.1466076571675237,1.9058995431778079,0.0028100106720939
0.1884955592153876,1.9058995431778079,0.0033914123049026
0.2303834612632514,1.9058995431778079,0.0026550951743078
0.2722713633111153,1.9058995431778079,0.0013578788313344
0.3141592653589793,1.9058995431778079,0.0005000170839802
0.3560471674068433,1.9058995431778079,0.0005029016676483
0.3979350694547070,1.9058995431778079,0.0011344281126620
0.4398229715025710,1.9058995431778079,0.0027473368738538
0.4817108735504350,1.9058995431778079,0.0055057066540025
0.5235987755982989,1.9058995431778079,0.0025670087965027
0.5654866776461627,1.9058995431778079,-0.0008318415676426
0.6073745796940266,1.9058995431778079,-0.0011206606445450
0.6492624817418906,1.9058995431778079,0.0041153584836918
0.6911503837897545,1.9058995431778079,0.0070484234489539
0.7330382858376183,1.9058995431778079,0.0053160836744768
0.7749261878854823,1.9058995431778079,0.0063502412918889
0.8168140899333461,1.9058995431778079,0.0083460232751189
0.8587019919812100,1.9058995431778079,0.0084657440598662
0.9005898940290740,1.9058995431778079,0.0072445077634191
0.9424777960769379,1.9058995431778079,0.0059124989289285
0.9843656981248019,1.9058995431778079,0.0051024949550236
1.0262536001726656,1.9058995431778079,0.0049846925484536
1.0681415022205296,1.9058995431778079,0.0054941255994263
1.1100294042683936,1.9058995431778079,0.0064165843263921
1.1519173063162575,1.9058995431778079,0.0074559887959058
1.1938052083641213,1.9058995431778079,0.0083200075286287
1.2356931104119853,1.9058995431778079,0.0087949710365702
1.2775810124598492,1.9058995431778079,0.0087859215397255
1.3194689145077132,1.9058995431778079,0.0083190443778864
1.3613568165555769,1.9058995431778079,0.0075164930091858
1.4032447186034409,1.9058995431778079,0.0065568031158492
1.4451326206513049,1.9058995431778079,0.0056323068540509
1.4870205226991688,1.9058995431778079,0.0049115844232612
1.5289084247470326,1.9058995431778079,0.0045116658287356
1.5707963267948966,1.9058995431778079,0.0044820462979955
1.6126842288427605,1.9058995431778079,0.0048007341242173
1.6545721308906245,1.9058995431778079,0.0053813975392067
1.6964600329384882,1.9058995431778079,0.0060899942692152
1.7383479349863524,1.9058995431778079,0.0067688018650363
1.7802358370342162,1.9058995431778079,0.0072652917083076
1.8221237390820799,1.9058995431778079,0.0074626312560997
1.8640116411299441,1.9058995431778079,0.0073076511538668
1.9058995431778079,1.9058995431778079,0.0068308595284625
1.9477874452256716,1.9058995431778079,0.0061516834626030
1.9896753472735358,1.9058995431778079,0.0054611671185620
2.0315632493213993,1.9058995431778079,0.0049755570836236
2.0734511513692637,1.9058995431778079,0.0048615341148970
2.1153390534171272,1.9058995431778079,0.0051540543191844
2.1572269554649912,1.9058995431778079,0.0057237903198948
2.1991148575128552,1.9058995431778079,0.0063737271042812
2.2410027595607191,1.9058995431778079,0.0070476623170563
2.2828906616085827,1.9058995431778079,0.0078250878726394
2.3247785636564471,1.9058995431778079,0.0083114253053577
2.3666664657043106,1.9058995431778079,0.0074500326856050
2.4085543677521750,1.9058995431778079,0.0061653675143196
2.4504422698000385,1.9058995431778079,0.0076438115286903
2.4923301718479025,1.9058995431778079,0.0057603644955165
2.5342180738957665,1.9058995431778079,0.0001045347997956
2.5761059759436304,1.9058995431778079,0.0007464615863091
2.6179938779914940,1.9058995431778079,0.0028719915726960
2.6598817800393584,1.9058995431778079,0.0032818877258071
2.7017696820872219,1.9058995431778079,0.0015185383005685
2.7436575841350863,1.9058995431778079,0.0024966068706207
2.7855454861829498,1.9058995431778079,0.0033152907866711
2.8274333882308138,1.9058995431778079,0.0025143998823292
2.8693212902786778,1.9058995431778079,0.0010518034101552
2.9112091923265417,1.9058995431778079,0.0000373461095171
2.9530970943744053,1.9058995431778079,-0.0003129378960558
2.9949849964222697,1.9058995431778079,-0.0004144525644825
3.0368728984701332,1.9058995431778079,-0.0006727258037664
3.0787608005179976,1.9058995431778079,-0.0010204711776095
3.1206487025658611,1.9058995431778079,-0.0007520030377923
0.0209439510239320,1.9477874452256716,-0.0016980228485428
0.0628318530717960,1.9477874452256716,-0.0020789962259939
0.1047197551196597,1.9477874452256716,-0.0002324510871792
0.1466076571675237,1.9477874452256716,0.0019583222322790
0.1884955592153876,1.9477874452256716,0.0032259868454985
0.2303834612632514,1.9477874452256716,0.0031101318474660
0.2722713633111153,1.9477874452256716,0.0018732426404449
0.3141592653589793,1.9477874452256716,0.0001594772254152
0.3560471674068433,1.9477874452256716,-0.0012646992737102
0.3979350694547070,1.9477874452256716,-0.0011861376181397
0.4398229715025710,1.9477874452256716,0.0022208221844326
0.4817108735504350,1.9477874452256716,0.0076027456595688
0.5235987755982989,1.9477874452256716,0.0048317630069331
0.5654866776461627,1.9477874452256716,-0.0032991786302723
0.6073745796940266,1.9477874452256716,0.0017705091198010
0.6492624817418906,1.9477874452256716,0.0079699639225015
0.6911503837897545,1.9477874452256716,0.0070576405162701
0.7330382858376183,1.9477874452256716,0.0059281850296491
0.7749261878854823,1.9477874452256716,0.0053150218116789
0.8168140899333461,1.9477874452256716,0.0075989441498527
0.8587019919812100,1.9477874452256716,0.0086025357781314
0.9005898940290740,1.9477874452256716,0.0076303853840295
0.9424777960769379,1.9477874452256716,0.0061026173294136
0.9843656981248019,1.9477874452256716,0.0050695919641990
1.0262536001726656,1.9477874452256716,0.0048528835397037
1.0681415022205296,1.9477874452256716,0.0053650586856502
1.1100294042683936,1.9477874452256716,0.0063359041555882
1.1519173063162575,1.9477874452256716,0.0074310194546878
1.1938052083641213,1.9477874452256716,0.0083382402762178
1.2356931104119853,1.9477874452256716,0.0088335698818200
1.2775810124598492,1.9477874452256716,0.0088163900973051
1.3194689145077132,1.9477874452256716,0.0083114345414419
1.3613568165555769,1.9477874452256716,0.0074446810826414
1.4032447186034409,1.9477874452256716,0.0064042348850868
1.4451326206513049,1.9477874452256716,0.0053967942594086
1.4870205226991688,1.9477874452256716,0.0046078617614373
1.5289084247470326,1.9477874452256716,0.0041710117857785
1.5707963267948966,1.9477874452256716,0.0041489807602137
1.6126842288427605,1.9477874452256716,0.0045273751671164
1.6545721308906245,1.9477874452256716,0.0052204093210597
1.6964600329384882,1.9477874452256716,0.0060871590179974
1.7383479349863524,1.9477874452256716,0.0069561523707344
1.7802358370342162,1.9477874452256716,0.0076555110672105
1.8221237390820799,1.9477874452256716,0.0080451317261478
1.8640116411299441,1.9477874452256716,0.0080464472110484
1.9058995431778079,1.9477874452256716,0.0076641319790300
1.9477874452256716,1.9477874452256716,0.0069929625840117
1.9896753472735358,1.9477874452256716,0.0062027528789090
2.0315632493213993,1.9477874452256716,0.0054969319145886
2.0734511513692637,1.9477874452256716,0.0050498689328646
2.1153390534171272,1.9477874452256716,0.0049485769886939
2.1572269554649912,1.9477874452256716,0.0051889520874757
2.1991148575128552,1.9477874452256716,0.0057588214463073
2.2410027595607191,1.9477874452256716,0.0066892373792555
2.2828906616085827,1.9477874452256716,0.0077469814132414
2.3247785636564471,1.9477874452256716,0.0079128198091798
2.3666664657043106,1.9477874452256716,0.0065203893497129
2.4085543677521750,1.9477874452256716,0.0065064703481682
2.4504422698000385,1.9477874452256716,0.0087880833155830
2.4923301718479025,1.9477874452256716,0.0091458596804046
2.5342180738957665,1.9477874452256716,0.0033535469820875
2.5761059759436304,1.9477874452256716,-0.0011542615207504
2.6179938779914940,1.9477874452256716,0.0043487681457068
2.6598817800393584,1.9477874452256716,0.0047166926693804
2.7017696820872219,1.9477874452256716,0.0010397029312152
2.7436575841350863,1.9477874452256716,-0.0000792236325973
2.7855454861829498,1.9477874452256716,0.0003595033400516
2.8274333882308138,1.9477874452256716,0.0004738440601699
2.8693212902786778,1.9477874452256716,0.0001701018197449
2.9112091923265417,1.9477874452256716,-0.0000228942859148
2.9530970943744053,1.9477874452256716,0.0000232705582945
2.9949849964222697,1.9477874452256716,0.0000188675512622
3.0368728984701332,1.9477874452256716,-0.0003001874022371
3.0787608005179976,1.9477874452256716,-0.0007772479247259
3.1206487025658611,1.9477874452256716,-0.0006665299287194
0.0209439510239320,1.9896753472735358,-0.0019308093513109
0.0628318530717960,1.9896753472735358,-0.0025642171635840
0.1047197551196597,1.9896753472735358,-0.0007727743795172
0.1466076571675237,1.9896753472735358,0.0014999411564744
0.1884955592153876,1.9896753472735358,0.0028959664555335
0.2303834612632514,1.9896753472735358,0.0027693551926671
0.2722713633111153,1.9896753472735358,0.0011397865953306
0.3141592653589793,1.9896753472735358,-0.0014299276687113
0.3560471674068433,1.9896753472735358,-0.0037723597585704
0.3979350694547070,1.9896753472735358,-0.0038719442702271
0.4398229715025710,1.9896753472735358,0.0001500361014246
0.4817108735504350,1.9896753472735358,0.0056710268964064
0.5235987755982989,1.9896753472735358,0.0039192571609571
0.5654866776461627,1.9896753472735358,-0.0038625355103621
0.6073745796940266,1.9896753472735358,0.0011280765946343
0.6492624817418906,1.9896753472735358,0.0009322953705321
0.6911503837897545,1.9896753472735358,0.0056864391150735
0.7330382858376183,1.9896753472735358,0.0072197955931143
0.7749261878854823,1.9896753472735358,0.0048367493823882
0.8168140899333461,1.9896753472735358,0.0061470064494852
0.8587019919812100,1.9896753472735358,0.0080521130651421
0.9005898940290740,1.9896753472735358,0.0078554400779125
0.9424777960769379,1.9896753472735358,0.0064298024857987
0.9843656981248019,1.9896753472735358,0.0051960020857797
1.0262536001726656,1.9896753472735358,0.0047920387189169
1.0681415022205296,1.9896753472735358,0.0052166711539041
1.1100294042683936,1.9896753472735358,0.0061756237939330
1.1519173063162575,1.9896753472735358,0.0072934466312475
1.1938052083641213,1.9896753472735358,0.0082294255894286
1.2356931104119853,1.9896753472735358,0.0087441189558222
1.2775810124598492,1.9896753472735358,0.0087297425998631
1.3194689145077132,1.9896753472735358,0.0082091642886235
1.3613568165555769,1.9896753472735358,0.0073108736305856
1.4032447186034409,1.9896753472735358,0.0062296208606991
1.4451326206513049,1.9896753472735358,0.0051822553184686
1.4870205226991688,1.9896753472735358,0.0043665349013349
1.5289084247470326,1.9896753472735358,0.0039283539216903
1.5707963267948966,1.9896753472735358,0.0039405645176198
1.6126842288427605,1.9896753472735358,0.0043946393131495
1.6545721308906245,1.9896753472735358,0.0052049311596729
1.6964600329384882,1.9896753472735358,0.0062241871960373
1.7383479349863524,1.9896753472735358,0.0072681450938532
1.7802358370342162,1.9896753472735358,0.0081463214965605
1.8221237390820799,1.9896753472735358,0.0086953477904723
1.8640116411299441,1.9896753472735358,0.0088103205573682
1.9058995431778079,1.9896753472735358,0.0084686455467500
1.9477874452256716,1.9896753472735358,0.0077400972990878
1.9896753472735358,1.9896753472735358,0.0067772668778023
2.0315632493213993,1.9896753472735358,0.0057842758750350
2.0734511513692637,1.9896753472735358,0.0049713843024102
2.1153390534171272,1.9896753472735358,0.0045183052900479
2.1572269554649912,1.9896753472735358,0.0045723133564097
2.1991148575128552,1.9896753472735358,0.0052489817245704
2.2410027595607191,1.9896753472735358,0.0064604324377245
2.2828906616085827,1.9896753472735358,0.0074586515791615
2.3247785636564471,1.9896753472735358,0.0069826326518984
2.3666664657043106,1.9896753472735358,0.0058399421069975
2.4085543677521750,1.9896753472735358,0.0079622993860987
2.4504422698000385,1.9896753472735358,0.0086174302209522
2.4923301718479025,1.9896753472735358,0.0039318421714401
2.5342180738957665,1.9896753472735358,0.0021330991011540
2.5761059759436304,1.9896753472735358,-0.0004707485996674
2.6179938779914940,1.9896753472735358,0.0040486022986070
2.6598817800393584,1.9896753472735358,0.0039626430131239
2.7017696820872219,1.9896753472735358,-0.0000872830091281
2.7436575841350863,1.9896753472735358,-0.0025285335444181
2.7855454861829498,1.9896753472735358,-0.0024924772140875
2.8274333882308138,1.9896753472735358,-0.0014200452319046
2.8693212902786778,1.9896753472735358,-0.0002253296673869
2.9112091923265417,1.9896753472735358,0.0008112479706344
2.9530970943744053,1.9896753472735358,0.0014823035991585
2.9949849964222697,1.9896753472735358,0.0015366133906418
3.0368728984701332,1.9896753472735358,0.0009075067813354
3.0787608005179976,1.9896753472735358,-0.0000439224725272
3.1206487025658611,1.9896753472735358,-0.0004308196822264
0.0209439510239320,2.0315632493213993,-0.0018876896962459
0.0628318530717960,2.0315632493213993,-0.0024129599563907
0.1047197551196597,2.0315632493213993,-0.0005634946862405
0.1466076571675237,2.0315632493213993,0.0016792185153023
0.1884955592153876,2.0315632493213993,0.0029364011029571
0.2303834612632514,2.0315632493213993,0.0025357831695303
0.2722713633111153,2.0315632493213993,0.0005102903650920
0.3141592653589793,2.0315632493213993,-0.0024322865891728
0.3560471674068433,2.0315632493213993,-0.0049038529397769
0.3979350694547070,2.0315632493213993,-0.0051189739609827
0.4398229715025710,2.0315632493213993,-0.0023804760274198
0.4817108735504350,2.0315632493213993,0.0007425379565345
0.5235987755982989,2.0315632493213993,0.0002687562350181
0.5654866776461627,2.0315632493213993,-0.0030967920492977
0.6073745796940266,2.0315632493213993,-0.0024341488407400
0.6492624817418906,2.0315632493213993,0.0011285471880586
0.6911503837897545,2.0315632493213993,0.0067164763209472
0.7330382858376183,2.0315632493213993,0.0074750464598798
0.7749261878854823,2.0315632493213993,0.0057531345777246
0.8168140899333461,2.0315632493213993,0.0047118929569627
0.8587019919812100,2.0315632493213993,0.0066504121466535
0.9005898940290740,2.0315632493213993,0.0075629340871912
0.9424777960769379,2.0315632493213993,0.0067296187749147
0.9843656981248019,2.0315632493213993,0.0054927948283874
1.0262536001726656,2.0315632493213993,0.0048743745867399
1.0681415022205296,2.0315632493213993,0.0051116680818686
1.1100294042683936,2.0315632493213993,0.0059709250992248
1.1519173063162575,2.0315632493213993,0.0070594852427726
1.1938052083641213,2.0315632493213993,0.0080051187857604
1.2356931104119853,2.0315632493213993,0.0085439173848010
1.2775810124598492,2.0315632493213993,0.0085533617718041
1.3194689145077132,2.0315632493213993,0.0080492653256923
1.3613568165555769,2.0315632493213993,0.0071587056471447
1.4032447186034409,2.0315632493213993,0.0060793238168211
1.4451326206513049,2.0315632493213993,0.0050340792234809
1.4870205226991688,2.0315632493213993,0.0042287871585382
1.5289084247470326,2.0315632493213993,0.0038177411417752
1.5707963267948966,2.0315632493213993,0.0038807227805684
1.6126842288427605,2.0315632493213993,0.0044129152763368
1.6545721308906245,2.0315632493213993,0.0053277518079660
1.6964600329384882,2.0315632493213993,0.0064715543912373
1.7383479349863524,2.0315632493213993,0.0076478922692829
1.7802358370342162,2.0315632493213993,0.0086488080742049
1.8221237390820799,2.0315632493213993,0.0092893130465468
1.8640116411299441,2.0315632493213993,0.0094407684248410
1.9058995431778079,2.0315632493213993,0.0090580069906883
1.9477874452256716,2.0315632493213993,0.0081946620193893
1.9896753472735358,2.0315632493213993,0.0070020477689610
2.0315632493213993,2.0315632493213993,0.0057104860483490
2.0734511513692637,2.0315632493213993,0.0045986616090166
2.1153390534171272,2.0315632493213993,0.0039604036842864
2.1572269554649912,2.0315632493213993,0.0040573604043546
2.1991148575128552,2.0315632493213993,0.0049753154087854
2.2410027595607191,2.0315632493213993,0.0062746649541021
2.2828906616085827,2.0315632493213993,0.0067692217643188
2.3247785636564471,2.0315632493213993,0.0058398672285686
2.3666664657043106,2.0315632493213993,0.0062433802102029
2.4085543677521750,2.0315632493213993,0.0091699591293112
2.4504422698000385,2.0315632493213993,0.0090227779798129
2.4923301718479025,2.0315632493213993,0.0032250486597050
2.5342180738957665,2.0315632493213993,0.0010732535296136
2.5761059759436304,2.0315632493213993,0.0014110834680575
2.6179938779914940,2.0315632493213993,0.0022615942180354
2.6598817800393584,2.0315632493213993,0.0016471262827003
2.7017696820872219,2.0315632493213993,-0.0010088816183877
2.7436575841350863,2.0315632493213993,-0.0031657885719993
2.7855454861829498,2.0315632493213993,-0.0032096601586704
2.8274333882308138,2.0315632493213993,-0.0016105697872137
2.8693212902786778,2.0315632493213993,0.0005335133220299
2.9112091923265417,2.0315632493213993,0.0023638014102554
2.9530970943744053,2.0315632493213993,0.0033458268042634
2.9949849964222697,2.0315632493213993,0.0032416417140617
3.0368728984701332,2.0315632493213993,0.0021737171647166
3.0787608005179976,2.0315632493213993,0.0006980020510050
3.1206487025658611,2.0315632493213993,-0.0001912216459469
0.0209439510239320,2.0734511513692637,-0.0017234262251200
0.0628318530717960,2.0734511513692637,-0.0020110456206168
0.1047197551196597,2.0734511513692637,-0.0000807502905835
0.1466076571675237,2.0734511513692637,0.0021143596724726
0.1884955592153876,2.0734511513692637,0.0032738081692649
0.2303834612632514,2.0734511513692637,0.0028393996653968
0.2722713633111153,2.0734511513692637,0.0009932070310243
0.3141592653589793,2.0734511513692637,-0.0014436807317142
0.3560471674068433,2.0734511513692637,-0.0033042274798447
0.3979350694547070,2.0734511513692637,-0.0037778301422557
0.4398229715025710,2.0734511513692637,-0.0033150453854656
0.4817108735504350,2.0734511513692637,-0.0031681036835547
0.5235987755982989,2.0734511513692637,-0.0031218808785758
0.5654866776461627,2.0734511513692637,-0.0022763771124755
0.6073745796940266,2.0734511513692637,-0.0021660925209084
0.6492624817418906,2.0734511513692637,0.0000134055275713
0.6911503837897545,2.0734511513692637,0.0020275873320968
0.7330382858376183,2.0734511513692637,0.0050238560759861
0.7749261878854823,2.0734511513692637,0.0073783633519713
0.8168140899333461,2.0734511513692637,0.0046414556525326
0.8587019919812100,2.0734511513692637,0.0049008916229870
0.9005898940290740,2.0734511513692637,0.0064860420494834
0.9424777960769379,2.0734511513692637,0.0066809051613744
0.9843656981248019,2.0734511513692637,0.0058413942022291
1.0262536001726656,2.0734511513692637,0.0051331087953170
1.0681415022205296,2.0734511513692637,0.0051332359556171
1.1100294042683936,2.0734511513692637,0.0057955064774544
1.1519173063162575,2.0734511513692637,0.0067766984722692
1.1938052083641213,2.0734511513692637,0.0076920026228586
1.2356931104119853,2.0734511513692637,0.0082497585385999
1.2775810124598492,2.0734511513692637,0.0083029460322228
1.3194689145077132,2.0734511513692637,0.0078506522006618
1.3613568165555769,2.0734511513692637,0.0070106395276754
1.4032447186034409,2.0734511513692637,0.0059771037090406
1.4451326206513049,2.0734511513692637,0.0049737910744740
1.4870205226991688,2.0734511513692637,0.0042099321762703
1.5289084247470326,2.0734511513692637,0.0038442289408889
1.5707963267948966,2.0734511513692637,0.0039602090031434
1.6126842288427605,2.0734511513692637,0.0045545885232681
1.6545721308906245,2.0734511513692637,0.0055388635634919
1.6964600329384882,2.0734511513692637,0.0067531780959009
1.7383479349863524,2.0734511513692637,0.0079905645744061
1.7802358370342162,2.0734511513692637,0.0090288579196591
1.8221237390820799,2.0734511513692637,0.0096668655702894
1.8640116411299441,2.0734511513692637,0.0097606784062838
1.9058995431778079,2.0734511513692637,0.0092553726428031
1.9477874452256716,2.0734511513692637,0.0082070296454315
1.9896753472735358,2.0734511513692637,0.0067904658269604
2.0315632493213993,2.0734511513692637,0.0052895024774302
2.0734511513692637,2.0734511513692637,0.0040668030386688
2.1153390534171272,2.0734511513692637,0.0035006505590327
2.1572269554649912,2.0734511513692637,0.0038444389840896
2.1991148575128552,2.0734511513692637,0.0049429076354749
2.2410027595607191,2.0734511513692637,0.0059306733109628
2.2828906616085827,2.0734511513692637,0.0057308608436208
2.3247785636564471,2.0734511513692637,0.0053055247311384
2.3666664657043106,2.0734511513692637,0.0076013519048802
2.4085543677521750,2.0734511513692637,0.0074167582177969
2.4504422698000385,2.0734511513692637,0.0055154517466910
2.4923301718479025,2.0734511513692637,0.0012562502289368
2.5342180738957665,2.0734511513692637,0.0033305391617908
2.5761059759436304,2.0734511513692637,0.0027524771514800
2.6179938779914940,2.0734511513692637,0.0007211299404053
2.6598817800393584,2.0734511513692637,0.0000270905468722
2.7017696820872219,2.0734511513692637,-0.0006576901084163
2.7436575841350863,2.0734511513692637,-0.0015093813755862
2.7855454861829498,2.0734511513692637,-0.0014254989941509
2.8274333882308138,2.0734511513692637,-0.0000688334744039
2.8693212902786778,2.0734511513692637,0.0019137773890092
2.9112091923265417,2.0734511513692637,0.0036295822987493
2.9530970943744053,2.0734511513692637,0.0044326584231793
2.9949849964222697,2.0734511513692637,0.0040823378812349
3.0368728984701332,2.0734511513692637,0.0027657731018321
3.0787608005179976,2.0734511513692637,0.0010758534030934
3.1206487025658611,2.0734511513692637,-0.0000378728477863
0.0209439510239320,2.1153390534171272,-0.0015530218666873
0.0628318530717960,2.1153390534171272,-0.0016856996450981
0.1047197551196597,2.1153390534171272,0.0001882607127376
0.1466076571675237,2.1153390534171272,0.0022487842020871
0.1884955592153876,2.1153390534171272,0.0033937222246645
0.2303834612632514,2.1153390534171272,0.0032807881237085
0.2722713633111153,2.1153390534171272,0.0022426165663108
0.3141592653589793,2.1153390534171272,0.0010148642456673
0.3560471674068433,2.1153390534171272,0.0002173571428159
0.3979350694547070,2.1153390534171272,-0.0002576241537890
0.4398229715025710,2.1153390534171272,-0.0012353430058667
0.4817108735504350,2.1153390534171272,-0.0029535626329376
0.5235987755982989,2.1153390534171272,-0.0038054866201602
0.5654866776461627,2.1153390534171272,-0.0020423089003501
0.6073745796940266,2.1153390534171272,-0.0000769905195923
0.6492624817418906,2.1153390534171272,-0.0020517059488060
0.6911503837897545,2.1153390534171272,0.0002743072269887
0.7330382858376183,2.1153390534171272,0.0090521722930431
0.7749261878854823,2.1153390534171272,0.0064698338093706
0.8168140899333461,2.1153390534171272,0.0064421927849284
0.8587019919812100,2.1153390534171272,0.0042284022548443
0.9005898940290740,2.1153390534171272,0.0049484890082822
0.9424777960769379,2.1153390534171272,0.0059966634351869
0.9843656981248019,2.1153390534171272,0.0059663111741610
1.0262536001726656,2.1153390534171272,0.0054808750564560
1.0681415022205296,2.1153390534171272,0.0053269552983009
1.1100294042683936,2.1153390534171272,0.0057401652088545
1.1519173063162575,2.1153390534171272,0.0065276571353610
1.1938052083641213,2.1153390534171272,0.0073457050774810
1.2356931104119853,2.1153390534171272,0.0078910360964599
1.2775810124598492,2.1153390534171272,0.0079891313420761
1.3194689145077132,2.1153390534171272,0.0076124978978320
1.3613568165555769,2.1153390534171272,0.0068588425778393
1.4032447186034409,2.1153390534171272,0.0059094742757988
1.4451326206513049,2.1153390534171272,0.0049812241297278
1.4870205226991688,2.1153390534171272,0.0042806385108580
1.5289084247470326,2.1153390534171272,0.0039661549661132
1.5707963267948966,2.1153390534171272,0.0041217585607678
1.6126842288427605,2.1153390534171272,0.0047438920425804
1.6545721308906245,2.1153390534171272,0.0057419945116468
1.6964600329384882,2.1153390534171272,0.0069518956735637
1.7383479349863524,2.1153390534171272,0.0081603492849127
1.7802358370342162,2.1153390534171272,0.0091381935389634
1.8221237390820799,2.1153390534171272,0.0096789019969703
1.8640116411299441,2.1153390534171272,0.0096385568163675
1.9058995431778079,2.1153390534171272,0.0089724852951534
1.9477874452256716,2.1153390534171272,0.0077629281452809
1.9896753472735358,2.1153390534171272,0.0062309641124829
2.0315632493213993,2.1153390534171272,0.0047234222457901
2.0734511513692637,2.1153390534171272,0.0036584686652785
2.1153390534171272,2.1153390534171272,0.0033983975844133
2.1572269554649912,2.1153390534171272,0.0040109590042334
2.1991148575128552,2.1153390534171272,0.0049781617469954
2.2410027595607191,2.1153390534171272,0.0053062839316886
2.2828906616085827,2.1153390534171272,0.0049010156391151
2.3247785636564471,2.1153390534171272,0.0059884250553418
2.3666664657043106,2.1153390534171272,0.0071016021841148
2.4085543677521750,2.1153390534171272,0.0094772435222381
2.4504422698000385,2.1153390534171272,0.0036395468542272
2.4923301718479025,2.1153390534171272,0.0013540615572457
2.5342180738957665,2.1153390534171272,0.0052156179319127
2.5761059759436304,2.1153390534171272,0.0030581639943229
2.6179938779914940,2.1153390534171272,0.0009400349467223
2.6598817800393584,2.1153390534171272,0.0009292596990420
2.7017696820872219,2.1153390534171272,0.0014477846622647
2.7436575841350863,2.1153390534171272,0.0014072937110805
2.7855454861829498,2.1153390534171272,0.0012457073808601
2.8274333882308138,2.1153390534171272,0.0016357463235472
2.8693212902786778,2.1153390534171272,0.0025721612322653
2.9112091923265417,2.1153390534171272,0.0035381917476840
2.9530970943744053,2.1153390534171272,0.0039824415649710
2.9949849964222697,2.1153390534171272,0.0036149442246396
3.0368728984701332,2.1153390534171272,0.0025031836007151
3.0787608005179976,2.1153390534171272,0.0010682985965147
3.1206487025658611,2.1153390534171272,0.0000478224563870
0.0209439510239320,2.1572269554649912,-0.0013770039449933
0.0628318530717960,2.1572269554649912,-0.0014552594679598
0.1047197551196597,2.1572269554649912,0.0001740437892523
0.1466076571675237,2.1572269554649912,0.0019076962933158
0.1884955592153876,2.1572269554649912,0.0029220417284459
0.2303834612632514,2.1572269554649912,0.0031287945432164
0.2722713633111153,2.1572269554649912,0.0029657813052884
0.3141592653589793,2.1572269554649912,0.0029932966821067
0.3560471674068433,2.1572269554649912,0.0033716422166972
0.3979350694547070,2.1572269554649912,0.0035319121424091
0.4398229715025710,2.1572269554649912,0.0025087124887964
0.4817108735504350,2.1572269554649912,0.0000677651903358
0.5235987755982989,2.1572269554649912,-0.0022358042530120
0.5654866776461627,2.1572269554649912,-0.0019830658149624
0.6073745796940266,2.1572269554649912,0.0006351231980023
0.6492624817418906,2.1572269554649912,0.0002326701244548
0.6911503837897545,2.1572269554649912,-0.0029526976455241
0.7330382858376183,2.1572269554649912,0.0011092128400117
0.7749261878854823,2.1572269554649912,0.0038123399151163
0.8168140899333461,2.1572269554649912,0.0071870081684383
0.8587019919812100,2.1572269554649912,0.0058002841859088
0.9005898940290740,2.1572269554649912,0.0042616494076164
0.9424777960769379,2.1572269554649912,0.0049111244794657
0.9843656981248019,2.1572269554649912,0.0056131625670235
1.0262536001726656,2.1572269554649912,0.0056870773983231
1.0681415022205296,2.1572269554649912,0.0056238254052988
1.1100294042683936,2.1572269554649912,0.0058537207706162
1.1519173063162575,2.1572269554649912,0.0064055191201775
1.1938052083641213,2.1572269554649912,0.0070539983368820
1.2356931104119853,2.1572269554649912,0.0075280989627400
1.2775810124598492,2.1572269554649912,0.0076405552589609
1.3194689145077132,2.1572269554649912,0.0073354998661261
1.3613568165555769,2.1572269554649912,0.0066817748516268
1.4032447186034409,2.1572269554649912,0.0058373632368856
1.4451326206513049,2.1572269554649912,0.0050026203426565
1.4870205226991688,2.1572269554649912,0.0043736796422387
1.5289084247470326,2.1572269554649912,0.0041031010841688
1.5707963267948966,2.1572269554649912,0.0042719292254063
1.6126842288427605,2.1572269554649912,0.0048752883266192
1.6545721308906245,2.1572269554649912,0.0058221199823389
1.6964600329384882,2.1572269554649912,0.0069484758771152
1.7383479349863524,2.1572269554649912,0.0080428009988516
1.7802358370342162,2.1572269554649912,0.0088807855284605
1.8221237390820799,2.1572269554649912,0.0092665107093530
1.8640116411299441,2.1572269554649912,0.0090756084135284
1.9058995431778079,2.1572269554649912,0.0082947728846436
1.9477874452256716,2.1572269554649912,0.0070498366416079
1.9896753472735358,2.1572269554649912,0.0056110399976823
2.0315632493213993,2.1572269554649912,0.0043579369376030
2.0734511513692637,2.1572269554649912,0.0036777519863845
2.1153390534171272,2.1572269554649912,0.0037713863020513
2.1572269554649912,2.1572269554649912,0.0044018123910610
2.1991148575128552,2.1572269554649912,0.0048485499691655
2.2410027595607191,2.1572269554649912,0.0046659085139695
2.2828906616085827,2.1572269554649912,0.0050518250150340
2.3247785636564471,2.1572269554649912,0.0062132879502854
2.3666664657043106,2.1572269554649912,0.0033187137049757
2.4085543677521750,2.1572269554649912,0.0036503766275416
2.4504422698000385,2.1572269554649912,-0.0006207045674532
2.4923301718479025,2.1572269554649912,0.0037023139519775
2.5342180738957665,2.1572269554649912,0.0047701171788682
2.5761059759436304,2.1572269554649912,0.0030200707852603
2.6179938779914940,2.1572269554649912,0.0026964823122468
2.6598817800393584,2.1572269554649912,0.0036554301013600
2.7017696820872219,2.1572269554649912,0.0042969511655191
2.7436575841350863,2.1572269554649912,0.0038426197946348
2.7855454861829498,2.1572269554649912,0.0027391816560849
2.8274333882308138,2.1572269554649912,0.0018421654214660
2.8693212902786778,2.1572269554649912,0.0015964347161592
2.9112091923265417,2.1572269554649912,0.0018693004454486
2.9530970943744053,2.1572269554649912,0.0022294071641082
2.9949849964222697,2.1572269554649912,0.0022694516003385
3.0368728984701332,2.1572269554649912,0.0018035886628480
3.0787608005179976,2.1572269554649912,0.0009501953056840
3.1206487025658611,2.1572269554649912,0.0001520780942874
0.0209439510239320,2.1991148575128552,-0.0011272382148648
0.0628318530717960,2.1991148575128552,-0.0011172660100931
0.1047197551196597,2.1991148575128552,0.0001734780931317
0.1466076571675237,2.1991148575128552,0.0013804238592847
0.1884955592153876,2.1991148575128552,0.0019650706883847
0.2303834612632514,2.1991148575128552,0.0020797061789877
0.2722713633111153,2.1991148575128552,0.0022599106192398
0.3141592653589793,2.1991148575128552,0.0029718050307983
0.3560471674068433,2.1991148575128552,0.0041516521372476
0.3979350694547070,2.1991148575128552,0.0050274571883786
0.4398229715025710,2.1991148575128552,0.0045926252856066
0.4817108735504350,2.1991148575128552,0.0026334226677247
0.5235987755982989,2.1991148575128552,0.0001986000136338
0.5654866776461627,2.1991148575128552,-0.0009383453550311
0.6073745796940266,2.1991148575128552,0.0004691164775203
0.6492624817418906,2.1991148575128552,0.0023076806540113
0.6911503837897545,2.1991148575128552,-0.0006326280446302
0.7330382858376183,2.1991148575128552,0.0000464892736350
0.7749261878854823,2.1991148575128552,0.0057086642055793
0.8168140899333461,2.1991148575128552,0.0039141689112672
0.8587019919812100,2.1991148575128552,0.0073099486445174
0.9005898940290740,2.1991148575128552,0.0057160018440665
0.9424777960769379,2.1991148575128552,0.0045703495798265
0.9843656981248019,2.1991148575128552,0.0049977830626129
1.0262536001726656,2.1991148575128552,0.0055567340958782
1.0681415022205296,2.1991148575128552,0.0058343844573363
1.1100294042683936,2.1991148575128552,0.0060761958226730
1.1519173063162575,2.1991148575128552,0.0064551757858669
1.1938052083641213,2.1991148575128552,0.0069084800838484
1.2356931104119853,2.1991148575128552,0.0072537087671796
1.2775810124598492,2.1991148575128552,0.0073264465533474
1.3194689145077132,2.1991148575128552,0.0070565739423398
1.3613568165555769,2.1991148575128552,0.0064843649431654
1.4032447186034409,2.1991148575128552,0.0057380533136446
1.4451326206513049,2.1991148575128552,0.0049930823415945
1.4870205226991688,2.1991148575128552,0.0044273872918115
1.5289084247470326,2.1991148575128552,0.0041818899987738
1.5707963267948966,2.1991148575128552,0.0043316603134333
1.6126842288427605,2.1991148575128552,0.0048706126308153
1.6545721308906245,2.1991148575128552,0.0057107619497361
1.6964600329384882,2.1991148575128552,0.0066956717799906
1.7383479349863524,2.1991148575128552,0.0076265832561364
1.7802358370342162,2.1991148575128552,0.0082986498315309
1.8221237390820799,2.1991148575128552,0.0085435198015313
1.8640116411299441,2.1991148575128552,0.0082729432113644
1.9058995431778079,2.1991148575128552,0.0075157494091438
1.9477874452256716,2.1991148575128552,0.0064369449355914
1.9896753472735358,2.1991148575128552,0.0053224716436238
2.0315632493213993,2.1991148575128552,0.0045077185956340
2.0734511513692637,2.1991148575128552,0.0042310473295198
2.1153390534171272,2.1991148575128552,0.0044355176484644
2.1572269554649912,2.1991148575128552,0.0046825058491866
2.1991148575128552,2.1991148575128552,0.0045629918964879
2.2410027595607191,2.1991148575128552,0.0046628805757769
2.2828906616085827,2.1991148575128552,0.0054318822918739
2.3247785636564471,2.1991148575128552,0.0023483048491365
2.3666664657043106,2.1991148575128552,0.0042078970389016
2.4085543677521750,2.1991148575128552,0.0014642167054424
2.4504422698000385,2.1991148575128552,0.0010411326417467
2.4923301718479025,2.1991148575128552,0.0037374221563636
2.5342180738957665,2.1991148575128552,0.0033752277005314
2.5761059759436304,2.1991148575128552,0.0034817394699991
2.6179938779914940,2.1991148575128552,0.0047151018327987
2.6598817800393584,2.1991148575128552,0.0058446311669758
2.7017696820872219,2.1991148575128552,0.0057744445366530
2.7436575841350863,2.1991148575128552,0.0043053347738706
2.7855454861829498,2.1991148575128552,0.0021344298803367
2.8274333882308138,2.1991148575128552,0.0002692103103268
2.8693212902786778,2.1991148575128552,-0.0006335917348670
2.9112091923265417,2.1991148575128552,-0.0005225653146084
2.9530970943744053,2.1991148575128552,0.0001949748178465
2.9949849964222697,2.1991148575128552,0.0009531890674941
3.0368728984701332,2.1991148575128552,0.0012929341732602
3.0787608005179976,2.1991148575128552,0.0010306992835112
3.1206487025658611,2.1991148575128552,0.0003425623334911
0.0209439510239320,2.2410027595607191,-0.0007661809599492
0.0628318530717960,2.2410027595607191,-0.0005179796390232
0.1047197551196597,2.2410027595607191,0.0004832695844190
0.1466076571675237,2.2410027595607191,0.0010852273929480
0.1884955592153876,2.2410027595607191,0.0009896800705171
0.2303834612632514,2.2410027595607191,0.0005453286434984
0.2722713633111153,2.2410027595607191,0.0003785698226384
0.3141592653589793,2.2410027595607191,0.0009319560929464
0.3560471674068433,2.2410027595607191,0.0021063139066175
0.3979350694547070,2.2410027595607191,0.0033122210367786
0.4398229715025710,2.2410027595607191,0.0039545984045468
0.4817108735504350,2.2410027595607191,0.0037259650300290
0.5235987755982989,2.2410027595607191,0.0025989228617898
0.5654866776461627,2.2410027595607191,0.0012362611036896
0.6073745796940266,2.2410027595607191,0.0011286473186571
0.6492624817418906,2.2410027595607191,0.0029122380321218
0.6911503837897545,2.2410027595607191,0.0036224158605742
0.7330382858376183,2.2410027595607191,0.0005141826932406
0.7749261878854823,2.2410027595607191,0.0047164991985452
0.8168140899333461,2.2410027595607191,0.0069870107005121
0.8587019919812100,2.2410027595607191,0.0043507005074612
0.9005898940290740,2.2410027595607191,0.0072318506749409
0.9424777960769379,2.2410027595607191,0.0060026573226964
0.9843656981248019,2.2410027595607191,0.0050652479202460
1.0262536001726656,2.2410027595607191,0.0053050589686408
1.0681415022205296,2.2410027595607191,0.0058221427366771
1.1100294042683936,2.2410027595607191,0.0062510008562404
1.1519173063162575,2.2410027595607191,0.0066185959061311
1.1938052083641213,2.2410027595607191,0.0069457599315270
1.2356931104119853,2.2410027595607191,0.0071574437021462
1.2775810124598492,2.2410027595607191,0.0071501861967933
1.3194689145077132,2.2410027595607191,0.0068678592222073
1.3613568165555769,2.2410027595607191,0.0063359888233254
1.4032447186034409,2.2410027595607191,0.0056561811768487
1.4451326206513049,2.2410027595607191,0.0049763043570792
1.4870205226991688,2.2410027595607191,0.0044515405716261
1.5289084247470326,2.2410027595607191,0.0042073143477219
1.5707963267948966,2.2410027595607191,0.0043111199086776
1.6126842288427605,2.2410027595607191,0.0047571843973697
1.6545721308906245,2.2410027595607191,0.0054656122820176
1.6964600329384882,2.2410027595607191,0.0062958950137506
1.7383479349863524,2.2410027595607191,0.0070731826976269
1.7802358370342162,2.2410027595607191,0.0076242577384797
1.8221237390820799,2.2410027595607191,0.0078184557003771
1.8640116411299441,2.2410027595607191,0.0076065259199436
1.9058995431778079,2.2410027595607191,0.0070472941028754
1.9477874452256716,2.2410027595607191,0.0063080038142149
1.9896753472735358,2.2410027595607191,0.0056209947554802
2.0315632493213993,2.2410027595607191,0.0051837164761318
2.0734511513692637,2.2410027595607191,0.0050200622161140
2.1153390534171272,2.2410027595607191,0.0049119660473236
2.1572269554649912,2.2410027595607191,0.0046454097602128
2.1991148575128552,2.2410027595607191,0.0046118295219865
2.2410027595607191,2.2410027595607191,0.0050784910059863
2.2828906616085827,2.2410027595607191,0.0023131039766421
2.3247785636564471,2.2410027595607191,0.0036041894480177
2.3666664657043106,2.2410027595607191,0.0046841741202158
2.4085543677521750,2.2410027595607191,0.0006649421229814
2.4504422698000385,2.2410027595607191,0.0022842868811713
2.4923301718479025,2.2410027595607191,0.0022517464148147
2.5342180738957665,2.2410027595607191,0.0027785825829802
2.5761059759436304,2.2410027595607191,0.0044384657576904
2.6179938779914940,2.2410027595607191,0.0059592075055888
2.6598817800393584,2.2410027595607191,0.0062119579562385
2.7017696820872219,2.2410027595607191,0.0049396559289729
2.7436575841350863,2.2410027595607191,0.0025768546320235
2.7855454861829498,2.2410027595607191,-0.0000556240279479
2.8274333882308138,2.2410027595607191,-0.0020593806452711
2.8693212902786778,2.2410027595607191,-0.0028404235870225
2.9112091923265417,2.2410027595607191,-0.0023502827606208
2.9530970943744053,2.2410027595607191,-0.0010339469569334
2.9949849964222697,2.2410027595607191,0.0004211350994408
3.0368728984701332,2.2410027595607191,0.0013704202446647
3.0787608005179976,2.2410027595607191,0.0014319814578087
3.1206487025658611,2.2410027595607191,0.0006147307637082
0.0209439510239320,2.2828906616085827,-0.0003361015516623
0.0628318530717960,2.2828906616085827,0.0002960076910139
0.1047197551196597,2.2828906616085827,0.0011566881184966
0.1466076571675237,2.2828906616085827,0.0012645182330724
0.1884955592153876,2.2828906616085827,0.0004906053961367
0.2303834612632514,2.2828906616085827,-0.0006990744122279
0.2722713633111153,2.2828906616085827,-0.0016295961776764
0.3141592653589793,2.2828906616085827,-0.0018023924269259
0.3560471674068433,2.2828906616085827,-0.0010780100702548
0.3979350694547070,2.2828906616085827,0.0003883382421650
0.4398229715025710,2.2828906616085827,0.0021717769555623
0.4817108735504350,2.2828906616085827,0.0035259055754500
0.5235987755982989,2.2828906616085827,0.0037542829132025
0.5654866776461627,2.2828906616085827,0.0029365264426395
0.6073745796940266,2.2828906616085827,0.0021919446102525
0.6492624817418906,2.2828906616085827,0.0029140690065024
0.6911503837897545,2.2828906616085827,0.0049310198275755
0.7330382858376183,2.2828906616085827,0.0050501509812020
0.7749261878854823,2.2828906616085827,0.0026761681535185
0.8168140899333461,2.2828906616085827,0.0069229015782463
0.8587019919812100,2.2828906616085827,0.0057768008604337
0.9005898940290740,2.2828906616085827,0.0042614805126419
0.9424777960769379,2.2828906616085827,0.0069372886721706
0.9843656981248019,2.2828906616085827,0.0063369715392096
1.0262536001726656,2.2828906616085827,0.0056038758551160
1.0681415022205296,2.2828906616085827,0.0057495719941718
1.1100294042683936,2.2828906616085827,0.0062542903031856
1.1519173063162575,2.2828906616085827,0.0067406983079563
1.1938052083641213,2.2828906616085827,0.0070909121043479
1.2356931104119853,2.2828906616085827,0.0072568130020738
1.2775810124598492,2.2828906616085827,0.0071950839929036
1.3194689145077132,2.2828906616085827,0.0068870323023318
1.3613568165555769,2.2828906616085827,0.0063656236225413
1.4032447186034409,2.2828906616085827,0.0057197677789134
1.4451326206513049,2.2828906616085827,0.0050762351479867
1.4870205226991688,2.2828906616085827,0.0045694677471879
1.5289084247470326,2.2828906616085827,0.0043098361468972
1.5707963267948966,2.2828906616085827,0.0043582281614181
1.6126842288427605,2.2828906616085827,0.0047118605809076
1.6545721308906245,2.2828906616085827,0.0053036007207790
1.6964600329384882,2.2828906616085827,0.0060148984251318
1.7383479349863524,2.2828906616085827,0.0067004814474669
1.7802358370342162,2.2828906616085827,0.0072210220232427
1.8221237390820799,2.2828906616085827,0.0074777983395105
1.8640116411299441,2.2828906616085827,0.0074407954101320
1.9058995431778079,2.2828906616085827,0.0071589704174908
1.9477874452256716,2.2828906616085827,0.0067401759103849
1.9896753472735358,2.2828906616085827,0.0062937703893400
2.0315632493213993,2.2828906616085827,0.0058536927774440
2.0734511513692637,2.2828906616085827,0.0053604477638181
2.1153390534171272,2.2828906616085827,0.0048476110937467
2.1572269554649912,2.2828906616085827,0.0047641429118719
2.1991148575128552,2.2828906616085827,0.0051323422642971
2.2410027595607191,2.2828906616085827,0.0026012205196505
2.2828906616085827,2.2828906616085827,0.0022287789170688
2.3247785636564471,2.2828906616085827,0.0065451869687191
2.3666664657043106,2.2828906616085827,0.0020725356954008
2.4085543677521750,2.2828906616085827,0.0023661698955660
2.4504422698000385,2.2828906616085827,0.0013390333722224
2.4923301718479025,2.2828906616085827,0.0013533068403386
2.5342180738957665,2.2828906616085827,0.0029916136318877
2.5761059759436304,2.2828906616085827,0.0049457157756481
2.6179938779914940,2.2828906616085827,0.0058333216716604
2.6598817800393584,2.2828906616085827,0.0050570972862316
2.7017696820872219,2.2828906616085827,0.0028965304677611
2.7436575841350863,2.2828906616085827,0.0001492518670358
2.7855454861829498,2.2828906616085827,-0.0023011812563911
2.8274333882308138,2.2828906616085827,-0.0037622218417872
2.8693212902786778,2.2828906616085827,-0.0038923453834916
2.9112091923265417,2.2828906616085827,-0.0027917196458724
2.9530970943744053,2.2828906616085827,-0.0009635943424033
2.9949849964222697,2.2828906616085827,0.0008699334169138
3.0368728984701332,2.2828906616085827,0.0020179140647323
3.0787608005179976,2.2828906616085827,0.0020418226940044
3.1206487025658611,2.2828906616085827,0.0008984529798496
0.0209439510239320,2.3247785636564471,0.0000720054317907
0.0628318530717960,2.3247785636564471,0.0011378753293598
0.1047197551196597,2.3247785636564471,0.0020327204002284
0.1466076571675237,2.3247785636564471,0.0019030229235584
0.1884955592153876,2.3247785636564471,0.0007098932867791
0.2303834612632514,2.3247785636564471,-0.0010398014905606
0.2722713633111153,2.3247785636564471,-0.0026305174595955
0.3141592653589793,2.3247785636564471,-0.0034270876922664
0.3560471674068433,2.3247785636564471,-0.0030570747911280
0.3979350694547070,2.3247785636564471,-0.0015558581515076
0.4398229715025710,2.3247785636564471,0.0005361625185774
0.4817108735504350,2.3247785636564471,0.0023522794161859
0.5235987755982989,2.3247785636564471,0.0031923437801356
0.5654866776461627,2.3247785636564471,0.0029732063349170
0.6073745796940266,2.3247785636564471,0.0023237439705408
0.6492624817418906,2.3247785636564471,0.0023036005234163
0.6911503837897545,2.3247785636564471,0.0037084123756290
0.7330382858376183,2.3247785636564471,0.0057522654901572
0.7749261878854823,2.3247785636564471,0.0053808423084962
0.8168140899333461,2.3247785636564471,0.0032421798948200
0.8587019919812100,2.3247785636564471,0.0064590440669075
0.9005898940290740,2.3247785636564471,0.0062494533592766
0.9424777960769379,2.3247785636564471,0.0037361689595186
0.9843656981248019,2.3247785636564471,0.0062555550367193
1.0262536001726656,2.3247785636564471,0.0064217601030919
1.0681415022205296,2.3247785636564471,0.0059734252196696
1.1100294042683936,2.3247785636564471,0.0061074231680888
1.1519173063162575,2.3247785636564471,0.0066072773352767
1.1938052083641213,2.3247785636564471,0.0071000748336820
1.2356931104119853,2.3247785636564471,0.0073887974586966
1.2775810124598492,2.3247785636564471,0.0074043307309587
1.3194689145077132,2.3247785636564471,0.0071480298448331
1.3613568165555769,2.3247785636564471,0.0066720454615351
1.4032447186034409,2.3247785636564471,0.0060702389338956
1.4451326206513049,2.3247785636564471,0.0054627823460692
1.4870205226991688,2.3247785636564471,0.0049730621957126
1.5289084247470326,2.3247785636564471,0.0047023750952031
1.5707963267948966,2.3247785636564471,0.0047088271909657
1.6126842288427605,2.3247785636564471,0.0049952615489344
1.6545721308906245,2.3247785636564471,0.0055087282708184
1.6964600329384882,2.3247785636564471,0.0061516425755619
1.7383479349863524,2.3247785636564471,0.0068024912567114
1.7802358370342162,2.3247785636564471,0.0073417276725183
1.8221237390820799,2.3247785636564471,0.0076763976657368
1.8640116411299441,2.3247785636564471,0.0077555520350828
1.9058995431778079,2.3247785636564471,0.0075692772388235
1.9477874452256716,2.3247785636564471,0.0071313158253401
1.9896753472735358,2.3247785636564471,0.0064659101616250
2.0315632493213993,2.3247785636564471,0.0056553895244439
2.0734511513692637,2.3247785636564471,0.0050028238625724
2.1153390534171272,2.3247785636564471,0.0050750248039122
2.1572269554649912,2.3247785636564471,0.0055019504671954
2.1991148575128552,2.3247785636564471,0.0030845021133735
2.2410027595607191,2.3247785636564471,0.0048461667926512
2.2828906616085827,2.3247785636564471,0.0073638026169992
2.3247785636564471,2.3247785636564471,0.0036347015600138
2.3666664657043106,2.3247785636564471,0.0036960091914470
2.4085543677521750,2.3247785636564471,0.0016350177780459
2.4504422698000385,2.3247785636564471,0.0004818856654525
2.4923301718479025,2.3247785636564471,0.0012940576076479
2.5342180738957665,2.3247785636564471,0.0029688332693216
2.5761059759436304,2.3247785636564471,0.0042668642477746
2.6179938779914940,2.3247785636564471,0.0044315905215693
2.6598817800393584,2.3247785636564471,0.0032809890782115
2.7017696820872219,2.3247785636564471,0.0011705707344993
2.7436575841350863,2.3247785636564471,-0.0011875435213105
2.7855454861829498,2.3247785636564471,-0.0030237179876476
2.8274333882308138,2.3247785636564471,-0.0037899463879074
2.8693212902786778,2.3247785636564471,-0.0033136078775446
2.9112091923265417,2.3247785636564471,-0.0018187521023851
2.9530970943744053,2.3247785636564471,0.0001578179265318
2.9949849964222697,2.3247785636564471,0.0019312868402235
3.0368728984701332,2.3247785636564471,0.0028731895685328
3.0787608005179976,2.3247785636564471,0.0025991581698687
3.1206487025658611,2.3247785636564471,0.0010975242914561
0.0209439510239320,2.3666664657043106,0.0003770095099306
0.0628318530717960,2.3666664657043106,0.0018124762810174
0.1047197551196597,2.3666664657043106,0.0028684294128407
0.1466076571675237,2.3666664657043106,0.0027841251083889
0.1884955592153876,2.3666664657043106,0.0015558424554105
0.2303834612632514,2.3666664657043106,-0.0003099271549500
0.2722713633111153,2.3666664657043106,-0.0020885214670556
0.3141592653589793,2.3666664657043106,-0.0031186713017670
0.3560471674068433,2.3666664657043106,-0.0030439167610976
0.3979350694547070,2.3666664657043106,-0.0019618196525650
0.4398229715025710,2.3666664657043106,-0.0003779867879843
0.4817108735504350,2.3666664657043106,0.0010567375298036
0.5235987755982989,2.3666664657043106,0.0018647036828099
0.5654866776461627,2.3666664657043106,0.0019221382262384
0.6073745796940266,2.3666664657043106,0.0014710623220906
0.6492624817418906,2.3666664657043106,0.0010613706864615
0.6911503837897545,2.3666664657043106,0.0014272982599168
0.7330382858376183,2.3666664657043106,0.0030104209828432
0.7749261878854823,2.3666664657043106,0.0048129539686892
0.8168140899333461,2.3666664657043106,0.0040263419508646
0.8587019919812100,2.3666664657043106,0.0017543403242980
0.9005898940290740,2.3666664657043106,0.0047055395721416
0.9424777960769379,2.3666664657043106,0.0057725997457922
0.9843656981248019,2.3666664657043106,0.0035925349389752
1.0262536001726656,2.3666664657043106,0.0052152731777154
1.0681415022205296,2.3666664657043106,0.0061722467916580
1.1100294042683936,2.3666664657043106,0.0060661722581789
1.1519173063162575,2.3666664657043106,0.0061746116487024
1.1938052083641213,2.3666664657043106,0.0066178246963299
1.2356931104119853,2.3666664657043106,0.0070946178409070
1.2775810124598492,2.3666664657043106,0.0073689222397356
1.3194689145077132,2.3666664657043106,0.0073543813876680
1.3613568165555769,2.3666664657043106,0.0070766182080845
1.4032447186034409,2.3666664657043106,0.0066274660577583
1.4451326206513049,2.3666664657043106,0.0061293681297429
1.4870205226991688,2.3666664657043106,0.0057065103208416
1.5289084247470326,2.3666664657043106,0.0054605551064058
1.5707963267948966,2.3666664657043106,0.0054521497648174
1.6126842288427605,2.3666664657043106,0.0056904435721746
1.6545721308906245,2.3666664657043106,0.0061320710439949
1.6964600329384882,2.3666664657043106,0.0066893946283662
1.7383479349863524,2.3666664657043106,0.0072459531024052
1.7802358370342162,2.3666664657043106,0.0076756194342723
1.8221237390820799,2.3666664657043106,0.0078617807568269
1.8640116411299441,2.3666664657043106,0.0077154663441832
1.9058995431778079,2.3666664657043106,0.0071990657610475
1.9477874452256716,2.3666664657043106,0.0063752742817274
1.9896753472735358,2.3666664657043106,0.0055027045110448
2.0315632493213993,2.3666664657043106,0.0051136738211984
2.0734511513692637,2.3666664657043106,0.0056659175276920
2.1153390534171272,2.3666664657043106,0.0060326327780264
2.1572269554649912,2.3666664657043106,0.0038592726562846
2.1991148575128552,2.3666664657043106,0.0060629176895168
2.2410027595607191,2.3666664657043106,0.0076066598006325
2.2828906616085827,2.3666664657043106,0.0046833906257379
2.3247785636564471,2.3666664657043106,0.0052075763411471
2.3666664657043106,2.3666664657043106,0.0027757441337692
2.4085543677521750,2.3666664657043106,0.0006842193617311
2.4504422698000385,2.3666664657043106,0.0004587027656049
2.4923301718479025,2.3666664657043106,0.0012887788030929
2.5342180738957665,2.3666664657043106,0.0022274036335481
2.5761059759436304,2.3666664657043106,0.0027551811483375
2.6179938779914940,2.3666664657043106,0.0026443286863758
2.6598817800393584,2.3666664657043106,0.0018608762782284
2.7017696820872219,2.3666664657043106,0.0005859328265416
2.7436575841350863,2.3666664657043106,-0.0007874632193765
2.7855454861829498,2.3666664657043106,-0.0017721083588760
2.8274333882308138,2.3666664657043106,-0.0019810941065064
2.8693212902786778,2.3666664657043106,-0.0012927876015045
2.9112091923265417,2.3666664657043106,0.0000930630541254
2.9530970943744053,2.3666664657043106,0.0017192727067259
2.9949849964222697,2.3666664657043106,0.0030177124529334
3.0368728984701332,2.3666664657043106,0.0034852388135800
3.0787608005179976,2.3666664657043106,0.0028410272794905
3.1206487025658611,2.3666664657043106,0.0011339114292051
0.0209439510239320,2.4085543677521750,0.0005394272561305
0.0628318530717960,2.4085543677521750,0.0021949218696373
0.1047197551196597,2.4085543677521750,0.0034468018911682
0.1466076571675237,2.4085543677521750,0.0036087792550745
0.1884955592153876,2.4085543677521750,0.0026788858566063
0.2303834612632514,2.4085543677521750,0.0011094970107586
0.2722713633111153,2.4085543677521750,-0.0004673024177544
0.3141592653589793,2.4085543677521750,-0.0015071749450546
0.3560471674068433,2.4085543677521750,-0.0017483643989307
0.3979350694547070,2.4085543677521750,-0.0012679805280595
0.4398229715025710,2.4085543677521750,-0.0003856492409327
0.4817108735504350,2.4085543677521750,0.0005102547944142
0.5235987755982989,2.4085543677521750,0.0011026679136756
0.5654866776461627,2.4085543677521750,0.0012050791679492
0.6073745796940266,2.4085543677521750,0.0007868362557570
0.6492624817418906,2.4085543677521750,0.0000332573357451
0.6911503837897545,2.4085543677521750,-0.0005742197586360
0.7330382858376183,2.4085543677521750,-0.0003271384519987
0.7749261878854823,2.4085543677521750,0.0011730351054544
0.8168140899333461,2.4085543677521750,0.0028874963185126
0.8587019919812100,2.4085543677521750,0.0021439558532197
0.9005898940290740,2.4085543677521750,-0.0003759332834903
0.9424777960769379,2.4085543677521750,0.0024448829309364
0.9843656981248019,2.4085543677521750,-0.0000288385190798
1.0262536001726656,2.4085543677521750,0.0075617328532112
1.0681415022205296,2.4085543677521750,0.0042621710015105
1.1100294042683936,2.4085543677521750,0.0057885315534154
1.1519173063162575,2.4085543677521750,0.0061511076423161
1.1938052083641213,2.4085543677521750,0.0061499608248397
1.2356931104119853,2.4085543677521750,0.0063215426180440
1.2775810124598492,2.4085543677521750,0.0066166883660844
1.3194689145077132,2.4085543677521750,0.0068413720764716
1.3613568165555769,2.4085543677521750,0.0068820238938502
1.4032447186034409,2.4085543677521750,0.0067385070590815
1.4451326206513049,2.4085543677521750,0.0064867411151508
1.4870205226991688,2.4085543677521750,0.0062316208838625
1.5289084247470326,2.4085543677521750,0.0060688684220994
1.5707963267948966,2.4085543677521750,0.0060590561148784
1.6126842288427605,2.4085543677521750,0.0062133761472682
1.6545721308906245,2.4085543677521750,0.0064902904311233
1.6964600329384882,2.4085543677521750,0.0068021936718468
1.7383479349863524,2.4085543677521750,0.0070314717212173
1.7802358370342162,2.4085543677521750,0.0070565397277598
1.8221237390820799,2.4085543677521750,0.0067911999706592
1.8640116411299441,2.4085543677521750,0.0062435192492600
1.9058995431778079,2.4085543677521750,0.0055940491605107
1.9477874452256716,2.4085543677521750,0.0052472213230386
1.9896753472735358,2.4085543677521750,0.0056670350195094
2.0315632493213993,2.4085543677521750,0.0066233111081039
2.0734511513692637,2.4085543677521750,0.0062448181902490
2.1153390534171272,2.4085543677521750,0.0081655074585767
2.1572269554649912,2.4085543677521750,0.0040654999061603
2.1991148575128552,2.4085543677521750,0.0067523682968800
2.2410027595607191,2.4085543677521750,0.0053310942756172
2.2828906616085827,2.4085543677521750,0.0063098917079040
2.3247785636564471,2.4085543677521750,0.0039558538209807
2.3666664657043106,2.4085543677521750,0.0015800933910177
2.4085543677521750,2.4085543677521750,0.0007348805632694
2.4504422698000385,2.4085543677521750,0.0008087724573513
2.4923301718479025,2.4085543677521750,0.0010840830859802
2.5342180738957665,2.4085543677521750,0.0013030331989068
2.5761059759436304,2.4085543677521750,0.0014496758792992
2.6179938779914940,2.4085543677521750,0.0015127358392639
2.6598817800393584,2.4085543677521750,0.0014369925687836
2.7017696820872219,2.4085543677521750,0.0011994174466614
2.7436575841350863,2.4085543677521750,0.0008872137766307
2.7855454861829498,2.4085543677521750,0.0006936072171952
2.8274333882308138,2.4085543677521750,0.0008239536634775
2.8693212902786778,2.4085543677521750,0.0013708994440180
2.9112091923265417,2.4085543677521750,0.0022348958490659
2.9530970943744053,2.4085543677521750,0.0031336732175395
2.9949849964222697,2.4085543677521750,0.0036939806815610
3.0368728984701332,2.4085543677521750,0.0035851022780244
3.0787608005179976,2.4085543677521750,0.0026477914101535
3.1206487025658611,2.4085543677521750,0.0009862317588079
0.0209439510239320,2.4504422698000385,0.0005639493873530
0.0628318530717960,2.4504422698000385,0.0022554202104274
0.1047197551196597,2.4504422698000385,0.0036437247954699
0.1466076571675237,2.4504422698000385,0.0041018863740390
0.1884955592153876,2.4504422698000385,0.0035941461559248
0.2303834612632514,2.4504422698000385,0.0024632982428812
0.2722713633111153,2.4504422698000385,0.0011937004329319
0.3141592653589793,2.4504422698000385,0.0002057503032611
0.3560471674068433,2.4504422698000385,-0.0002666123090731
0.3979350694547070,2.4504422698000385,-0.0001968668352585
0.4398229715025710,2.4504422698000385,0.0002838815420021
0.4817108735504350,2.4504422698000385,0.0009501467113693
0.5235987755982989,2.4504422698000385,0.0015246896794374
0.5654866776461627,2.4504422698000385,0.0017173409759159
0.6073745796940266,2.4504422698000385,0.0013023586956955
0.6492624817418906,2.4504422698000385,0.0002480913076104
0.6911503837897545,2.4504422698000385,-0.0011478864956429
0.7330382858376183,2.4504422698000385,-0.0022196875356724
0.7749261878854823,2.4504422698000385,-0.0021372140600084
0.8168140899333461,2.4504422698000385,-0.0005289863870888
0.8587019919812100,2.4504422698000385,0.0015267028282792
0.9005898940290740,2.4504422698000385,0.0014002168348904
0.9424777960769379,2.4504422698000385,-0.0012621248463718
0.9843656981248019,2.4504422698000385,-0.0000262313743843
1.0262536001726656,2.4504422698000385,0.0001826846310478
1.0681415022205296,2.4504422698000385,0.0046070846923000
1.1100294042683936,2.4504422698000385,0.0053312010135581
1.1519173063162575,2.4504422698000385,0.0053582241358441
1.1938052083641213,2.4504422698000385,0.0064905326331898
1.2356931104119853,2.4504422698000385,0.0067442124780527
1.2775810124598492,2.4504422698000385,0.0065903215239305
1.3194689145077132,2.4504422698000385,0.0064008499533790
1.3613568165555769,2.4504422698000385,0.0062510181694388
1.4032447186034409,2.4504422698000385,0.0061059872289110
1.4451326206513049,2.4504422698000385,0.0059427520367708
1.4870205226991688,2.4504422698000385,0.0057772805827967
1.5289084247470326,2.4504422698000385,0.0056456769522239
1.5707963267948966,2.4504422698000385,0.0055762157537928
1.6126842288427605,2.4504422698000385,0.0055695486515007
1.6545721308906245,2.4504422698000385,0.0055933588385670
1.6964600329384882,2.4504422698000385,0.0055935277795664
1.7383479349863524,2.4504422698000385,0.0055226111875812
1.7802358370342162,2.4504422698000385,0.0053841451444919
1.8221237390820799,2.4504422698000385,0.0052815160514966
1.8640116411299441,2.4504422698000385,0.0054307561053508
1.9058995431778079,2.4504422698000385,0.0060371380659714
1.9477874452256716,2.4504422698000385,0.0068999040464789
1.9896753472735358,2.4504422698000385,0.0069721619199384
2.0315632493213993,2.4504422698000385,0.0064765745460929
2.0734511513692637,2.4504422698000385,0.0086825231273551
2.1153390534171272,2.4504422698000385,0.0070902671987966
2.1572269554649912,2.4504422698000385,0.0049060077140837
2.1991148575128552,2.4504422698000385,0.0058689712312200
2.2410027595607191,2.4504422698000385,0.0068017122331538
2.2828906616085827,2.4504422698000385,0.0046569285579625
2.3247785636564471,2.4504422698000385,0.0025932403250852
2.3666664657043106,2.4504422698000385,0.0017504326346498
2.4085543677521750,2.4504422698000385,0.0015314332483871
2.4504422698000385,2.4504422698000385,0.0013570490183596
2.4923301718479025,2.4504422698000385,0.0011303623619241
2.5342180738957665,2.4504422698000385,0.0010084633311211
2.5761059759436304,2.4504422698000385,0.0011309561735526
2.6179938779914940,2.4504422698000385,0.0015024401442858
2.6598817800393584,2.4504422698000385,0.0020094968885789
2.7017696820872219,2.4504422698000385,0.0025045825738781
2.7436575841350863,2.4504422698000385,0.0028919148871425
2.7855454861829498,2.4504422698000385,0.0031666856551817
2.8274333882308138,2.4504422698000385,0.0033896450139479
2.8693212902786778,2.4504422698000385,0.0036177813782698
2.9112091923265417,2.4504422698000385,0.0038371294196664
2.9530970943744053,2.4504422698000385,0.0039397972366042
2.9949849964222697,2.4504422698000385,0.0037597861167096
3.0368728984701332,2.4504422698000385,0.0031518511519664
3.0787608005179976,2.4504422698000385,0.0020819325165599
3.1206487025658611,2.4504422698000385,0.0007001093432113
0.0209439510239320,2.4923301718479025,0.0004888538653779
0.0628318530717960,2.4923301718479025,0.0020480542927807
0.1047197551196597,2.4923301718479025,0.0034398063184051
0.1466076571675237,2.4923301718479025,0.0040798226811063
0.1884955592153876,2.4923301718479025,0.0038806318051705
0.2303834612632514,2.4923301718479025,0.0030735682282861
0.2722713633111153,2.4923301718479025,0.0020282338129822
0.3141592653589793,2.4923301718479025,0.0011076305409685
0.3560471674068433,2.4923301718479025,0.0005795940275299
0.3979350694547070,2.4923301718479025,0.0005775592069601
0.4398229715025710,2.4923301718479025,0.0010858783943997
0.4817108735504350,2.4923301718479025,0.0019330845583720
0.5235987755982989,2.4923301718479025,0.0028041410616377
0.5654866776461627,2.4923301718479025,0.0033014372692222
0.6073745796940266,2.4923301718479025,0.0030695307185449
0.6492624817418906,2.4923301718479025,0.0019563855519573
0.6911503837897545,2.4923301718479025,0.0001474277236220
0.7330382858376183,2.4923301718479025,-0.0017964972333457
0.7749261878854823,2.4923301718479025,-0.0030505940194241
0.8168140899333461,2.4923301718479025,-0.0028312690799943
0.8587019919812100,2.4923301718479025,-0.0009313626598635
0.9005898940290740,2.4923301718479025,0.0016054339271185
0.9424777960769379,2.4923301718479025,0.0024107334144496
0.9843656981248019,2.4923301718479025,0.0001588466010812
1.0262536001726656,2.4923301718479025,-0.0012547764242029
1.0681415022205296,2.4923301718479025,0.0020533181369144
1.1100294042683936,2.4923301718479025,0.0000139226792625
1.1519173063162575,2.4923301718479025,0.0050256426084154
1.1938052083641213,2.4923301718479025,0.0070882646918573
1.2356931104119853,2.4923301718479025,0.0060923959607819
1.2775810124598492,2.4923301718479025,0.0071885241754135
1.3194689145077132,2.4923301718479025,0.0077315166678474
1.3613568165555769,2.4923301718479025,0.0076684809231203
1.4032447186034409,2.4923301718479025,0.0072939634434693
1.4451326206513049,2.4923301718479025,0.0068279008602580
1.4870205226991688,2.4923301718479025,0.0063880060436515
1.5289084247470326,2.4923301718479025,0.0060312881592219
1.5707963267948966,2.4923301718479025,0.0057837866052012
1.6126842288427605,2.4923301718479025,0.0056547679800387
1.6545721308906245,2.4923301718479025,0.0056463396289426
1.6964600329384882,2.4923301718479025,0.0057639113008807
1.7383479349863524,2.4923301718479025,0.0060209781728668
1.7802358370342162,2.4923301718479025,0.0064162369100366
1.8221237390820799,2.4923301718479025,0.0068510731590047
1.8640116411299441,2.4923301718479025,0.0070007460301942
1.9058995431778079,2.4923301718479025,0.0064397166669206
1.9477874452256716,2.4923301718479025,0.0069248215925092
1.9896753472735358,2.4923301718479025,0.0083061759627514
2.0315632493213993,2.4923301718479025,0.0045283679036139
2.0734511513692637,2.4923301718479025,0.0056389656185532
2.1153390534171272,2.4923301718479025,0.0036825487744890
2.1572269554649912,2.4923301718479025,0.0062327425723491
2.1991148575128552,2.4923301718479025,0.0065118044929683
2.2410027595607191,2.4923301718479025,0.0046982676077124
2.2828906616085827,2.4923301718479025,0.0033953799087247
2.3247785636564471,2.4923301718479025,0.0030767692331533
2.3666664657043106,2.4923301718479025,0.0030329323056753
2.4085543677521750,2.4923301718479025,0.0027626683458069
2.4504422698000385,2.4923301718479025,0.0022681083908402
2.4923301718479025,2.4923301718479025,0.0018029827389376
2.5342180738957665,2.4923301718479025,0.0016079416762169
2.5761059759436304,2.4923301718479025,0.0017882889495366
2.6179938779914940,2.4923301718479025,0.0023035887414653
2.6598817800393584,2.4923301718479025,0.0030121821200630
2.7017696820872219,2.4923301718479025,0.0037349922420167
2.7436575841350863,2.4923301718479025,0.0043172545657950
2.7855454861829498,2.4923301718479025,0.0046694312989337
2.8274333882308138,2.4923301718479025,0.0047736046837326
2.8693212902786778,2.4923301718479025,0.0046567403867919
2.9112091923265417,2.4923301718479025,0.0043501213447739
2.9530970943744053,2.4923301718479025,0.0038616266109821
2.9949849964222697,2.4923301718479025,0.0031789048629889
3.0368728984701332,2.4923301718479025,0.0023037559108525
3.0787608005179976,2.4923301718479025,0.0013030986804382
3.1206487025658611,2.4923301718479025,0.0003571296287029
0.0209439510239320,2.5342180738957665,0.0003673343375332
0.0628318530717960,2.5342180738957665,0.0016735685452547
0.1047197551196597,2.5342180738957665,0.0029034905164314
0.1466076571675237,2.5342180738957665,0.0035142413214859
0.1884955592153876,2.5342180738957665,0.0033856001363841
0.2303834612632514,2.5342180738957665,0.0026833128732417
0.2722713633111153,2.5342180738957665,0.0017260277447708
0.3141592653589793,2.5342180738957665,0.0008734047030710
0.3560471674068433,2.5342180738957665,0.0004387271538429
0.3979350694547070,2.5342180738957665,0.0006187240279445
0.4398229715025710,2.5342180738957665,0.0014364324632865
0.4817108735504350,2.5342180738957665,0.0027090530178491
0.5235987755982989,2.5342180738957665,0.0040668284695182
0.5654866776461627,2.5342180738957665,0.0050424639286746
0.6073745796940266,2.5342180738957665,0.0052198206924414
0.6492624817418906,2.5342180738957665,0.0043945688046205
0.6911503837897545,2.5342180738957665,0.0026846991188594
0.7330382858376183,2.5342180738957665,0.0005434748044457
0.7749261878854823,2.5342180738957665,-0.0013437022282827
0.8168140899333461,2.5342180738957665,-0.0022667444981108
0.8587019919812100,2.5342180738957665,-0.0017559335719852
0.9005898940290740,2.5342180738957665,0.0001546721935377
0.9424777960769379,2.5342180738957665,0.0026733297351664
0.9843656981248019,2.5342180738957665,0.0041604941691210
1.0262536001726656,2.5342180738957665,0.0030683152395403
1.0681415022205296,2.5342180738957665,0.0004219735429907
1.1100294042683936,2.5342180738957665,0.0004328431237628
1.1519173063162575,2.5342180738957665,0.0037397507408531
1.1938052083641213,2.5342180738957665,0.0025973014210304
1.2356931104119853,2.5342180738957665,0.0054990479077233
1.2775810124598492,2.5342180738957665,0.0012701457386357
1.3194689145077132,2.5342180738957665,0.0071493572700559
1.3613568165555769,2.5342180738957665,0.0060430034286608
1.4032447186034409,2.5342180738957665,0.0066332201019258
1.4451326206513049,2.5342180738957665,0.0071779249503917
1.4870205226991688,2.5342180738957665,0.0074225666049230
1.5289084247470326,2.5342180738957665,0.0074257488870076
1.5707963267948966,2.5342180738957665,0.0072873285515999
1.6126842288427605,2.5342180738957665,0.0070680116463138
1.6545721308906245,2.5342180738957665,0.0067688410481203
1.6964600329384882,2.5342180738957665,0.0063324180944836
1.7383479349863524,2.5342180738957665,0.0056808253787866
1.7802358370342162,2.5342180738957665,0.0049114405993958
1.8221237390820799,2.5342180738957665,0.0054238000939588
1.8640116411299441,2.5342180738957665,0.0000664447709995
1.9058995431778079,2.5342180738957665,0.0037864603882880
1.9477874452256716,2.5342180738957665,0.0035861906064374
1.9896753472735358,2.5342180738957665,0.0042519083269993
2.0315632493213993,2.5342180738957665,0.0018301618824152
2.0734511513692637,2.5342180738957665,0.0038023363601669
2.1153390534171272,2.5342180738957665,0.0058090624109852
2.1572269554649912,2.5342180738957665,0.0052960886468391
2.1991148575128552,2.5342180738957665,0.0041415248538830
2.2410027595607191,2.5342180738957665,0.0039306581714811
2.2828906616085827,2.5342180738957665,0.0044431182416105
2.3247785636564471,2.5342180738957665,0.0048511835798677
2.3666664657043106,2.5342180738957665,0.0047200723523502
2.4085543677521750,2.5342180738957665,0.0041322212038335
2.4504422698000385,2.5342180738957665,0.0034087586790914
2.4923301718479025,2.5342180738957665,0.0028500332401662
2.5342180738957665,2.5342180738957665,0.0026210762322778
2.5761059759436304,2.5342180738957665,0.0027459698791148
2.6179938779914940,2.5342180738957665,0.0031470399339009
2.6598817800393584,2.5342180738957665,0.0036900735403163
2.7017696820872219,2.5342180738957665,0.0042237306824449
2.7436575841350863,2.5342180738957665,0.0046129809618587
2.7855454861829498,2.5342180738957665,0.0047650802991055
2.8274333882308138,2.5342180738957665,0.0046424189865131
2.8693212902786778,2.5342180738957665,0.0042581816938401
2.9112091923265417,2.5342180738957665,0.0036587917503392
2.9530970943744053,2.5342180738957665,0.0029048844198536
2.9949849964222697,2.5342180738957665,0.0020633044081750
3.0368728984701332,2.5342180738957665,0.0012157349928543
3.0787608005179976,2.5342180738957665,0.0004802027956102
3.1206487025658611,2.5342180738957665,0.0000357522726319
0.0209439510239320,2.5761059759436304,0.0002489673924373
0.0628318530717960,2.5761059759436304,0.0012463693947271
0.1047197551196597,2.5761059759436304,0.0021778273111575
0.1466076571675237,2.5761059759436304,0.0025609735845702
0.1884955592153876,2.5761059759436304,0.0022827329652984
0.2303834612632514,2.5761059759436304,0.0014954742215241
0.2722713633111153,2.5761059759436304,0.0005118145769580
0.3141592653589793,2.5761059759436304,-0.0002962313488366
0.3560471674068433,2.5761059759436304,-0.0005934816940418
0.3979350694547070,2.5761059759436304,-0.0001710603922276
0.4398229715025710,2.5761059759436304,0.0009833281577989
0.4817108735504350,2.5761059759436304,0.0026578802485071
0.5235987755982989,2.5761059759436304,0.0044546458715802
0.5654866776461627,2.5761059759436304,0.0058958434031808
0.6073745796940266,2.5761059759436304,0.0065707269348652
0.6492624817418906,2.5761059759436304,0.0062734383298744
0.6911503837897545,2.5761059759436304,0.0050837980303351
0.7330382858376183,2.5761059759436304,0.0033622960875894
0.7749261878854823,2.5761059759436304,0.0016504957147010
0.8168140899333461,2.5761059759436304,0.0004876940417486
0.8587019919812100,2.5761059759436304,0.0002007310775332
0.9005898940290740,2.5761059759436304,0.0007947791128688
0.9424777960769379,2.5761059759436304,0.0020419808040164
0.9843656981248019,2.5761059759436304,0.0036049307267410
1.0262536001726656,2.5761059759436304,0.0049019455822775
1.0681415022205296,2.5761059759436304,0.0050257775858726
1.1100294042683936,2.5761059759436304,0.0035233556954438
1.1519173063162575,2.5761059759436304,0.0015564987601869
1.1938052083641213,2.5761059759436304,0.0014301016934274
1.2356931104119853,2.5761059759436304,0.0038407281532072
1.2775810124598492,2.5761059759436304,0.0057267845591100
1.3194689145077132,2.5761059759436304,0.0041508786897351
1.3613568165555769,2.5761059759436304,0.0029846951131879
1.4032447186034409,2.5761059759436304,0.0059449832732469
1.4451326206513049,2.5761059759436304,0.0062407097339167
1.4870205226991688,2.5761059759436304,0.0005919263331122
1.5289084247470326,2.5761059759436304,-0.0021214214241208
1.5707963267948966,2.5761059759436304,-0.0026359300144572
1.6126842288427605,2.5761059759436304,-0.0032280898076426
1.6545721308906245,2.5761059759436304,-0.0016363124510032
1.6964600329384882,2.5761059759436304,0.0032845616226783
1.7383479349863524,2.5761059759436304,0.0021965072693852
1.7802358370342162,2.5761059759436304,-0.0011090609282985
1.8221237390820799,2.5761059759436304,0.0006991285088505
1.8640116411299441,2.5761059759436304,0.0024508561899942
1.9058995431778079,2.5761059759436304,0.0005907289268580
1.9477874452256716,2.5761059759436304,-0.0003971325360658
1.9896753472735358,2.5761059759436304,0.0015024904505535
2.0315632493213993,2.5761059759436304,0.0036856129079241
2.0734511513692637,2.5761059759436304,0.0040398169650167
2.1153390534171272,2.5761059759436304,0.0033421398541464
2.1572269554649912,2.5761059759436304,0.0032714074605238
2.1991148575128552,2.5761059759436304,0.0042830553639086
2.2410027595607191,2.5761059759436304,0.0056566971523790
2.2828906616085827,2.5761059759436304,0.0065421749593555
2.3247785636564471,2.5761059759436304,0.0065954270121984
2.3666664657043106,2.5761059759436304,0.0059732585738561
2.4085543677521750,2.5761059759436304,0.0050503681890188
2.4504422698000385,2.5761059759436304,0.0041724268588090
2.4923301718479025,2.5761059759436304,0.0035452648667702
2.5342180738957665,2.5761059759436304,0.0032302129182153
2.5761059759436304,2.5761059759436304,0.0031867471561027
2.6179938779914940,2.5761059759436304,0.0033209870505826
2.6598817800393584,2.5761059759436304,0.0035222000246788
2.7017696820872219,2.5761059759436304,0.0036854294452300
2.7436575841350863,2.5761059759436304,0.0037253233764853
2.7855454861829498,2.5761059759436304,0.0035859787804955
2.8274333882308138,2.5761059759436304,0.0032475831121683
2.8693212902786778,2.5761059759436304,0.0027275838328358
2.9112091923265417,2.5761059759436304,0.0020751217139712
2.9530970943744053,2.5761059759436304,0.0013613683429878
2.9949849964222697,2.5761059759436304,0.0006712730163743
3.0368728984701332,2.5761059759436304,0.0001013223184478
3.0787608005179976,2.5761059759436304,-0.0002360270570051
3.1206487025658611,2.5761059759436304,-0.0002046134341156
0.0209439510239320,2.6179938779914940,0.0001698484714557
0.0628318530717960,2.6179938779914940,0.0008759993124611
0.1047197551196597,2.6179938779914940,0.0014559421328282
0.1466076571675237,2.6179938779914940,0.0015130415977698
0.1884955592153876,2.6179938779914940,0.0009753568063540
0.2303834612632514,2.6179938779914940,0.0000119746080396
0.2722713633111153,2.6179938779914940,-0.0010588013208628
0.3141592653589793,2.6179938779914940,-0.0018670767902109
0.3560471674068433,2.6179938779914940,-0.0020908490034808
0.3979350694547070,2.6179938779914940,-0.0015463144526771
0.4398229715025710,2.6179938779914940,-0.0002490784089875
0.4817108735504350,2.6179938779914940,0.0015762064628251
0.5235987755982989,2.6179938779914940,0.0035493834779912
0.5654866776461627,2.6179938779914940,0.0052404633835814
0.6073745796940266,2.6179938779914940,0.0062942474705139
0.6492624817418906,2.6179938779914940,0.0065337794603884
0.6911503837897545,2.6179938779914940,0.0060139480847958
0.7330382858376183,2.6179938779914940,0.0050133144013298
0.7749261878854823,2.6179938779914940,0.0039579035379356
0.8168140899333461,2.6179938779914940,0.0032693189473123
0.8587019919812100,2.6179938779914940,0.0031576571793543
0.9005898940290740,2.6179938779914940,0.0034702486282285
0.9424777960769379,2.6179938779914940,0.0037869310672298
0.9843656981248019,2.6179938779914940,0.0038084988781906
1.0262536001726656,2.6179938779914940,0.0036824614649424
1.0681415022205296,2.6179938779914940,0.0037913642214140
1.1100294042683936,2.6179938779914940,0.0041743642980672
1.1519173063162575,2.6179938779914940,0.0043669461841405
1.1938052083641213,2.6179938779914940,0.0039313076179708
1.2356931104119853,2.6179938779914940,0.0030111466039331
1.2775810124598492,2.6179938779914940,0.0022553593861622
1.3194689145077132,2.6179938779914940,0.0022247019452349
1.3613568165555769,2.6179938779914940,0.0028839951228914
1.4032447186034409,2.6179938779914940,0.0036396770399877
1.4451326206513049,2.6179938779914940,0.0038704602778121
1.4870205226991688,2.6179938779914940,0.0034182519649556
1.5289084247470326,2.6179938779914940,0.0025781424333299
1.5707963267948966,2.6179938779914940,0.0017395066777353
1.6126842288427605,2.6179938779914940,0.0010989965385750
1.6545721308906245,2.6179938779914940,0.0005659252987406
1.6964600329384882,2.6179938779914940,-0.0001635702756257
1.7383479349863524,2.6179938779914940,-0.0012727675286459
1.7802358370342162,2.6179938779914940,-0.0023881375120947
1.8221237390820799,2.6179938779914940,-0.0026661005456997
1.8640116411299441,2.6179938779914940,-0.0016057852346060
1.9058995431778079,2.6179938779914940,0.0002501649089888
1.9477874452256716,2.6179938779914940,0.0016549448441830
1.9896753472735358,2.6179938779914940,0.0018525572514139
2.0315632493213993,2.6179938779914940,0.0013463449581810
2.0734511513692637,2.6179938779914940,0.0013344074736810
2.1153390534171272,2.6179938779914940,0.0025045760207070
2.1572269554649912,2.6179938779914940,0.0045182523101006
2.1991148575128552,2.6179938779914940,0.0064731231822091
2.2410027595607191,2.6179938779914940,0.0076276286622068
2.2828906616085827,2.6179938779914940,0.0077568915063000
2.3247785636564471,2.6179938779914940,0.0070770950679182
2.3666664657043106,2.6179938779914940,0.0059880407508679
2.4085543677521750,2.6179938779914940,0.0048562334187381
2.4504422698000385,2.6179938779914940,0.0039146711939932
2.4923301718479025,2.6179938779914940,0.0032549832369799
2.5342180738957665,2.6179938779914940,0.0028630788116248
2.5761059759436304,2.6179938779914940,0.0026642170550502
2.6179938779914940,2.6179938779914940,0.0025620736721748
2.6598817800393584,2.6179938779914940,0.0024666891935876
2.7017696820872219,2.6179938779914940,0.0023104916685419
2.7436575841350863,2.6179938779914940,0.0020543062740135
2.7855454861829498,2.6179938779914940,0.0016871790658488
2.8274333882308138,2.6179938779914940,0.0012236691709377
2.8693212902786778,2.6179938779914940,0.0007001849514296
2.9112091923265417,2.6179938779914940,0.0001700840046557
2.9530970943744053,2.6179938779914940,-0.0003027467545880
2.9949849964222697,2.6179938779914940,-0.0006508387811333
3.0368728984701332,2.6179938779914940,-0.0008088687633696
3.0787608005179976,2.6179938779914940,-0.0007171642678198
3.1206487025658611,2.6179938779914940,-0.0003236383002914
0.0209439510239320,2.6598817800393584,0.0001489838966013
0.0628318530717960,2.6598817800393584,0.0006494892706862
0.1047197551196597,2.6598817800393584,0.0009316727338478
0.1466076571675237,2.6598817800393584,0.0006993182858293
0.1884955592153876,2.6598817800393584,-0.0000664112761051
0.2303834612632514,2.6598817800393584,-0.0011789944046816
0.2722713633111153,2.6598817800393584,-0.0023299850838596
0.3141592653589793,2.6598817800393584,-0.0031804341253987
0.3560471674068433,2.6598817800393584,-0.0034520101692039
0.3979350694547070,2.6598817800393584,-0.0030026617969585
0.4398229715025710,2.6598817800393584,-0.0018676313680590
0.4817108735504350,2.6598817800393584,-0.0002511437301638
0.5235987755982989,2.6598817800393584,0.0015312727321204
0.5654866776461627,2.6598817800393584,0.0031412944015274
0.6073745796940266,2.6598817800393584,0.0043075561220767
0.6492624817418906,2.6598817800393584,0.0048914424811559
0.6911503837897545,2.6598817800393584,0.0049193098993969
0.7330382858376183,2.6598817800393584,0.0045830180335251
0.7749261878854823,2.6598817800393584,0.0042041003756217
0.8168140899333461,2.6598817800393584,0.0041375019566996
0.8587019919812100,2.6598817800393584,0.0045939875160084
0.9005898940290740,2.6598817800393584,0.0054337577650712
0.9424777960769379,2.6598817800393584,0.0061105730497735
0.9843656981248019,2.6598817800393584,0.0059599137631385
1.0262536001726656,2.6598817800393584,0.0047410529360807
1.0681415022205296,2.6598817800393584,0.0029534236849884
1.1100294042683936,2.6598817800393584,0.0015278823371647
1.1519173063162575,2.6598817800393584,0.0011371835639651
1.1938052083641213,2.6598817800393584,0.0017765141389426
1.2356931104119853,2.6598817800393584,0.0029083378660263
1.2775810124598492,2.6598817800393584,0.0039000380848641
1.3194689145077132,2.6598817800393584,0.0043588607750995
1.3613568165555769,2.6598817800393584,0.0042086731445447
1.4032447186034409,2.6598817800393584,0.0035840272001457
1.4451326206513049,2.6598817800393584,0.0026841715112115
1.4870205226991688,2.6598817800393584,0.0016812597717348
1.5289084247470326,2.6598817800393584,0.0007004111495290
1.5707963267948966,2.6598817800393584,-0.0001592538828719
1.6126842288427605,2.6598817800393584,-0.0008004780141826
1.6545721308906245,2.6598817800393584,-0.0011244523298986
1.6964600329384882,2.6598817800393584,-0.0010606488515499
1.7383479349863524,2.6598817800393584,-0.0006310494652879
1.7802358370342162,2.6598817800393584,-0.0000175130881646
1.8221237390820799,2.6598817800393584,0.0004455952600695
1.8640116411299441,2.6598817800393584,0.0004300770841519
1.9058995431778079,2.6598817800393584,-0.0001135566839586
1.9477874452256716,2.6598817800393584,-0.0007815167227507
1.9896753472735358,2.6598817800393584,-0.0008782838855472
2.0315632493213993,2.6598817800393584,0.0001153321499818
2.0734511513692637,2.6598817800393584,0.0021368602417504
2.1153390534171272,2.6598817800393584,0.0045557260469671
2.1572269554649912,2.6598817800393584,0.0065705504622253
2.1991148575128552,2.6598817800393584,0.0076408996594579
2.2410027595607191,2.6598817800393584,0.0076666086611861
2.2828906616085827,2.6598817800393584,0.0068939687273097
2.3247785636564471,2.6598817800393584,0.0057047670316239
2.3666664657043106,2.6598817800393584,0.0044420970986581
2.4085543677521750,2.6598817800393584,0.0033319880539890
2.4504422698000385,2.6598817800393584,0.0024800587761535
2.4923301718479025,2.6598817800393584,0.0018995164477333
2.5342180738957665,2.6598817800393584,0.0015421886407037
2.5761059759436304,2.6598817800393584,0.0013251653713020
2.6179938779914940,2.6598817800393584,0.0011551403167798
2.6598817800393584,2.6598817800393584,0.0009511820481536
2.7017696820872219,2.6598817800393584,0.0006624208770036
2.7436575841350863,2.6598817800393584,0.0002763492029025
2.7855454861829498,2.6598817800393584,-0.0001832589084456
2.8274333882308138,2.6598817800393584,-0.0006658529417347
2.8693212902786778,2.6598817800393584,-0.0011066397972657
2.9112091923265417,2.6598817800393584,-0.0014389879010468
2.9530970943744053,2.6598817800393584,-0.0016055212767163
2.9949849964222697,2.6598817800393584,-0.0015678404322297
3.0368728984701332,2.6598817800393584,-0.0013149774723857
3.0787608005179976,2.6598817800393584,-0.0008706731590296
3.1206487025658611,2.6598817800393584,-0.0002998173619934
0.0209439510239320,2.7017696820872219,0.0001854906580619
0.0628318530717960,2.7017696820872219,0.0006084617299309
0.1047197551196597,2.7017696820872219,0.0007383833784542
0.1466076571675237,2.7017696820872219,0.0003748027212391
0.1884955592153876,2.7017696820872219,-0.0004610334434916
0.2303834612632514,2.7017696820872219,-0.0015885462989595
0.2722713633111153,2.7017696820872219,-0.0027401381936911
0.3141592653589793,2.7017696820872219,-0.0036382269357547
0.3560471674068433,2.7017696820872219,-0.0040669708917869
0.3979350694547070,2.7017696820872219,-0.0039246236378552
0.4398229715025710,2.7017696820872219,-0.0032431585386279
0.4817108735504350,2.7017696820872219,-0.0021698070285132
0.5235987755982989,2.7017696820872219,-0.0009184335828434
0.5654866776461627,2.7017696820872219,0.0002899558046434
0.6073745796940266,2.7017696820872219,0.0012769670376143
0.6492624817418906,2.7017696820872219,0.0019371995370068
0.6911503837897545,2.7017696820872219,0.0022551423846018
0.7330382858376183,2.7017696820872219,0.0023202879255417
0.7749261878854823,2.7017696820872219,0.0023374468300479
0.8168140899333461,2.7017696820872219,0.0025986719836537
0.8587019919812100,2.7017696820872219,0.0033664269394689
0.9005898940290740,2.7017696820872219,0.0046633123096005
0.9424777960769379,2.7017696820872219,0.0060889333642022
0.9843656981248019,2.7017696820872219,0.0068873625860983
1.0262536001726656,2.7017696820872219,0.0063703178466563
1.0681415022205296,2.7017696820872219,0.0044445880305393
1.1100294042683936,2.7017696820872219,0.0017761169395063
1.1519173063162575,2.7017696820872219,-0.0005924063370017
1.1938052083641213,2.7017696820872219,-0.0018426334243007
1.2356931104119853,2.7017696820872219,-0.0017355897581757
1.2775810124598492,2.7017696820872219,-0.0005672846661162
1.3194689145077132,2.7017696820872219,0.0011066482040749
1.3613568165555769,2.7017696820872219,0.0027482225351309
1.4032447186034409,2.7017696820872219,0.0039969088741370
1.4451326206513049,2.7017696820872219,0.0047050690379939
1.4870205226991688,2.7017696820872219,0.0048940080772333
1.5289084247470326,2.7017696820872219,0.0046800238083378
1.5707963267948966,2.7017696820872219,0.0042038661262742
1.6126842288427605,2.7017696820872219,0.0035791172667152
1.6545721308906245,2.7017696820872219,0.0028641484517757
1.6964600329384882,2.7017696820872219,0.0020600798154792
1.7383479349863524,2.7017696820872219,0.0011388123224754
1.7802358370342162,2.7017696820872219,0.0001014612356647
1.8221237390820799,2.7017696820872219,-0.0009498296198310
1.8640116411299441,2.7017696820872219,-0.0017709794615661
1.9058995431778079,2.7017696820872219,-0.0020225303863832
1.9477874452256716,2.7017696820872219,-0.0014230745522192
1.9896753472735358,2.7017696820872219,0.0000583628248776
2.0315632493213993,2.7017696820872219,0.0021075854004122
2.0734511513692637,2.7017696820872219,0.0041645765194356
2.1153390534171272,2.7017696820872219,0.0056711487618479
2.1572269554649912,2.7017696820872219,0.0063065276911625
2.1991148575128552,2.7017696820872219,0.0060722502617696
2.2410027595607191,2.7017696820872219,0.0052103907186889
2.2828906616085827,2.7017696820872219,0.0040444739329539
2.3247785636564471,2.7017696820872219,0.0028487522689089
2.3666664657043106,2.7017696820872219,0.0017956974424163
2.4085543677521750,2.7017696820872219,0.0009666426042787
2.4504422698000385,2.7017696820872219,0.0003833349350741
2.4923301718479025,2.7017696820872219,0.0000300313434352
2.5342180738957665,2.7017696820872219,-0.0001392206444897
2.5761059759436304,2.7017696820872219,-0.0001973979530736
2.6179938779914940,2.7017696820872219,-0.0002337776064301
2.6598817800393584,2.7017696820872219,-0.0003329292305612
2.7017696820872219,2.7017696820872219,-0.0005502703620137
2.7436575841350863,2.7017696820872219,-0.0008946643725927
2.7855454861829498,2.7017696820872219,-0.0013251509679897
2.8274333882308138,2.7017696820872219,-0.0017621767182674
2.8693212902786778,2.7017696820872219,-0.0021084078913889
2.9112091923265417,2.7017696820872219,-0.0022727516510146
2.9530970943744053,2.7017696820872219,-0.0021928442517616
2.9949849964222697,2.7017696820872219,-0.0018538241023278
3.0368728984701332,2.7017696820872219,-0.0013031092936667
3.0787608005179976,2.7017696820872219,-0.0006618022106979
3.1206487025658611,2.7017696820872219,-0.0001336108398039
0.0209439510239320,2.7436575841350863,0.0002558567343297
0.0628318530717960,2.7436575841350863,0.0007275413966069
0.1047197551196597,2.7436575841350863,0.0008962776201227
0.1466076571675237,2.7436575841350863,0.0006334684363980
0.1884955592153876,2.7436575841350863,-0.0000320891666810
0.2303834612632514,2.7436575841350863,-0.0009633381427450
0.2722713633111153,2.7436575841350863,-0.0019691245752018
0.3141592653589793,2.7436575841350863,-0.0028580248726173
0.3560471674068433,2.7436575841350863,-0.0034835433122411
0.3979350694547070,2.7436575841350863,-0.0037714696663831
0.4398229715025710,2.7436575841350863,-0.0037235761434427
0.4817108735504350,2.7436575841350863,-0.0033996938879426
0.5235987755982989,2.7436575841350863,-0.0028891070193171
0.5654866776461627,2.7436575841350863,-0.0022862009765130
0.6073745796940266,2.7436575841350863,-0.0016799483699774
0.6492624817418906,2.7436575841350863,-0.0011535264243605
0.6911503837897545,2.7436575841350863,-0.0007775172670019
0.7330382858376183,2.7436575841350863,-0.0005793159846115
0.7749261878854823,2.7436575841350863,-0.0004904325254422
0.8168140899333461,2.7436575841350863,-0.0003088015202646
0.8587019919812100,2.7436575841350863,0.0002576897696016
0.9005898940290740,2.7436575841350863,0.0014206605085600
0.9424777960769379,2.7436575841350863,0.0030715293103016
0.9843656981248019,2.7436575841350863,0.0046661048289283
1.0262536001726656,2.7436575841350863,0.0054271650565514
1.0681415022205296,2.7436575841350863,0.0048126917567104
1.1100294042683936,2.7436575841350863,0.0029024256546446
1.1519173063162575,2.7436575841350863,0.0003768488325506
1.1938052083641213,2.7436575841350863,-0.0018771316427566
1.2356931104119853,2.7436575841350863,-0.0032057721330701
1.2775810124598492,2.7436575841350863,-0.0033983248445675
1.3194689145077132,2.7436575841350863,-0.0026360752959462
1.3613568165555769,2.7436575841350863,-0.0013095049516092
1.4032447186034409,2.7436575841350863,0.0001635471577859
1.4451326206513049,2.7436575841350863,0.0014533077041456
1.4870205226991688,2.7436575841350863,0.0023607050747507
1.5289084247470326,2.7436575841350863,0.0028087942670494
1.5707963267948966,2.7436575841350863,0.0028098571478195
1.6126842288427605,2.7436575841350863,0.0024299983623544
1.6545721308906245,2.7436575841350863,0.0017648193812707
1.6964600329384882,2.7436575841350863,0.0009310306284833
1.7383479349863524,2.7436575841350863,0.0000701207784677
1.7802358370342162,2.7436575841350863,-0.0006480127420934
1.8221237390820799,2.7436575841350863,-0.0010384540875075
1.8640116411299441,2.7436575841350863,-0.0009445703613136
1.9058995431778079,2.7436575841350863,-0.0003063148488600
1.9477874452256716,2.7436575841350863,0.0007781664546354
1.9896753472735358,2.7436575841350863,0.0020452446167063
2.0315632493213993,2.7436575841350863,0.0031416789708010
2.0734511513692637,2.7436575841350863,0.0037596699706184
2.1153390534171272,2.7436575841350863,0.0037590821460862
2.1572269554649912,2.7436575841350863,0.0032064667882941
2.1991148575128552,2.7436575841350863,0.0023143996344575
2.2410027595607191,2.7436575841350863,0.0013275709549563
2.2828906616085827,2.7436575841350863,0.0004269872353129
2.3247785636564471,2.7436575841350863,-0.0003024705566297
2.3666664657043106,2.7436575841350863,-0.0008461143025058
2.4085543677521750,2.7436575841350863,-0.0012136845579680
2.4504422698000385,2.7436575841350863,-0.0014106135793783
2.4923301718479025,2.7436575841350863,-0.0014389894997011
2.5342180738957665,2.7436575841350863,-0.0013172218833089
2.5761059759436304,2.7436575841350863,-0.0010976402054053
2.6179938779914940,2.7436575841350863,-0.0008660808989061
2.6598817800393584,2.7436575841350863,-0.0007203346563864
2.7017696820872219,2.7436575841350863,-0.0007367589564113
2.7436575841350863,2.7436575841350863,-0.0009402442905926
2.7855454861829498,2.7436575841350863,-0.0012904013660449
2.8274333882308138,2.7436575841350863,-0.0016891210921568
2.8693212902786778,2.7436575841350863,-0.0020064491202660
2.9112091923265417,2.7436575841350863,-0.0021168481415228
2.9530970943744053,2.7436575841350863,-0.0019373738349320
2.9949849964222697,2.7436575841350863,-0.0014616403283407
3.0368728984701332,2.7436575841350863,-0.0007865875901913
3.0787608005179976,2.7436575841350863,-0.0001315680291203
3.1206487025658611,2.7436575841350863,0.0001492758701250
0.0209439510239320,2.7855454861829498,0.0003139554935860
0.0628318530717960,2.7855454861829498,0.0009038757019533
0.1047197551196597,2.7855454861829498,0.0012829632444769
0.1466076571675237,2.7855454861829498,0.0013577398653555
0.1884955592153876,2.7855454861829498,0.0011220316389728
0.2303834612632514,2.7855454861829498,0.0006279311934465
0.2722713633111153,2.7855454861829498,-0.0000421639108061
0.3141592653589793,2.7855454861829498,-0.0007994945943002
0.3560471674068433,2.7855454861829498,-0.0015651911053263
0.3979350694547070,2.7855454861829498,-0.0022761265129478
0.4398229715025710,2.7855454861829498,-0.0028811891719771
0.4817108735504350,2.7855454861829498,-0.0033338849598281
0.5235987755982989,2.7855454861829498,-0.0035907001647528
0.5654866776461627,2.7855454861829498,-0.0036228223636168
0.6073745796940266,2.7855454861829498,-0.0034401444752170
0.6492624817418906,2.7855454861829498,-0.0031140456376755
0.6911503837897545,2.7855454861829498,-0.0027765255735366
0.7330382858376183,2.7855454861829498,-0.0025762774277585
0.7749261878854823,2.7855454861829498,-0.0025926437874193
0.8168140899333461,2.7855454861829498,-0.0027440344846172
0.8587019919812100,2.7855454861829498,-0.0027622816603086
0.9005898940290740,2.7855454861829498,-0.0023030920531228
0.9424777960769379,2.7855454861829498,-0.0011855725463354
0.9843656981248019,2.7855454861829498,0.0003833699467213
1.0262536001726656,2.7855454861829498,0.0018146658891283
1.0681415022205296,2.7855454861829498,0.0024483883275810
1.1100294042683936,2.7855454861829498,0.0019675389965095
1.1519173063162575,2.7855454861829498,0.0005908602118867
1.1938052083641213,2.7855454861829498,-0.0010834592216775
1.2356931104119853,2.7855454861829498,-0.0024196716186853
1.2775810124598492,2.7855454861829498,-0.0030191096182735
1.3194689145077132,2.7855454861829498,-0.0028042758386839
1.3613568165555769,2.7855454861829498,-0.0019474519394338
1.4032447186034409,2.7855454861829498,-0.0007402912576551
1.4451326206513049,2.7855454861829498,0.0005212134434034
1.4870205226991688,2.7855454861829498,0.0016066232212382
1.5289084247470326,2.7855454861829498,0.0023774011040418
1.5707963267948966,2.7855454861829498,0.0027840420954068
1.6126842288427605,2.7855454861829498,0.0028490950492501
1.6545721308906245,2.7855454861829498,0.0026467116589837
1.6964600329384882,2.7855454861829498,0.0022834952693118
1.7383479349863524,2.7855454861829498,0.0018802249852328
1.7802358370342162,2.7855454861829498,0.0015510869165736
1.8221237390820799,2.7855454861829498,0.0013779468620918
1.8640116411299441,2.7855454861829498,0.0013827374065489
1.9058995431778079,2.7855454861829498,0.0015092651500705
1.9477874452256716,2.7855454861829498,0.0016305481565619
1.9896753472735358,2.7855454861829498,0.0015912576075860
2.0315632493213993,2.7855454861829498,0.0012751104897024
2.0734511513692637,2.7855454861829498,0.0006653683049769
2.1153390534171272,2.7855454861829498,-0.0001381401166600
2.1572269554649912,2.7855454861829498,-0.0009606630235164
2.1991148575128552,2.7855454861829498,-0.0016322168171314
2.2410027595607191,2.7855454861829498,-0.0020594391475346
2.2828906616085827,2.7855454861829498,-0.0022487750632039
2.3247785636564471,2.7855454861829498,-0.0022734450863198
2.3666664657043106,2.7855454861829498,-0.0022126946132928
2.4085543677521750,2.7855454861829498,-0.0021039333354187
2.4504422698000385,2.7855454861829498,-0.0019327519354335
2.4923301718479025,2.7855454861829498,-0.0016594025660877
2.5342180738957665,2.7855454861829498,-0.0012611385747099
2.5761059759436304,2.7855454861829498,-0.0007651996006217
2.6179938779914940,2.7855454861829498,-0.0002551914060511
2.6598817800393584,2.7855454861829498,0.0001521834509197
2.7017696820872219,2.7855454861829498,0.0003495744966857
2.7436575841350863,2.7855454861829498,0.0002825844768726
2.7855454861829498,2.7855454861829498,-0.0000229844073110
2.8274333882308138,2.7855454861829498,-0.0004606142016441
2.8693212902786778,2.7855454861829498,-0.0008699250247890
2.9112091923265417,2.7855454861829498,-0.0010835222379801
2.9530970943744053,2.7855454861829498,-0.0009826918358999
2.9949849964222697,2.7855454861829498,-0.0005513241919464
3.0368728984701332,2.7855454861829498,0.0000793645900230
3.0787608005179976,2.7855454861829498,0.0005988387105349
3.1206487025658611,2.7855454861829498,0.0004982239687657
0.0209439510239320,2.8274333882308138,0.0002971238081575
0.0628318530717960,2.8274333882308138,0.0009664108752834
0.1047197551196597,2.8274333882308138,0.0016380026647547
0.1466076571675237,2.8274333882308138,0.0022140543866873
0.1884955592153876,2.8274333882308138,0.0026118517688518
0.2303834612632514,2.8274333882308138,0.0027625325463088
0.2722713633111153,2.8274333882308138,0.0026160340697652
0.3141592653589793,2.8274333882308138,0.0021504117365942
0.3560471674068433,2.8274333882308138,0.0013829810104873
0.3979350694547070,2.8274333882308138,0.0003797035922775
0.4398229715025710,2.8274333882308138,-0.0007422515880431
0.4817108735504350,2.8274333882308138,-0.0018248417338396
0.5235987755982989,2.8274333882308138,-0.0026970452750210
0.5654866776461627,2.8274333882308138,-0.0032195447285415
0.6073745796940266,2.8274333882308138,-0.0033363001651363
0.6492624817418906,2.8274333882308138,-0.0031135261002437
0.6911503837897545,2.8274333882308138,-0.0027418059314694
0.7330382858376183,2.8274333882308138,-0.0024825644062556
0.7749261878854823,2.8274333882308138,-0.0025595652507695
0.8168140899333461,2.8274333882308138,-0.0030289818590052
0.8587019919812100,2.8274333882308138,-0.0036976864325546
0.9005898940290740,2.8274333882308138,-0.0041710956185257
0.9424777960769379,2.8274333882308138,-0.0040596000423974
0.9843656981248019,2.8274333882308138,-0.0032492370018435
1.0262536001726656,2.8274333882308138,-0.0020356171374729
1.0681415022205296,2.8274333882308138,-0.0009751182936388
1.1100294042683936,2.8274333882308138,-0.0005358747559232
1.1519173063162575,2.8274333882308138,-0.0008153332888383
1.1938052083641213,2.8274333882308138,-0.0015237088377256
1.2356931104119853,2.8274333882308138,-0.0021959589362490
1.2775810124598492,2.8274333882308138,-0.0024433405201896
1.3194689145077132,2.8274333882308138,-0.0020940973746566
1.3613568165555769,2.8274333882308138,-0.0011969150601172
1.4032447186034409,2.8274333882308138,0.0000570895662599
1.4451326206513049,2.8274333882308138,0.0014282161090928
1.4870205226991688,2.8274333882308138,0.0026993456399573
1.5289084247470326,2.8274333882308138,0.0037141142503518
1.5707963267948966,2.8274333882308138,0.0043875854082251
1.6126842288427605,2.8274333882308138,0.0046995791696574
1.6545721308906245,2.8274333882308138,0.0046794889604860
1.6964600329384882,2.8274333882308138,0.0043881301964082
1.7383479349863524,2.8274333882308138,0.0038992139692422
1.7802358370342162,2.8274333882308138,0.0032816155178552
1.8221237390820799,2.8274333882308138,0.0025841781782381
1.8640116411299441,2.8274333882308138,0.0018268556053509
1.9058995431778079,2.8274333882308138,0.0010035999119518
1.9477874452256716,2.8274333882308138,0.0001005188431273
1.9896753472735358,2.8274333882308138,-0.0008744035546806
2.0315632493213993,2.8274333882308138,-0.0018637167300932
2.0734511513692637,2.8274333882308138,-0.0027540362471168
2.1153390534171272,2.8274333882308138,-0.0034031285090426
2.1572269554649912,2.8274333882308138,-0.0036946299625864
2.1991148575128552,2.8274333882308138,-0.0035940234274432
2.2410027595607191,2.8274333882308138,-0.0031720397709754
2.2828906616085827,2.8274333882308138,-0.0025771972174184
2.3247785636564471,2.8274333882308138,-0.0019701580650990
2.3666664657043106,2.8274333882308138,-0.0014559982015674
2.4085543677521750,2.8274333882308138,-0.0010494115637329
2.4504422698000385,2.8274333882308138,-0.0006865877194220
2.4923301718479025,2.8274333882308138,-0.0002729697869137
2.5342180738957665,2.8274333882308138,0.0002583972421122
2.5761059759436304,2.8274333882308138,0.0009041923141218
2.6179938779914940,2.8274333882308138,0.0015807746452619
2.6598817800393584,2.8274333882308138,0.0021496808979440
2.7017696820872219,2.8274333882308138,0.0024681427452513
2.7436575841350863,2.8274333882308138,0.0024454475741651
2.7855454861829498,2.8274333882308138,0.0020844150894721
2.8274333882308138,2.8274333882308138,0.0014927151829931
2.8693212902786778,2.8274333882308138,0.0008586340287358
2.9112091923265417,2.8274333882308138,0.0003962441648979
2.9530970943744053,2.8274333882308138,0.0002722018305474
2.9949849964222697,2.8274333882308138,0.0005288726377801
3.0368728984701332,2.8274333882308138,0.0010165764720924
3.0787608005179976,2.8274333882308138,0.0013431945114220
3.1206487025658611,2.8274333882308138,0.0008442121666983
0.0209439510239320,2.8693212902786778,0.0001410951498143
0.0628318530717960,2.8693212902786778,0.0007126058240436
0.1047197551196597,2.8693212902786778,0.0016128081683311
0.1466076571675237,2.8693212902786778,0.0027088469797443
0.1884955592153876,2.8693212902786778,0.0038117401693203
0.2303834612632514,2.8693212902786778,0.0047091859433541
0.2722713633111153,2.8693212902786778,0.0052073709554206
0.3141592653589793,2.8693212902786778,0.0051735877128662
0.3560471674068433,2.8693212902786778,0.0045706551421001
0.3979350694547070,2.8693212902786778,0.0034747681597858
0.4398229715025710,2.8693212902786778,0.0020702985978804
0.4817108735504350,2.8693212902786778,0.0006183399776303
0.5235987755982989,2.8693212902786778,-0.0005991890506278
0.5654866776461627,2.8693212902786778,-0.0013512660268906
0.6073745796940266,2.8693212902786778,-0.0015291812543077
0.6492624817418906,2.8693212902786778,-0.0011956328717484
0.6911503837897545,2.8693212902786778,-0.0005882866285627
0.7330382858376183,2.8693212902786778,-0.0000611867100075
0.7749261878854823,2.8693212902786778,0.0000354995203966
0.8168140899333461,2.8693212902786778,-0.0004916533173080
0.8587019919812100,2.8693212902786778,-0.0015574206268101
0.9005898940290740,2.8693212902786778,-0.0027903771546525
0.9424777960769379,2.8693212902786778,-0.0036917775962990
0.9843656981248019,2.8693212902786778,-0.0039097000576427
1.0262536001726656,2.8693212902786778,-0.0034574139186823
1.0681415022205296,2.8693212902786778,-0.0026991206967890
1.1100294042683936,2.8693212902786778,-0.0020960187936625
1.1519173063162575,2.8693212902786778,-0.0019083252387049
1.1938052083641213,2.8693212902786778,-0.0020713390998330
1.2356931104119853,2.8693212902786778,-0.0022938354693505
1.2775810124598492,2.8693212902786778,-0.0022579059843462
1.3194689145077132,2.8693212902786778,-0.0017744304573215
1.3613568165555769,2.8693212902786778,-0.0008318655213742
1.4032447186034409,2.8693212902786778,0.0004404030926901
1.4451326206513049,2.8693212902786778,0.0018429638476753
1.4870205226991688,2.8693212902786778,0.0031717253854509
1.5289084247470326,2.8693212902786778,0.0042604813831182
1.5707963267948966,2.8693212902786778,0.0049998898326422
1.6126842288427605,2.8693212902786778,0.0053391926590027
1.6545721308906245,2.8693212902786778,0.0052779048024243
1.6964600329384882,2.8693212902786778,0.0048529653964011
1.7383479349863524,2.8693212902786778,0.0041247922648411
1.7802358370342162,2.8693212902786778,0.0031644291031678
1.8221237390820799,2.8693212902786778,0.0020437581640587
1.8640116411299441,2.8693212902786778,0.0008310270216954
1.9058995431778079,2.8693212902786778,-0.0004065271328688
1.9477874452256716,2.8693212902786778,-0.0015936703566781
1.9896753472735358,2.8693212902786778,-0.0026370274226153
2.0315632493213993,2.8693212902786778,-0.0034232350447938
2.0734511513692637,2.8693212902786778,-0.0038347047685745
2.1153390534171272,2.8693212902786778,-0.0037849719191967
2.1572269554649912,2.8693212902786778,-0.0032621755195783
2.1991148575128552,2.8693212902786778,-0.0023568955338511
2.2410027595607191,2.8693212902786778,-0.0012509545512516
2.2828906616085827,2.8693212902786778,-0.0001627148774030
2.3247785636564471,2.8693212902786778,0.0007288156061378
2.3666664657043106,2.8693212902786778,0.0013446202592986
2.4085543677521750,2.8693212902786778,0.0017231314467898
2.4504422698000385,2.8693212902786778,0.0019893726331519
2.4923301718479025,2.8693212902786778,0.0022921819661397
2.5342180738957665,2.8693212902786778,0.0027364735334199
2.5761059759436304,2.8693212902786778,0.0033360154760598
2.6179938779914940,2.8693212902786778,0.0040025443644911
2.6598817800393584,2.8693212902786778,0.0045739398457549
2.7017696820872219,2.8693212902786778,0.0048715411115636
2.7436575841350863,2.8693212902786778,0.0047674937278790
2.7855454861829498,2.8693212902786778,0.0042395310011885
2.8274333882308138,2.8693212902786778,0.0033938311019732
2.8693212902786778,2.8693212902786778,0.0024455599109863
2.9112091923265417,2.8693212902786778,0.0016583929576388
2.9530970943744053,2.8693212902786778,0.0012547760405006
2.9949849964222697,2.8693212902786778,0.0013147548321919
3.0368728984701332,2.8693212902786778,0.0016816677979145
3.0787608005179976,2.8693212902786778,0.0018887586211057
3.1206487025658611,2.8693212902786778,0.0011140543057077
0.0209439510239320,2.9112091923265417,-0.0001944112601074
0.0628318530717960,2.9112091923265417,-0.0000208916151073
0.1047197551196597,2.9112091923265417,0.0008784866026077
0.1466076571675237,2.9112091923265417,0.0023251438050111
0.1884955592153876,2.9112091923265417,0.0040155812650755
0.2303834612632514,2.9112091923265417,0.0055916443830057
0.2722713633111153,2.9112091923265417,0.0067197226571352
0.3141592653589793,2.9112091923265417,0.0071639241553922
0.3560471674068433,2.9112091923265417,0.0068386461407333
0.3979350694547070,2.9112091923265417,0.0058294524591511
0.4398229715025710,2.9112091923265417,0.0043768842996434
0.4817108735504350,2.9112091923265417,0.0028246733267134
0.5235987755982989,2.9112091923265417,0.0015408303040214
0.5654866776461627,2.9112091923265417,0.0008264184110047
0.6073745796940266,2.9112091923265417,0.0008316203252212
0.6492624817418906,2.9112091923265417,0.0015009889713933
0.6911503837897545,2.9112091923265417,0.0025684123199854
0.7330382858376183,2.9112091923265417,0.0036158061614295
0.7749261878854823,2.9112091923265417,0.0041955807807561
0.8168140899333461,2.9112091923265417,0.0039931803369246
0.8587019919812100,2.9112091923265417,0.0029743919833201
0.9005898940290740,2.9112091923265417,0.0014374821613636
0.9424777960769379,2.9112091923265417,-0.0000952263134950
0.9843656981248019,2.9112091923265417,-0.0011297640060315
1.0262536001726656,2.9112091923265417,-0.0014609092940059
1.0681415022205296,2.9112091923265417,-0.0012577318469851
1.1100294042683936,2.9112091923265417,-0.0009053477444629
1.1519173063162575,2.9112091923265417,-0.0007292874105689
1.1938052083641213,2.9112091923265417,-0.0008107595994091
1.2356931104119853,2.9112091923265417,-0.0009956765584780
1.2775810124598492,2.9112091923265417,-0.0010375871247086
1.3194689145077132,2.9112091923265417,-0.0007479688455738
1.3613568165555769,2.9112091923265417,-0.0000723607215738
1.4032447186034409,2.9112091923265417,0.0009139252902235
1.4451326206513049,2.9112091923265417,0.0020550778225723
1.4870205226991688,2.9112091923265417,0.0031717834852205
1.5289084247470326,2.9112091923265417,0.0041047800999980
1.5707963267948966,2.9112091923265417,0.0047393318270417
1.6126842288427605,2.9112091923265417,0.0050135234777113
1.6545721308906245,2.9112091923265417,0.0049157754332108
1.6964600329384882,2.9112091923265417,0.0044763698913040
1.7383479349863524,2.9112091923265417,0.0037563472664301
1.7802358370342162,2.9112091923265417,0.0028360678420660
1.8221237390820799,2.9112091923265417,0.0018053189247040
1.8640116411299441,2.9112091923265417,0.0007566872901241
1.9058995431778079,2.9112091923265417,-0.0002167853436201
1.9477874452256716,2.9112091923265417,-0.0010205576603517
1.9896753472735358,2.9112091923265417,-0.0015579821640728
2.0315632493213993,2.9112091923265417,-0.0017364263609136
2.0734511513692637,2.9112091923265417,-0.0014858245033595
2.1153390534171272,2.9112091923265417,-0.0007891845752970
2.1572269554649912,2.9112091923265417,0.0002867966398885
2.1991148575128552,2.9112091923265417,0.0015823188480670
2.2410027595607191,2.9112091923265417,0.0028737104698782
2.2828906616085827,2.9112091923265417,0.0039383656113856
2.3247785636564471,2.9112091923265417,0.0046288971011172
2.3666664657043106,2.9112091923265417,0.0049219043421602
2.4085543677521750,2.9112091923265417,0.0049193982193880
2.4504422698000385,2.9112091923265417,0.0048037592508927
2.4923301718479025,2.9112091923265417,0.0047659258252173
2.5342180738957665,2.9112091923265417,0.0049339466794516
2.5761059759436304,2.9112091923265417,0.0053257230411006
2.6179938779914940,2.9112091923265417,0.0058400992789529
2.6598817800393584,2.9112091923265417,0.0062885774188794
2.7017696820872219,2.9112091923265417,0.0064584565094254
2.7436575841350863,2.9112091923265417,0.0061889943237043
2.7855454861829498,2.9112091923265417,0.0054372044764284
2.8274333882308138,2.9112091923265417,0.0043109139163373
2.8693212902786778,2.9112091923265417,0.0030541691894179
2.9112091923265417,2.9112091923265417,0.0019822042226780
2.9530970943744053,2.9112091923265417,0.0013762007936391
2.9949849964222697,2.9112091923265417,0.0013577429393318
3.0368728984701332,2.9112091923265417,0.0017663277020102
3.0787608005179976,2.9112091923265417,0.0020601875272021
3.1206487025658611,2.9112091923265417,0.0012529775601115
0.0209439510239320,2.9530970943744053,-0.0006894873345188
0.0628318530717960,2.9530970943744053,-0.0012511355717904
0.1047197551196597,2.9530970943744053,-0.0007001088331565
0.1466076571675237,2.9530970943744053,0.0007568639134453
0.1884955592153876,2.9530970943744053,0.0027218470968658
0.2303834612632514,2.9530970943744053,0.0047128059266095
0.2722713633111153,2.9530970943744053,0.0062772158434610
0.3141592653589793,2.9530970943744053,0.0070911220315555
0.3560471674068433,2.9530970943744053,0.0070251153054317
0.3979350694547070,2.9530970943744053,0.0061654523532990
0.4398229715025710,2.9530970943744053,0.0047876546408929
0.4817108735504350,2.9530970943744053,0.0032891115732609
0.5235987755982989,2.9530970943744053,0.0020946716322916
0.5654866776461627,2.9530970943744053,0.0015539604684698
0.6073745796940266,2.9530970943744053,0.0018510771768887
0.6492624817418906,2.9530970943744053,0.0029467577343296
0.6911503837897545,2.9530970943744053,0.0045703592925064
0.7330382858376183,2.9530970943744053,0.0062735168877486
0.7749261878854823,2.9530970943744053,0.0075467973538537
0.8168140899333461,2.9530970943744053,0.0079816413407356
0.8587019919812100,2.9530970943744053,0.0074314530744435
0.9005898940290740,2.9530970943744053,0.0060980174323269
0.9424777960769379,2.9530970943744053,0.0044705720837808
0.9843656981248019,2.9530970943744053,0.0031069976492895
1.0262536001726656,2.9530970943744053,0.0023588571252948
1.0681415022205296,2.9530970943744053,0.0022155440371452
1.1100294042683936,2.9530970943744053,0.0023776139005456
1.1519173063162575,2.9530970943744053,0.0024943779112860
1.1938052083641213,2.9530970943744053,0.0023815291311382
1.2356931104119853,2.9530970943744053,0.0020826463826118
1.2775810124598492,2.9530970943744053,0.0017819416831357
1.3194689145077132,2.9530970943744053,0.0016688087732968
1.3613568165555769,2.9530970943744053,0.0018443240558061
1.4032447186034409,2.9530970943744053,0.0022980928570500
1.4451326206513049,2.9530970943744053,0.0029359483078475
1.4870205226991688,2.9530970943744053,0.0036260526463545
1.5289084247470326,2.9530970943744053,0.0042401412712043
1.5707963267948966,2.9530970943744053,0.0046803395211055
1.6126842288427605,2.9530970943744053,0.0048912692001444
1.6545721308906245,2.9530970943744053,0.0048609830836539
1.6964600329384882,2.9530970943744053,0.0046146981762250
1.7383479349863524,2.9530970943744053,0.0042045273418447
1.7802358370342162,2.9530970943744053,0.0036977310374668
1.8221237390820799,2.9530970943744053,0.0031658105506600
1.8640116411299441,2.9530970943744053,0.0026767327225261
1.9058995431778079,2.9530970943744053,0.0022919926596210
1.9477874452256716,2.9530970943744053,0.0020683621094741
1.9896753472735358,2.9530970943744053,0.0020609185084870
2.0315632493213993,2.9530970943744053,0.0023205937275617
2.0734511513692637,2.9530970943744053,0.0028793001410967
2.1153390534171272,2.9530970943744053,0.0037225253015891
2.1572269554649912,2.9530970943744053,0.0047623768656333
2.1991148575128552,2.9530970943744053,0.0058335712768196
2.2410027595607191,2.9530970943744053,0.0067281958934280
2.2828906616085827,2.9530970943744053,0.0072622042685486
2.3247785636564471,2.9530970943744053,0.0073442803531378
2.3666664657043106,2.9530970943744053,0.0070135175550385
2.4085543677521750,2.9530970943744053,0.0064281441090051
2.4504422698000385,2.9530970943744053,0.0058107249079760
2.4923301718479025,2.9530970943744053,0.0053720564683883
2.5342180738957665,2.9530970943744053,0.0052406410231911
2.5761059759436304,2.9530970943744053,0.0054195017821057
2.6179938779914940,2.9530970943744053,0.0057823234572782
2.6598817800393584,2.9530970943744053,0.0061101913451074
2.7017696820872219,2.9530970943744053,0.0061600821925547
2.7436575841350863,2.9530970943744053,0.0057475248753953
2.7855454861829498,2.9530970943744053,0.0048199852319954
2.8274333882308138,2.9530970943744053,0.0034967325943520
2.8693212902786778,2.9530970943744053,0.0020568073560023
2.9112091923265417,2.9530970943744053,0.0008686626484700
2.9530970943744053,2.9530970943744053,0.0002698471399407
2.9949849964222697,2.9530970943744053,0.0004178812192063
3.0368728984701332,2.9530970943744053,0.0011399807145623
3.0787608005179976,2.9530970943744053,0.0018077566742001
3.1206487025658611,2.9530970943744053,0.0012548472631689
0.0209439510239320,2.9949849964222697,-0.0012203973298994
0.0628318530717960,2.9949849964222697,-0.0027121376810617
0.1047197551196597,2.9949849964222697,-0.0028308060942915
0.1466076571675237,2.9949849964222697,-0.0017620335134522
0.1884955592153876,2.9949849964222697,0.0000526090324698
0.2303834612632514,2.9949849964222697,0.0020546715302491
0.2722713633111153,2.9949849964222697,0.0037107577108555
0.3141592653589793,2.9949849964222697,0.0046317835083365
0.3560471674068433,2.9949849964222697,0.0046489577266600
0.3979350694547070,2.9949849964222697,0.0038355064960738
0.4398229715025710,2.9949849964222697,0.0024745911778332
0.4817108735504350,2.9949849964222697,0.0009840503285972
0.5235987755982989,2.9949849964222697,-0.0001845785904702
0.5654866776461627,2.9949849964222697,-0.0006524668665528
0.6073745796940266,2.9949849964222697,-0.0002054901276161
0.6492624817418906,2.9949849964222697,0.0011457072994971
0.6911503837897545,2.9949849964222697,0.0031520925913069
0.7330382858376183,2.9949849964222697,0.0053697745632129
0.7749261878854823,2.9949849964222697,0.0072644002099309
0.8168140899333461,2.9949849964222697,0.0083654638406119
0.8587019919812100,2.9949849964222697,0.0084339173761734
0.9005898940290740,2.9949849964222697,0.0075760346916465
0.9424777960769379,2.9949849964222697,0.0062258946443066
0.9843656981248019,2.9949849964222697,0.0049631874329625
1.0262536001726656,2.9949849964222697,0.0042364962033941
1.0681415022205296,2.9949849964222697,0.0041546493811684
1.1100294042683936,2.9949849964222697,0.0044853519393455
1.1519173063162575,2.9949849964222697,0.0048503874166161
1.1938052083641213,2.9949849964222697,0.0049633571633640
1.2356931104119853,2.9949849964222697,0.0047530803409588
1.2775810124598492,2.9949849964222697,0.0043332898441382
1.3194689145077132,2.9949849964222697,0.0038890057042378
1.3613568165555769,2.9949849964222697,0.0035714232436559
1.4032447186034409,2.9949849964222697,0.0034485860038211
1.4451326206513049,2.9949849964222697,0.0035090854747728
1.4870205226991688,2.9949849964222697,0.0036932594874908
1.5289084247470326,2.9949849964222697,0.0039280393277870
1.5707963267948966,2.9949849964222697,0.0041525172672616
1.6126842288427605,2.9949849964222697,0.0043308502475774
1.6545721308906245,2.9949849964222697,0.0044541689888731
1.6964600329384882,2.9949849964222697,0.0045347537003866
1.7383479349863524,2.9949849964222697,0.0045958062442768
1.7802358370342162,2.9949849964222697,0.0046600547487088
1.8221237390820799,2.9949849964222697,0.0047406136658401
1.8640116411299441,2.9949849964222697,0.0048376004035486
1.9058995431778079,2.9949849964222697,0.0049429948846513
1.9477874452256716,2.9949849964222697,0.0050530522179850
1.9896753472735358,2.9949849964222697,0.0051821696796819
2.0315632493213993,2.9949849964222697,0.0053669878167883
2.0734511513692637,2.9949849964222697,0.0056502514626124
2.1153390534171272,2.9949849964222697,0.0060453063491666
2.1572269554649912,2.9949849964222697,0.0065000293648576
2.1991148575128552,2.9949849964222697,0.0068885127945633
2.2410027595607191,2.9949849964222697,0.0070468500643726
2.2828906616085827,2.9949849964222697,0.0068412822896160
2.3247785636564471,2.9949849964222697,0.0062343348938201
2.3666664657043106,2.9949849964222697,0.0053144169265247
2.4085543677521750,2.9949849964222697,0.0042745210823429
2.4504422698000385,2.9949849964222697,0.0033503362418537
2.4923301718479025,2.9949849964222697,0.0027430355407592
2.5342180738957665,2.9949849964222697,0.0025534597242043
2.5761059759436304,2.9949849964222697,0.0027469703251592
2.6179938779914940,2.9949849964222697,0.0031580415537751
2.6598817800393584,2.9949849964222697,0.0035340087647957
2.7017696820872219,2.9949849964222697,0.0036087571194527
2.7436575841350863,2.9949849964222697,0.0031893183650200
2.7855454861829498,2.9949849964222697,0.0022323175230070
2.8274333882308138,2.9949849964222697,0.0008853152142243
2.8693212902786778,2.9949849964222697,-0.0005273211697716
2.9112091923265417,2.9949849964222697,-0.0015828755867263
2.9530970943744053,2.9949849964222697,-0.0018961174599188
2.9949849964222697,2.9949849964222697,-0.0012905052959484
3.0368728984701332,2.9949849964222697,0.0000262594746430
3.0787608005179976,2.9949849964222697,0.0013133613997815
3.1206487025658611,2.9949849964222697,0.0011974023918006
0.0209439510239320,3.0368728984701332,-0.0015158317316501
0.0628318530717960,3.0368728984701332,-0.0037094883143906
0.1047197551196597,3.0368728984701332,-0.0045336257485393
0.1466076571675237,3.0368728984701332,-0.0040749011292588
0.1884955592153876,3.0368728984701332,-0.0027400705462124
0.2303834612632514,3.0368728984701332,-0.0010935535015566
0.2722713633111153,3.0368728984701332,0.0003044962668183
0.3141592653589793,3.0368728984701332,0.0010317104733372
0.3560471674068433,3.0368728984701332,0.0008876727862488
0.3979350694547070,3.0368728984701332,-0.0000807800607668
0.4398229715025710,3.0368728984701332,-0.0016102508298688
0.4817108735504350,3.0368728984701332,-0.0032945972523396
0.5235987755982989,3.0368728984701332,-0.0046833448351814
0.5654866776461627,3.0368728984701332,-0.0053849925191535
0.6073745796940266,3.0368728984701332,-0.0051574313221725
0.6492624817418906,3.0368728984701332,-0.0039706730511042
0.6911503837897545,3.0368728984701332,-0.0020294350950067
0.7330382858376183,3.0368728984701332,0.0002553064366413
0.7749261878854823,3.0368728984701332,0.0023533976705890
0.8168140899333461,3.0368728984701332,0.0037583288678895
0.8587019919812100,3.0368728984701332,0.0041593925022665
0.9005898940290740,3.0368728984701332,0.0035825496762676
0.9424777960769379,3.0368728984701332,0.0024163042776304
0.9843656981248019,3.0368728984701332,0.0012659799186854
1.0262536001726656,3.0368728984701332,0.0006756501424521
1.0681415022205296,3.0368728984701332,0.0008676777875475
1.1100294042683936,3.0368728984701332,0.0016659260736333
1.1519173063162575,3.0368728984701332,0.0026447971694692
1.1938052083641213,3.0368728984701332,0.0033839452927924
1.2356931104119853,3.0368728984701332,0.0036566515232109
1.2775810124598492,3.0368728984701332,0.0034661917653550
1.3194689145077132,3.0368728984701332,0.0029647669018931
1.3613568165555769,3.0368728984701332,0.0023426013247423
1.4032447186034409,3.0368728984701332,0.0017517703691797
1.4451326206513049,3.0368728984701332,0.0012809382868841
1.4870205226991688,3.0368728984701332,0.0009654193297599
1.5289084247470326,3.0368728984701332,0.0008100203657435
1.5707963267948966,3.0368728984701332,0.0008089850248608
1.6126842288427605,3.0368728984701332,0.0009565045058259
1.6545721308906245,3.0368728984701332,0.0012474855284005
1.6964600329384882,3.0368728984701332,0.0016712506423743
1.7383479349863524,3.0368728984701332,0.0022020385294872
1.7802358370342162,3.0368728984701332,0.0027908383940967
1.8221237390820799,3.0368728984701332,0.0033635709782683
1.8640116411299441,3.0368728984701332,0.0038302134076916
1.9058995431778079,3.0368728984701332,0.0041067199172804
1.9477874452256716,3.0368728984701332,0.0041453738568782
1.9896753472735358,3.0368728984701332,0.0039606885282212
2.0315632493213993,3.0368728984701332,0.0036326134521035
2.0734511513692637,3.0368728984701332,0.0032747904913942
2.1153390534171272,3.0368728984701332,0.0029758584465991
2.1572269554649912,3.0368728984701332,0.0027451627467214
2.1991148575128552,3.0368728984701332,0.0024998507628728
2.2410027595607191,3.0368728984701332,0.0021079007357525
2.2828906616085827,3.0368728984701332,0.0014656109499636
2.3247785636564471,3.0368728984701332,0.0005660483677450
2.3666664657043106,3.0368728984701332,-0.0004780352955205
2.4085543677521750,3.0368728984701332,-0.0014660370090736
2.4504422698000385,3.0368728984701332,-0.0021785338457148
2.4923301718479025,3.0368728984701332,-0.0024539353517090
2.5342180738957665,3.0368728984701332,-0.0022463066807954
2.5761059759436304,3.0368728984701332,-0.0016484749253293
2.6179938779914940,3.0368728984701332,-0.0008754012994244
2.6598817800393584,3.0368728984701332,-0.0002113538811188
2.7017696820872219,3.0368728984701332,0.0000686487403889
2.7436575841350863,3.0368728984701332,-0.0002137814461319
2.7855454861829498,3.0368728984701332,-0.0010665422636305
2.8274333882308138,3.0368728984701332,-0.0022911891527532
2.8693212902786778,3.0368728984701332,-0.0035056646559742
2.9112091923265417,3.0368728984701332,-0.0042351252583356
2.9530970943744053,3.0368728984701332,-0.0040642373225074
2.9949849964222697,3.0368728984701332,-0.0028280757599366
3.0368728984701332,3.0368728984701332,-0.0008082334645351
3.0787608005179976,3.0368728984701332,0.0011002888785390
3.1206487025658611,3.0368728984701332,0.0012774700170721
0.0209439510239320,3.0787608005179976,-0.0011241495436007
0.0628318530717960,3.0787608005179976,-0.0030020608539684
0.1047197551196597,3.0787608005179976,-0.0039155270574708
0.1466076571675237,3.0787608005179976,-0.0037550479224078
0.1884955592153876,3.0787608005179976,-0.0027947110019301
0.2303834612632514,3.0787608005179976,-0.0015171655484642
0.2722713633111153,3.0787608005179976,-0.0004410400350000
0.3141592653589793,3.0787608005179976,0.0000211528796268
0.3560471674068433,3.0787608005179976,-0.0003453566791234
0.3979350694547070,3.0787608005179976,-0.0015245349625523
0.4398229715025710,3.0787608005179976,-0.0032911252886108
0.4817108735504350,3.0787608005179976,-0.0052739529907195
0.5235987755982989,3.0787608005179976,-0.0070436538136897
0.5654866776461627,3.0787608005179976,-0.0082074516984372
0.6073745796940266,3.0787608005179976,-0.0084961075461796
0.6492624817418906,3.0787608005179976,-0.0078308755121447
0.6911503837897545,3.0787608005179976,-0.0063592638873660
0.7330382858376183,3.0787608005179976,-0.0044471527285611
0.7749261878854823,3.0787608005179976,-0.0026138562687731
0.8168140899333461,3.0787608005179976,-0.0014025662143492
0.8587019919812100,3.0787608005179976,-0.0012001654206293
0.9005898940290740,3.0787608005179976,-0.0020602770260533
0.9424777960769379,3.0787608005179976,-0.0036227524779456
0.9843656981248019,3.0787608005179976,-0.0052164453883682
1.0262536001726656,3.0787608005179976,-0.0061432244426624
1.0681415022205296,3.0787608005179976,-0.0060064390060297
1.1100294042683936,3.0787608005179976,-0.0048845739885622
1.1519173063162575,3.0787608005179976,-0.0032452848119169
1.1938052083641213,3.0787608005179976,-0.0016776524191975
1.2356931104119853,3.0787608005179976,-0.0006273810932412
1.2775810124598492,3.0787608005179976,-0.0002727299272658
1.3194689145077132,3.0787608005179976,-0.0005529167770539
1.3613568165555769,3.0787608005179976,-0.0012736212648856
1.4032447186034409,3.0787608005179976,-0.0022091639840370
1.4451326206513049,3.0787608005179976,-0.0031626993996242
1.4870205226991688,3.0787608005179976,-0.0039855311400708
1.5289084247470326,3.0787608005179976,-0.0045737961933700
1.5707963267948966,3.0787608005179976,-0.0048598238620822
1.6126842288427605,3.0787608005179976,-0.0048077809547745
1.6545721308906245,3.0787608005179976,-0.0044160341104624
1.6964600329384882,3.0787608005179976,-0.0037240525994046
1.7383479349863524,3.0787608005179976,-0.0028190704679666
1.7802358370342162,3.0787608005179976,-0.0018362661350598
1.8221237390820799,3.0787608005179976,-0.0009459487822078
1.8640116411299441,3.0787608005179976,-0.0003233794043942
1.9058995431778079,3.0787608005179976,-0.0001030893603559
1.9477874452256716,3.0787608005179976,-0.0003300628148718
1.9896753472735358,3.0787608005179976,-0.0009307046525404
2.0315632493213993,3.0787608005179976,-0.0017276792646277
2.0734511513692637,3.0787608005179976,-0.0025056565276805
2.1153390534171272,3.0787608005179976,-0.0031034110355709
2.1572269554649912,3.0787608005179976,-0.0034829833229848
2.1991148575128552,3.0787608005179976,-0.0037329096966890
2.2410027595607191,3.0787608005179976,-0.0040013604067326
2.2828906616085827,3.0787608005179976,-0.0043988214601501
2.3247785636564471,3.0787608005179976,-0.0049260538290803
2.3666664657043106,3.0787608005179976,-0.0054629214164301
2.4085543677521750,3.0787608005179976,-0.0058168050098042
2.4504422698000385,3.0787608005179976,-0.0058019250163004
2.4923301718479025,3.0787608005179976,-0.0053147444925965
2.5342180738957665,3.0787608005179976,-0.0043804174794921
2.5761059759436304,3.0787608005179976,-0.0031595751885608
2.6179938779914940,3.0787608005179976,-0.0019160828997533
2.6598817800393584,3.0787608005179976,-0.0009534511282759
2.7017696820872219,3.0787608005179976,-0.0005324196003381
2.7436575841350863,3.0787608005179976,-0.0007867846827370
2.7855454861829498,3.0787608005179976,-0.0016586853629023
2.8274333882308138,3.0787608005179976,-0.0028761017482337
2.8693212902786778,3.0787608005179976,-0.0039914191562717
2.9112091923265417,3.0787608005179976,-0.0044891956404885
2.9530970943744053,3.0787608005179976,-0.0039554316679006
2.9949849964222697,3.0787608005179976,-0.0022844175370575
3.0368728984701332,3.0787608005179976,0.0001115292597500
3.0787608005179976,3.0787608005179976,0.0021253611765445
3.1206487025658611,3.0787608005179976,0.0018390209205063
0.0209439510239320,3.1206487025658611,0.0005962004961939
0.0628318530717960,3.1206487025658611,0.0012466037120363
0.1047197551196597,3.1206487025658611,0.0019401038555518
0.1466076571675237,3.1206487025658611,0.0030851071822700
0.1884955592153876,3.1206487025658611,0.0046455250075064
0.2303834612632514,3.1206487025658611,0.0063175146283709
0.2722713633111153,3.1206487025658611,0.0077038067965996
0.3141592653589793,3.1206487025658611,0.0084593085491227
0.3560471674068433,3.1206487025658611,0.0083897642252420
0.3979350694547070,3.1206487025658611,0.0074963258780882
0.4398229715025710,3.1206487025658611,0.0059695266714405
0.4817108735504350,3.1206487025658611,0.0041436587451788
0.5235987755982989,3.1206487025658611,0.0024257752506757
0.5654866776461627,3.1206487025658611,0.0012130132974133
0.6073745796940266,3.1206487025658611,0.0008095059442431
0.6492624817418906,3.1206487025658611,0.0013522607509772
0.6911503837897545,3.1206487025658611,0.0027562918178208
0.7330382858376183,3.1206487025658611,0.0046939828911383
0.7749261878854823,3.1206487025658611,0.0066300172822904
0.8168140899333461,3.1206487025658611,0.0079337542541055
0.8587019919812100,3.1206487025658611,0.0080727983609296
0.9005898940290740,3.1206487025658611,0.0068448139809762
0.9424777960769379,3.1206487025658611,0.0045426806802311
0.9843656981248019,3.1206487025658611,0.0019234051114319
1.0262536001726656,3.1206487025658611,-0.0000729660061896
1.0681415022205296,3.1206487025658611,-0.0007419488969160
1.1100294042683936,3.1206487025658611,0.0000695693993880
1.1519173063162575,3.1206487025658611,0.0019409365654866
1.1938052083641213,3.1206487025658611,0.0041355171074888
1.2356931104119853,3.1206487025658611,0.0059487365478970
1.2775810124598492,3.1206487025658611,0.0069473169074001
1.3194689145077132,3.1206487025658611,0.0070246540307388
1.3613568165555769,3.1206487025658611,0.0063220451604231
1.4032447186034409,3.1206487025658611,0.0051079497493729
1.4451326206513049,3.1206487025658611,0.0036798148869555
1.4870205226991688,3.1206487025658611,0.0023075675667636
1.5289084247470326,3.1206487025658611,0.0012091888832731
1.5707963267948966,3.1206487025658611,0.0005415280902341
1.6126842288427605,3.1206487025658611,0.0003942246287008
1.6545721308906245,3.1206487025658611,0.0007822114159637
1.6964600329384882,3.1206487025658611,0.0016385625753092
1.7383479349863524,3.1206487025658611,0.0028135844786199
1.7802358370342162,3.1206487025658611,0.0040880230335907
1.8221237390820799,3.1206487025658611,0.0052073244047046
1.8640116411299441,3.1206487025658611,0.0059383714434643
1.9058995431778079,3.1206487025658611,0.0061389137242419
1.9477874452256716,3.1206487025658611,0.0058155586090325
1.9896753472735358,3.1206487025658611,0.0051375690786832
2.0315632493213993,3.1206487025658611,0.0043833549581037
2.0734511513692637,3.1206487025658611,0.0038292449786638
2.1153390534171272,3.1206487025658611,0.0036303968377748
2.1572269554649912,3.1206487025658611,0.0037599710016047
2.1991148575128552,3.1206487025658611,0.0040441877192857
2.2410027595607191,3.1206487025658611,0.0042727136322588
2.2828906616085827,3.1206487025658611,0.0043186847190913
2.3247785636564471,3.1206487025658611,0.0042029881029997
2.3666664657043106,3.1206487025658611,0.0040774112794605
2.4085543677521750,3.1206487025658611,0.0041471874719851
2.4504422698000385,3.1206487025658611,0.0045764395858262
2.4923301718479025,3.1206487025658611,0.0054155488033224
2.5342180738957665,3.1206487025658611,0.0065709481335701
2.5761059759436304,3.1206487025658611,0.0078199210208232
2.6179938779914940,3.1206487025658611,0.0088621832639558
2.6598817800393584,3.1206487025658611,0.0093953980969516
2.7017696820872219,3.1206487025658611,0.0091996683389330
2.7436575841350863,3.1206487025658611,0.0082138909824753
2.7855454861829498,3.1206487025658611,0.0065846002367623
2.8274333882308138,3.1206487025658611,0.0046676509141141
2.8693212902786778,3.1206487025658611,0.0029674960868387
2.9112091923265417,3.1206487025658611,0.0020092176323157
2.9530970943744053,3.1206487025658611,0.0021533618431203
2.9949849964222697,3.1206487025658611,0.0033786518678777
3.0368728984701332,3.1206487025658611,0.0050673519546749
3.0787608005179976,3.1206487025658611,0.0058286127393819
3.1206487025658611,3.1206487025658611,0.0033862886543955
