a,b,c
0.0209439510239320,0.0209439510239320,0.0482178118460766
0.0628318530717960,0.0209439510239320,0.0642682913079860
0.1047197551196597,0.0209439510239320,0.0618559023002339
0.1466076571675237,0.0209439510239320,0.0456151601448781
0.1884955592153876,0.0209439510239320,0.0266117750573955
0.2303834612632514,0.0209439510239320,0.0124936161592411
0.2722713633111153,0.0209439510239320,0.0052974148453685
0.3141592653589793,0.0209439510239320,0.0061910431247783
0.3560471674068433,0.0209439510239320,0.0128134145925364
0.3979350694547070,0.0209439510239320,0.0188050716920982
0.4398229715025710,0.0209439510239320,0.0212407712009068
0.4817108735504350,0.0209439510239320,0.0192007836413843
0.5235987755982989,0.0209439510239320,0.0134714538807618
0.5654866776461627,0.0209439510239320,0.0065784631367968
0.6073745796940266,0.0209439510239320,0.0074663619640899
0.6492624817418906,0.0209439510239320,0.0147975581190553
0.6911503837897545,0.0209439510239320,0.0215793758663980
0.7330382858376183,0.0209439510239320,0.0268132827503949
0.7749261878854823,0.0209439510239320,0.0304658541386352
0.8168140899333461,0.0209439510239320,0.0327905462510386
0.8587019919812100,0.0209439510239320,0.0341219006148684
0.9005898940290740,0.0209439510239320,0.0347709441161137
0.9424777960769379,0.0209439510239320,0.0349803891800786
0.9843656981248019,0.0209439510239320,0.0349181483865374
1.0262536001726656,0.0209439510239320,0.0346906326663944
1.0681415022205296,0.0209439510239320,0.0343618575044958
1.1100294042683936,0.0209439510239320,0.0339700441424782
1.1519173063162575,0.0209439510239320,0.0335384449098727
1.1938052083641213,0.0209439510239320,0.0330805987126209
1.2356931104119853,0.0209439510239320,0.0326019822388914
1.2775810124598492,0.0209439510239320,0.0321003921089431
1.3194689145077132,0.0209439510239320,0.0315668796210513
1.3613568165555769,0.0209439510239320,0.0309881489748766
1.4032447186034409,0.0209439510239320,0.0303503913003464
1.4451326206513049,0.0209439510239320,0.0296437901127875
1.4870205226991688,0.0209439510239320,0.0288665067973262
1.5289084247470326,0.0209439510239320,0.0280268592966085
1.5707963267948966,0.0209439510239320,0.0271426160965491
1.6126842288427605,0.0209439510239320,0.0262367912891688
1.6545721308906245,0.0209439510239320,0.0253299855408248
1.6964600329384882,0.0209439510239320,0.0244301022401145
1.7383479349863524,0.0209439510239320,0.0235210856548230
1.7802358370342162,0.0209439510239320,0.0225530462500140
1.8221237390820799,0.0209439510239320,0.0214365803116386
1.8640116411299441,0.0209439510239320,0.0200440838410740
1.9058995431778079,0.0209439510239320,0.0182203924171569
1.9477874452256716,0.0209439510239320,0.0158047201230754
1.9896753472735358,0.0209439510239320,0.0126686866802859
2.0315632493213993,0.0209439510239320,0.0088021099494426
2.0734511513692637,0.0209439510239320,0.0047821549661701
2.1153390534171272,0.0209439510239320,0.0050308245425784
2.1572269554649912,0.0209439510239320,0.0106871797238258
2.1991148575128552,0.0209439510239320,0.0176487681697499
2.2410027595607191,0.0209439510239320,0.0249568108259087
2.2828906616085827,0.0209439510239320,0.0321220637323638
2.3247785636564471,0.0209439510239320,0.0387081836845153
2.3666664657043106,0.0209439510239320,0.0442973298158292
2.4085543677521750,0.0209439510239320,0.0484879193272831
2.4504422698000385,0.0209439510239320,0.0508890893801806
2.4923301718479025,0.0209439510239320,0.0511163263156248
2.5342180738957665,0.0209439510239320,0.0488097149493971
2.5761059759436304,0.0209439510239320,0.0437061111271467
2.6179938779914940,0.0209439510239320,0.0357942149184354
2.6598817800393584,0.0209439510239320,0.0255585530305564
2.7017696820872219,0.0209439510239320,0.0142759916230074
2.7436575841350863,0.0209439510239320,0.0044899552530203
2.7855454861829498,0.0209439510239320,0.0039205992662708
2.8274333882308138,0.0209439510239320,0.0056514957165620
2.8693212902786778,0.0209439510239320,0.0134740369506161
2.9112091923265417,0.0209439510239320,0.0330324109570615
2.9530970943744053,0.0209439510239320,0.0590454513765175
2.9949849964222697,0.0209439510239320,0.0839961123814328
3.0368728984701332,0.0209439510239320,0.0980583690967522
3.0787608005179976,0.0209439510239320,0.0907547361184544
3.1206487025658611,0.0209439510239320,0.0607805458897050
0.0209439510239320,0.0628318530717960,0.0571081189840423
0.0628318530717960,0.0628318530717960,0.0130489597661198
0.1047197551196597,0.0628318530717960,0.0359877345497766
0.1466076571675237,0.0628318530717960,0.0513242098383098
0.1884955592153876,0.0628318530717960,0.0515953101589235
0.2303834612632514,0.0628318530717960,0.0422491101209807
0.2722713633111153,0.0628318530717960,0.0306967485704210
0.3141592653589793,0.0628318530717960,0.0221955805118843
0.3560471674068433,0.0628318530717960,0.0172146368339922
0.3979350694547070,0.0628318530717960,0.0158167384333596
0.4398229715025710,0.0628318530717960,0.0195331387177217
0.4817108735504350,0.0628318530717960,0.0254512114836506
0.5235987755982989,0.0628318530717960,0.0299106612803165
0.5654866776461627,0.0628318530717960,0.0314696660859418
0.6073745796940266,0.0628318530717960,0.0302987849540966
0.6492624817418906,0.0628318530717960,0.0273597456049647
0.6911503837897545,0.0628318530717960,0.0237783419305993
0.7330382858376183,0.0628318530717960,0.0204547974012948
0.7749261878854823,0.0628318530717960,0.0179038486682632
0.8168140899333461,0.0628318530717960,0.0162661822127810
0.8587019919812100,0.0628318530717960,0.0154144106501097
0.9005898940290740,0.0628318530717960,0.0150844301022268
0.9424777960769379,0.0628318530717960,0.0149865623258991
0.9843656981248019,0.0628318530717960,0.0148791687299106
1.0262536001726656,0.0628318530717960,0.0146055731339176
1.0681415022205296,0.0628318530717960,0.0141015730631331
1.1100294042683936,0.0628318530717960,0.0133826007708422
1.1519173063162575,0.0628318530717960,0.0125197135039974
1.1938052083641213,0.0628318530717960,0.0116123957622630
1.2356931104119853,0.0628318530717960,0.0107641565322342
1.2775810124598492,0.0628318530717960,0.0100646994051297
1.3194689145077132,0.0628318530717960,0.0095804140676970
1.3613568165555769,0.0628318530717960,0.0093532363728559
1.4032447186034409,0.0628318530717960,0.0094065470979658
1.4451326206513049,0.0628318530717960,0.0097557332441447
1.4870205226991688,0.0628318530717960,0.0104204258019949
1.5289084247470326,0.0628318530717960,0.0114352435656473
1.5707963267948966,0.0628318530717960,0.0128559269295428
1.6126842288427605,0.0628318530717960,0.0147581356941017
1.6545721308906245,0.0628318530717960,0.0172274138731622
1.6964600329384882,0.0628318530717960,0.0203409857755070
1.7383479349863524,0.0628318530717960,0.0241442320707556
1.7802358370342162,0.0628318530717960,0.0286258843030638
1.8221237390820799,0.0628318530717960,0.0336962462342514
1.8640116411299441,0.0628318530717960,0.0391728153009052
1.9058995431778079,0.0628318530717960,0.0447776438610639
1.9477874452256716,0.0628318530717960,0.0501500323708650
1.9896753472735358,0.0628318530717960,0.0548761406855218
2.0315632493213993,0.0628318530717960,0.0585338997806850
2.0734511513692637,0.0628318530717960,0.0607478730515968
2.1153390534171272,0.0628318530717960,0.0612454722150807
2.1572269554649912,0.0628318530717960,0.0599042021342288
2.1991148575128552,0.0628318530717960,0.0567800865274853
2.2410027595607191,0.0628318530717960,0.0521102762080539
2.2828906616085827,0.0628318530717960,0.0462877533424247
2.3247785636564471,0.0628318530717960,0.0398126019782262
2.3666664657043106,0.0628318530717960,0.0332326306137336
2.4085543677521750,0.0628318530717960,0.0270974042934412
2.4504422698000385,0.0628318530717960,0.0219632611476248
2.4923301718479025,0.0628318530717960,0.0184725327907961
2.5342180738957665,0.0628318530717960,0.0173534483437166
2.5761059759436304,0.0628318530717960,0.0189589934636286
2.6179938779914940,0.0628318530717960,0.0228256031905594
2.6598817800393584,0.0628318530717960,0.0280949258344096
2.7017696820872219,0.0628318530717960,0.0339797567106843
2.7436575841350863,0.0628318530717960,0.0399147088207335
2.7855454861829498,0.0628318530717960,0.0456424137209323
2.8274333882308138,0.0628318530717960,0.0510117344479508
2.8693212902786778,0.0628318530717960,0.0552190238000263
2.9112091923265417,0.0628318530717960,0.0561183373958707
2.9530970943744053,0.0628318530717960,0.0506400322085659
2.9949849964222697,0.0628318530717960,0.0360785326529088
3.0368728984701332,0.0628318530717960,0.0120396607857141
3.0787608005179976,0.0628318530717960,0.0306465767586231
3.1206487025658611,0.0628318530717960,0.0857963941709199
0.0209439510239320,0.1047197551196597,0.0404865707269260
0.0628318530717960,0.1047197551196597,0.0446132710636006
0.1047197551196597,0.1047197551196597,0.0635911674429199
0.1466076571675237,0.1047197551196597,0.0584900738318421
0.1884955592153876,0.1047197551196597,0.0408600352976549
0.2303834612632514,0.1047197551196597,0.0259522585733343
0.2722713633111153,0.1047197551196597,0.0211003049929394
0.3141592653589793,0.1047197551196597,0.0203485905040085
0.3560471674068433,0.1047197551196597,0.0227830064066081
0.3979350694547070,0.1047197551196597,0.0283083072534761
0.4398229715025710,0.1047197551196597,0.0318575404764825
0.4817108735504350,0.1047197551196597,0.0303894654374304
0.5235987755982989,0.1047197551196597,0.0242285759623925
0.5654866776461627,0.1047197551196597,0.0155133884794127
0.6073745796940266,0.1047197551196597,0.0067962544656805
0.6492624817418906,0.1047197551196597,0.0025692593952871
0.6911503837897545,0.1047197551196597,0.0062575531390357
0.7330382858376183,0.1047197551196597,0.0083641329080519
0.7749261878854823,0.1047197551196597,0.0084791215729734
0.8168140899333461,0.1047197551196597,0.0072613201243709
0.8587019919812100,0.1047197551196597,0.0054331391760581
0.9005898940290740,0.1047197551196597,0.0035887747928050
0.9424777960769379,0.1047197551196597,0.0021375936570989
0.9843656981248019,0.1047197551196597,0.0014474431347823
1.0262536001726656,0.1047197551196597,0.0018731700891795
1.0681415022205296,0.1047197551196597,0.0030429366973081
1.1100294042683936,0.1047197551196597,0.0046119695947240
1.1519173063162575,0.1047197551196597,0.0063994650340016
1.1938052083641213,0.1047197551196597,0.0082332044547926
1.2356931104119853,0.1047197551196597,0.0099585359463510
1.2775810124598492,0.1047197551196597,0.0114623723184401
1.3194689145077132,0.1047197551196597,0.0126837894802355
1.3613568165555769,0.1047197551196597,0.0136111688902646
1.4032447186034409,0.1047197551196597,0.0142688623746973
1.4451326206513049,0.1047197551196597,0.0146968602916444
1.4870205226991688,0.1047197551196597,0.0149275418638626
1.5289084247470326,0.1047197551196597,0.0149642284457159
1.5707963267948966,0.1047197551196597,0.0147664255826409
1.6126842288427605,0.1047197551196597,0.0142461131898842
1.6545721308906245,0.1047197551196597,0.0132794381372277
1.6964600329384882,0.1047197551196597,0.0117431096742880
1.7383479349863524,0.1047197551196597,0.0096122308048815
1.7802358370342162,0.1047197551196597,0.0072990757532940
1.8221237390820799,0.1047197551196597,0.0067255230684344
1.8640116411299441,0.1047197551196597,0.0101722875470490
1.9058995431778079,0.1047197551196597,0.0163578999002052
1.9477874452256716,0.1047197551196597,0.0238592291287620
1.9896753472735358,0.1047197551196597,0.0318828182967609
2.0315632493213993,0.1047197551196597,0.0397487647130943
2.0734511513692637,0.1047197551196597,0.0467863498827609
2.1153390534171272,0.1047197551196597,0.0523719105465293
2.1572269554649912,0.1047197551196597,0.0560051592658270
2.1991148575128552,0.1047197551196597,0.0573863975556979
2.2410027595607191,0.1047197551196597,0.0564722694114150
2.2828906616085827,0.1047197551196597,0.0534955845349504
2.3247785636564471,0.1047197551196597,0.0489441574474037
2.3666664657043106,0.1047197551196597,0.0435065229649462
2.4085543677521750,0.1047197551196597,0.0380071497809070
2.4504422698000385,0.1047197551196597,0.0333542050716316
2.4923301718479025,0.1047197551196597,0.0304576709867338
2.5342180738957665,0.1047197551196597,0.0299456271014233
2.5761059759436304,0.1047197551196597,0.0316914769351852
2.6179938779914940,0.1047197551196597,0.0347229804939128
2.6598817800393584,0.1047197551196597,0.0376826600025680
2.7017696820872219,0.1047197551196597,0.0393203615624001
2.7436575841350863,0.1047197551196597,0.0389500330378402
2.7855454861829498,0.1047197551196597,0.0373144191392000
2.8274333882308138,0.1047197551196597,0.0378655012942281
2.8693212902786778,0.1047197551196597,0.0448711589898374
2.9112091923265417,0.1047197551196597,0.0566960211241425
2.9530970943744053,0.1047197551196597,0.0661248283495547
2.9949849964222697,0.1047197551196597,0.0651537025379773
3.0368728984701332,0.1047197551196597,0.0478064666464278
3.0787608005179976,0.1047197551196597,0.0274787903145892
3.1206487025658611,0.1047197551196597,0.0834088191138799
0.0209439510239320,0.1466076571675237,0.0197292814417362
0.0628318530717960,0.1466076571675237,0.0489708689682270
0.1047197551196597,0.1466076571675237,0.0462010439638941
0.1466076571675237,0.1466076571675237,0.0243735933147854
0.1884955592153876,0.1466076571675237,0.0077879756806619
0.2303834612632514,0.1466076571675237,0.0118748977523463
0.2722713633111153,0.1466076571675237,0.0111835872076331
0.3141592653589793,0.1466076571675237,0.0144032958216679
0.3560471674068433,0.1466076571675237,0.0214878071660947
0.3979350694547070,0.1466076571675237,0.0232495261891661
0.4398229715025710,0.1466076571675237,0.0178862864632836
0.4817108735504350,0.1466076571675237,0.0079400279222334
0.5235987755982989,0.1466076571675237,0.0046844155750993
0.5654866776461627,0.1466076571675237,0.0137292179451932
0.6073745796940266,0.1466076571675237,0.0198906070837103
0.6492624817418906,0.1466076571675237,0.0225145446457831
0.6911503837897545,0.1466076571675237,0.0221890484395979
0.7330382858376183,0.1466076571675237,0.0198955568258833
0.7749261878854823,0.1466076571675237,0.0166125653822234
0.8168140899333461,0.1466076571675237,0.0131050059147396
0.8587019919812100,0.1466076571675237,0.0098641022103792
0.9005898940290740,0.1466076571675237,0.0071784762561290
0.9424777960769379,0.1466076571675237,0.0053518318352244
0.9843656981248019,0.1466076571675237,0.0049102137720271
1.0262536001726656,0.1466076571675237,0.0059784903036083
1.0681415022205296,0.1466076571675237,0.0078806989448738
1.1100294042683936,0.1466076571675237,0.0100310984296850
1.1519173063162575,0.1466076571675237,0.0121141019051190
1.1938052083641213,0.1466076571675237,0.0139489864212820
1.2356931104119853,0.1466076571675237,0.0154385712781185
1.2775810124598492,0.1466076571675237,0.0165589664656568
1.3194689145077132,0.1466076571675237,0.0173555920012978
1.3613568165555769,0.1466076571675237,0.0179346864161992
1.4032447186034409,0.1466076571675237,0.0184472975990177
1.4451326206513049,0.1466076571675237,0.0190651420459492
1.4870205226991688,0.1466076571675237,0.0199496120464292
1.5289084247470326,0.1466076571675237,0.0212183532300989
1.5707963267948966,0.1466076571675237,0.0229164685431995
1.6126842288427605,0.1466076571675237,0.0249978381383454
1.6545721308906245,0.1466076571675237,0.0273172226649000
1.6964600329384882,0.1466076571675237,0.0296317139825665
1.7383479349863524,0.1466076571675237,0.0316125543376807
1.7802358370342162,0.1466076571675237,0.0328710362976900
1.8221237390820799,0.1466076571675237,0.0330017314119577
1.8640116411299441,0.1466076571675237,0.0316431233595008
1.9058995431778079,0.1466076571675237,0.0285521616905187
1.9477874452256716,0.1466076571675237,0.0236900068548591
1.9896753472735358,0.1466076571675237,0.0173421173342947
2.0315632493213993,0.1466076571675237,0.0105133274826430
2.0734511513692637,0.1466076571675237,0.0073767485497351
2.1153390534171272,0.1466076571675237,0.0124322206161009
2.1572269554649912,0.1466076571675237,0.0194103071737191
2.1991148575128552,0.1466076571675237,0.0253003341072204
2.2410027595607191,0.1466076571675237,0.0291328865072383
2.2828906616085827,0.1466076571675237,0.0305090499704042
2.3247785636564471,0.1466076571675237,0.0294218025067310
2.3666664657043106,0.1466076571675237,0.0262071086783002
2.4085543677521750,0.1466076571675237,0.0215396391525775
2.4504422698000385,0.1466076571675237,0.0166461374024601
2.4923301718479025,0.1466076571675237,0.0140015513015407
2.5342180738957665,0.1466076571675237,0.0162631998718694
2.5761059759436304,0.1466076571675237,0.0218554288283658
2.6179938779914940,0.1466076571675237,0.0274730285664216
2.6598817800393584,0.1466076571675237,0.0306979887035758
2.7017696820872219,0.1466076571675237,0.0299137674962468
2.7436575841350863,0.1466076571675237,0.0245944083521824
2.7855454861829498,0.1466076571675237,0.0158152732212279
2.8274333882308138,0.1466076571675237,0.0083990619077890
2.8693212902786778,0.1466076571675237,0.0151107203605729
2.9112091923265417,0.1466076571675237,0.0288814645365959
2.9530970943744053,0.1466076571675237,0.0437982763304409
2.9949849964222697,0.1466076571675237,0.0548018852926722
3.0368728984701332,0.1466076571675237,0.0536848364559469
3.0787608005179976,0.1466076571675237,0.0364055330045477
3.1206487025658611,0.1466076571675237,0.0618047130927035
0.0209439510239320,0.1884955592153876,0.0267321074447065
0.0628318530717960,0.1884955592153876,0.0345945746182555
0.1047197551196597,0.1884955592153876,0.0143164131963811
0.1466076571675237,0.1884955592153876,0.0102517248332653
0.1884955592153876,0.1884955592153876,0.0182488831764739
0.2303834612632514,0.1884955592153876,0.0122756731277202
0.2722713633111153,0.1884955592153876,0.0003885133762058
0.3141592653589793,0.1884955592153876,0.0082294050060020
0.3560471674068433,0.1884955592153876,0.0088993189513347
0.3979350694547070,0.1884955592153876,0.0040994535538267
0.4398229715025710,0.1884955592153876,0.0091054460124797
0.4817108735504350,0.1884955592153876,0.0173686539857380
0.5235987755982989,0.1884955592153876,0.0225237763341145
0.5654866776461627,0.1884955592153876,0.0238755828943458
0.6073745796940266,0.1884955592153876,0.0222773807146390
0.6492624817418906,0.1884955592153876,0.0191570472529060
0.6911503837897545,0.1884955592153876,0.0158385047350004
0.7330382858376183,0.1884955592153876,0.0131014730908862
0.7749261878854823,0.1884955592153876,0.0110100461939260
0.8168140899333461,0.1884955592153876,0.0091506364153359
0.8587019919812100,0.1884955592153876,0.0071044065938197
0.9005898940290740,0.1884955592153876,0.0047114239168782
0.9424777960769379,0.1884955592153876,0.0020580296291655
0.9843656981248019,0.1884955592153876,0.0006406105105200
1.0262536001726656,0.1884955592153876,0.0031029946957783
1.0681415022205296,0.1884955592153876,0.0051086287673813
1.1100294042683936,0.1884955592153876,0.0064861123157893
1.1519173063162575,0.1884955592153876,0.0071515822460545
1.1938052083641213,0.1884955592153876,0.0071070986399552
1.2356931104119853,0.1884955592153876,0.0064325984382262
1.2775810124598492,0.1884955592153876,0.0052749868626241
1.3194689145077132,0.1884955592153876,0.0038420422576130
1.3613568165555769,0.1884955592153876,0.0024214457772092
1.4032447186034409,0.1884955592153876,0.0014945776487590
1.4451326206513049,0.1884955592153876,0.0015255955922866
1.4870205226991688,0.1884955592153876,0.0018594343782603
1.5289084247470326,0.1884955592153876,0.0021878652163764
1.5707963267948966,0.1884955592153876,0.0033351626199199
1.6126842288427605,0.1884955592153876,0.0060084590313232
1.6545721308906245,0.1884955592153876,0.0101347656041587
1.6964600329384882,0.1884955592153876,0.0154632348736919
1.7383479349863524,0.1884955592153876,0.0216487944742027
1.7802358370342162,0.1884955592153876,0.0282090463969360
1.8221237390820799,0.1884955592153876,0.0345259202200446
1.8640116411299441,0.1884955592153876,0.0398894678849330
1.9058995431778079,0.1884955592153876,0.0435786585080627
1.9477874452256716,0.1884955592153876,0.0449714462290363
1.9896753472735358,0.1884955592153876,0.0436696560013932
2.0315632493213993,0.1884955592153876,0.0396197334884828
2.0734511513692637,0.1884955592153876,0.0332175249318081
2.1153390534171272,0.1884955592153876,0.0254265873076291
2.1572269554649912,0.1884955592153876,0.0180736801312604
2.1991148575128552,0.1884955592153876,0.0143477246244456
2.2410027595607191,0.1884955592153876,0.0160235317705317
2.2828906616085827,0.1884955592153876,0.0195706232149709
2.3247785636564471,0.1884955592153876,0.0217281601204947
2.3666664657043106,0.1884955592153876,0.0212572915941804
2.4085543677521750,0.1884955592153876,0.0179683931773857
2.4504422698000385,0.1884955592153876,0.0124261102855674
2.4923301718479025,0.1884955592153876,0.0069423663662571
2.5342180738957665,0.1884955592153876,0.0090635897693511
2.5761059759436304,0.1884955592153876,0.0158977619918750
2.6179938779914940,0.1884955592153876,0.0211862058596523
2.6598817800393584,0.1884955592153876,0.0224500498040899
2.7017696820872219,0.1884955592153876,0.0183631816345618
2.7436575841350863,0.1884955592153876,0.0090580003919714
2.7855454861829498,0.1884955592153876,0.0048815592040419
2.8274333882308138,0.1884955592153876,0.0173490142323454
2.8693212902786778,0.1884955592153876,0.0258082988104107
2.9112091923265417,0.1884955592153876,0.0270170885013842
2.9530970943744053,0.1884955592153876,0.0238125244253838
2.9949849964222697,0.1884955592153876,0.0275650984196323
3.0368728984701332,0.1884955592153876,0.0363543764400856
3.0787608005179976,0.1884955592153876,0.0330485669857569
3.1206487025658611,0.1884955592153876,0.0357378003536411
0.0209439510239320,0.2303834612632514,0.0341631169345071
0.0628318530717960,0.2303834612632514,0.0177672405852933
0.1047197551196597,0.2303834612632514,0.0156461658447578
0.1466076571675237,0.2303834612632514,0.0243249762490619
0.1884955592153876,0.2303834612632514,0.0204101197849683
0.2303834612632514,0.2303834612632514,0.0125142537967575
0.2722713633111153,0.2303834612632514,0.0095746733840234
0.3141592653589793,0.2303834612632514,0.0082206454646164
0.3560471674068433,0.2303834612632514,0.0101543912935866
0.3979350694547070,0.2303834612632514,0.0161747583368538
0.4398229715025710,0.2303834612632514,0.0204058783728341
0.4817108735504350,0.2303834612632514,0.0204843183667890
0.5235987755982989,0.2303834612632514,0.0167621425288332
0.5654866776461627,0.2303834612632514,0.0107976997054760
0.6073745796940266,0.2303834612632514,0.0045183278974706
0.6492624817418906,0.2303834612632514,0.0033254341835498
0.6911503837897545,0.2303834612632514,0.0073888616452164
0.7330382858376183,0.2303834612632514,0.0102768851973249
0.7749261878854823,0.2303834612632514,0.0115402420791214
0.8168140899333461,0.2303834612632514,0.0113377040975409
0.8587019919812100,0.2303834612632514,0.0100649207112662
0.9005898940290740,0.2303834612632514,0.0083471167435163
0.9424777960769379,0.2303834612632514,0.0070479868001044
0.9843656981248019,0.2303834612632514,0.0069073135871961
1.0262536001726656,0.2303834612632514,0.0077208440828076
1.0681415022205296,0.2303834612632514,0.0086975831271946
1.1100294042683936,0.2303834612632514,0.0093800696201878
1.1519173063162575,0.2303834612632514,0.0098063460364233
1.1938052083641213,0.2303834612632514,0.0103941627540174
1.2356931104119853,0.2303834612632514,0.0116806017821700
1.2775810124598492,0.2303834612632514,0.0139202380248754
1.3194689145077132,0.2303834612632514,0.0169442531795413
1.3613568165555769,0.2303834612632514,0.0203740417311543
1.4032447186034409,0.2303834612632514,0.0238131125340419
1.4451326206513049,0.2303834612632514,0.0269001187687286
1.4870205226991688,0.2303834612632514,0.0293022701366463
1.5289084247470326,0.2303834612632514,0.0307021424908998
1.5707963267948966,0.2303834612632514,0.0307954914316243
1.6126842288427605,0.2303834612632514,0.0293053013274732
1.6545721308906245,0.2303834612632514,0.0260127845220935
1.6964600329384882,0.2303834612632514,0.0208029799949219
1.7383479349863524,0.2303834612632514,0.0137206438466037
1.7802358370342162,0.2303834612632514,0.0050578298650193
1.8221237390820799,0.2303834612632514,0.0050359062842426
1.8640116411299441,0.2303834612632514,0.0152677602778955
1.9058995431778079,0.2303834612632514,0.0250675679998093
1.9477874452256716,0.2303834612632514,0.0333895232774233
1.9896753472735358,0.2303834612632514,0.0393144568707614
2.0315632493213993,0.2303834612632514,0.0422080208087111
2.0734511513692637,0.2303834612632514,0.0419214742559408
2.1153390534171272,0.2303834612632514,0.0389675257540201
2.1572269554649912,0.2303834612632514,0.0346273413789439
2.1991148575128552,0.2303834612632514,0.0308243140761766
2.2410027595607191,0.2303834612632514,0.0292547819908865
2.2828906616085827,0.2303834612632514,0.0298379782475222
2.3247785636564471,0.2303834612632514,0.0307049864471923
2.3666664657043106,0.2303834612632514,0.0299445994934231
2.4085543677521750,0.2303834612632514,0.0267237675451954
2.4504422698000385,0.2303834612632514,0.0217340827419113
2.4923301718479025,0.2303834612632514,0.0178485078416554
2.5342180738957665,0.2303834612632514,0.0188707263939025
2.5761059759436304,0.2303834612632514,0.0230410851453646
2.6179938779914940,0.2303834612632514,0.0251542554457149
2.6598817800393584,0.2303834612632514,0.0219057738317201
2.7017696820872219,0.2303834612632514,0.0127283202730271
2.7436575841350863,0.2303834612632514,0.0064499150617813
2.7855454861829498,0.2303834612632514,0.0199824333246129
2.8274333882308138,0.2303834612632514,0.0329681018236515
2.8693212902786778,0.2303834612632514,0.0401902425966871
2.9112091923265417,0.2303834612632514,0.0395592621658412
2.9530970943744053,0.2303834612632514,0.0304106973421134
2.9949849964222697,0.2303834612632514,0.0146722547811900
3.0368728984701332,0.2303834612632514,0.0117256070305398
3.0787608005179976,0.2303834612632514,0.0212415962656735
3.1206487025658611,0.2303834612632514,0.0157202740877838
0.0209439510239320,0.2722713633111153,0.0310376153494038
0.0628318530717960,0.2722713633111153,0.0127013432764053
0.1047197551196597,0.2722713633111153,0.0217778803664563
0.1466076571675237,0.2722713633111153,0.0219784023564005
0.1884955592153876,0.2722713633111153,0.0175355026093684
0.2303834612632514,0.2722713633111153,0.0173443409010081
0.2722713633111153,0.2722713633111153,0.0194599003982664
0.3141592653589793,0.2722713633111153,0.0210355675599907
0.3560471674068433,0.2722713633111153,0.0206173435823464
0.3979350694547070,0.2722713633111153,0.0170907419855065
0.4398229715025710,0.2722713633111153,0.0114343737744817
0.4817108735504350,0.2722713633111153,0.0080840265326924
0.5235987755982989,0.2722713633111153,0.0108757105755536
0.5654866776461627,0.2722713633111153,0.0146017637691435
0.6073745796940266,0.2722713633111153,0.0165297077844413
0.6492624817418906,0.2722713633111153,0.0167361371843193
0.6911503837897545,0.2722713633111153,0.0160689345476437
0.7330382858376183,0.2722713633111153,0.0152480482505430
0.7749261878854823,0.2722713633111153,0.0144370941036971
0.8168140899333461,0.2722713633111153,0.0134303035678187
0.8587019919812100,0.2722713633111153,0.0121585238439021
0.9005898940290740,0.2722713633111153,0.0109926254282746
0.9424777960769379,0.2722713633111153,0.0105966138880031
0.9843656981248019,0.2722713633111153,0.0112650261103299
1.0262536001726656,0.2722713633111153,0.0125391894011226
1.0681415022205296,0.2722713633111153,0.0137636984655937
1.1100294042683936,0.2722713633111153,0.0146158026976259
1.1519173063162575,0.2722713633111153,0.0152009679236502
1.1938052083641213,0.2722713633111153,0.0159442514474181
1.2356931104119853,0.2722713633111153,0.0173358719079302
1.2775810124598492,0.2722713633111153,0.0196191617980108
1.3194689145077132,0.2722713633111153,0.0226916270634650
1.3613568165555769,0.2722713633111153,0.0262709473306270
1.4032447186034409,0.2722713633111153,0.0300754826180778
1.4451326206513049,0.2722713633111153,0.0338853333362226
1.4870205226991688,0.2722713633111153,0.0375191046433450
1.5289084247470326,0.2722713633111153,0.0407839783578507
1.5707963267948966,0.2722713633111153,0.0434344403578044
1.6126842288427605,0.2722713633111153,0.0451572852605639
1.6545721308906245,0.2722713633111153,0.0455883098908562
1.6964600329384882,0.2722713633111153,0.0443583681216748
1.7383479349863524,0.2722713633111153,0.0411630934766846
1.7802358370342162,0.2722713633111153,0.0358497133245613
1.8221237390820799,0.2722713633111153,0.0285156563394364
1.8640116411299441,0.2722713633111153,0.0196345852181840
1.9058995431778079,0.2722713633111153,0.0104654670056288
1.9477874452256716,0.2722713633111153,0.0067670335515000
1.9896753472735358,0.2722713633111153,0.0131828507571837
2.0315632493213993,0.2722713633111153,0.0198942847664408
2.0734511513692637,0.2722713633111153,0.0242365493934136
2.1153390534171272,0.2722713633111153,0.0258782478553836
2.1572269554649912,0.2722713633111153,0.0255756559720011
2.1991148575128552,0.2722713633111153,0.0249821451197708
2.2410027595607191,0.2722713633111153,0.0257089838962513
2.2828906616085827,0.2722713633111153,0.0277227442168775
2.3247785636564471,0.2722713633111153,0.0293050096417030
2.3666664657043106,0.2722713633111153,0.0286090169017588
2.4085543677521750,0.2722713633111153,0.0248236580678825
2.4504422698000385,0.2722713633111153,0.0191028753613520
2.4923301718479025,0.2722713633111153,0.0163056587309834
2.5342180738957665,0.2722713633111153,0.0208484160694201
2.5761059759436304,0.2722713633111153,0.0270913968685523
2.6179938779914940,0.2722713633111153,0.0287167940297583
2.6598817800393584,0.2722713633111153,0.0227653763792562
2.7017696820872219,0.2722713633111153,0.0107579803212443
2.7436575841350863,0.2722713633111153,0.0140414858457824
2.7855454861829498,0.2722713633111153,0.0301461901418179
2.8274333882308138,0.2722713633111153,0.0409357665296075
2.8693212902786778,0.2722713633111153,0.0433450112443239
2.9112091923265417,0.2722713633111153,0.0394070013466623
2.9530970943744053,0.2722713633111153,0.0327948812903993
2.9949849964222697,0.2722713633111153,0.0234338654334392
3.0368728984701332,0.2722713633111153,0.0090325827952259
3.0787608005179976,0.2722713633111153,0.0079460334625080
3.1206487025658611,0.2722713633111153,0.0092336962864618
0.0209439510239320,0.3141592653589793,0.0229025796223012
0.0628318530717960,0.3141592653589793,0.0116214729996676
0.1047197551196597,0.3141592653589793,0.0177038962355170
0.1466076571675237,0.3141592653589793,0.0163458335759465
0.1884955592153876,0.3141592653589793,0.0174845877368831
0.2303834612632514,0.3141592653589793,0.0227661447913685
0.2722713633111153,0.3141592653589793,0.0267365831899364
0.3141592653589793,0.3141592653589793,0.0251533538035245
0.3560471674068433,0.3141592653589793,0.0170097849083686
0.3979350694547070,0.3141592653589793,0.0053955630998011
0.4398229715025710,0.3141592653589793,0.0109751758263486
0.4817108735504350,0.3141592653589793,0.0218726765634850
0.5235987755982989,0.3141592653589793,0.0283939586930427
0.5654866776461627,0.3141592653589793,0.0298225993564540
0.6073745796940266,0.3141592653589793,0.0270091184847351
0.6492624817418906,0.3141592653589793,0.0217087675798274
0.6911503837897545,0.3141592653589793,0.0160942183447392
0.7330382858376183,0.3141592653589793,0.0122888889326619
0.7749261878854823,0.3141592653589793,0.0111404240260083
0.8168140899333461,0.3141592653589793,0.0112612259917848
0.8587019919812100,0.3141592653589793,0.0112182771829852
0.9005898940290740,0.3141592653589793,0.0108919039696457
0.9424777960769379,0.3141592653589793,0.0108389612642749
0.9843656981248019,0.3141592653589793,0.0113166431390714
1.0262536001726656,0.3141592653589793,0.0118719122667370
1.0681415022205296,0.3141592653589793,0.0118147145032533
1.1100294042683936,0.3141592653589793,0.0107157414056939
1.1519173063162575,0.3141592653589793,0.0085349506303132
1.1938052083641213,0.3141592653589793,0.0055916186790619
1.2356931104119853,0.3141592653589793,0.0027471238061696
1.2775810124598492,0.3141592653589793,0.0029428591206267
1.3194689145077132,0.3141592653589793,0.0053577050990121
1.3613568165555769,0.3141592653589793,0.0074110915045170
1.4032447186034409,0.3141592653589793,0.0088032278425738
1.4451326206513049,0.3141592653589793,0.0098517010447229
1.4870205226991688,0.3141592653589793,0.0112248309617409
1.5289084247470326,0.3141592653589793,0.0135342445833290
1.5707963267948966,0.3141592653589793,0.0168703862731772
1.6126842288427605,0.3141592653589793,0.0208367423231701
1.6545721308906245,0.3141592653589793,0.0248591978740286
1.6964600329384882,0.3141592653589793,0.0283696962921510
1.7383479349863524,0.3141592653589793,0.0308735876022521
1.7802358370342162,0.3141592653589793,0.0319889905917137
1.8221237390820799,0.3141592653589793,0.0314945514951764
1.8640116411299441,0.3141592653589793,0.0293934175636845
1.9058995431778079,0.3141592653589793,0.0259820404609929
1.9477874452256716,0.3141592653589793,0.0218807123233848
1.9896753472735358,0.3141592653589793,0.0179185261778026
2.0315632493213993,0.3141592653589793,0.0147007323977372
2.0734511513692637,0.3141592653589793,0.0119861350252533
2.1153390534171272,0.3141592653589793,0.0087593465806637
2.1572269554649912,0.3141592653589793,0.0043311641877598
2.1991148575128552,0.3141592653589793,0.0035171881760737
2.2410027595607191,0.3141592653589793,0.0099728239611510
2.2828906616085827,0.3141592653589793,0.0161540527467111
2.3247785636564471,0.3141592653589793,0.0199429382992663
2.3666664657043106,0.3141592653589793,0.0198291206505296
2.4085543677521750,0.3141592653589793,0.0151040947118879
2.4504422698000385,0.3141592653589793,0.0069928359458277
2.4923301718479025,0.3141592653589793,0.0093258879590200
2.5342180738957665,0.3141592653589793,0.0207622111252583
2.5761059759436304,0.3141592653589793,0.0289631906166970
2.6179938779914940,0.3141592653589793,0.0296232868919638
2.6598817800393584,0.3141592653589793,0.0207455101967335
2.7017696820872219,0.3141592653589793,0.0054935432036901
2.7436575841350863,0.3141592653589793,0.0189157550112970
2.7855454861829498,0.3141592653589793,0.0358561372978807
2.8274333882308138,0.3141592653589793,0.0431227686902489
2.8693212902786778,0.3141592653589793,0.0389971593591337
2.9112091923265417,0.3141592653589793,0.0291017906648945
2.9530970943744053,0.3141592653589793,0.0251768735468687
2.9949849964222697,0.3141592653589793,0.0267728125741926
3.0368728984701332,0.3141592653589793,0.0208456923951074
3.0787608005179976,0.3141592653589793,0.0054506449985267
3.1206487025658611,0.3141592653589793,0.0116866445970272
0.0209439510239320,0.3560471674068433,0.0160863017947172
0.0628318530717960,0.3560471674068433,0.0080548833797932
0.1047197551196597,0.3560471674068433,0.0139291180244210
0.1466076571675237,0.3560471674068433,0.0158831320542540
0.1884955592153876,0.3560471674068433,0.0202010329428467
0.2303834612632514,0.3560471674068433,0.0247637179120796
0.2722713633111153,0.3560471674068433,0.0250179426928250
0.3141592653589793,0.3560471674068433,0.0209427622161201
0.3560471674068433,0.3560471674068433,0.0184678423228876
0.3979350694547070,0.3560471674068433,0.0229599202820803
0.4398229715025710,0.3560471674068433,0.0298199996228864
0.4817108735504350,0.3560471674068433,0.0342070182586348
0.5235987755982989,0.3560471674068433,0.0345230215445895
0.5654866776461627,0.3560471674068433,0.0308919212646197
0.6073745796940266,0.3560471674068433,0.0243066025109694
0.6492624817418906,0.3560471674068433,0.0161568937087974
0.6911503837897545,0.3560471674068433,0.0079995068937679
0.7330382858376183,0.3560471674068433,0.0031224334204942
0.7749261878854823,0.3560471674068433,0.0066881616089709
0.8168140899333461,0.3560471674068433,0.0099827664933558
0.8587019919812100,0.3560471674068433,0.0113205775032445
0.9005898940290740,0.3560471674068433,0.0109125189512540
0.9424777960769379,0.3560471674068433,0.0092854457482472
0.9843656981248019,0.3560471674068433,0.0071995945685459
1.0262536001726656,0.3560471674068433,0.0061522634707851
1.0681415022205296,0.3560471674068433,0.0080936326813347
1.1100294042683936,0.3560471674068433,0.0124431618078407
1.1519173063162575,0.3560471674068433,0.0178165911796854
1.1938052083641213,0.3560471674068433,0.0233606523539464
1.2356931104119853,0.3560471674068433,0.0284223478347060
1.2775810124598492,0.3560471674068433,0.0324681650455864
1.3194689145077132,0.3560471674068433,0.0351200812464318
1.3613568165555769,0.3560471674068433,0.0361895179543331
1.4032447186034409,0.3560471674068433,0.0356874407977515
1.4451326206513049,0.3560471674068433,0.0338172432743695
1.4870205226991688,0.3560471674068433,0.0309584503977132
1.5289084247470326,0.3560471674068433,0.0276368705305148
1.5707963267948966,0.3560471674068433,0.0244524751857587
1.6126842288427605,0.3560471674068433,0.0219113097306506
1.6545721308906245,0.3560471674068433,0.0201623938794341
1.6964600329384882,0.3560471674068433,0.0188472772342480
1.7383479349863524,0.3560471674068433,0.0172960369555950
1.7802358370342162,0.3560471674068433,0.0149110270068059
1.8221237390820799,0.3560471674068433,0.0114616765860597
1.8640116411299441,0.3560471674068433,0.0074121201607842
1.9058995431778079,0.3560471674068433,0.0054067742143376
1.9477874452256716,0.3560471674068433,0.0086899354843049
1.9896753472735358,0.3560471674068433,0.0135188003520479
2.0315632493213993,0.3560471674068433,0.0175372360151349
2.0734511513692637,0.3560471674068433,0.0198811141728568
2.1153390534171272,0.3560471674068433,0.0203475900506146
2.1572269554649912,0.3560471674068433,0.0195295894686057
2.1991148575128552,0.3560471674068433,0.0189390920130054
2.2410027595607191,0.3560471674068433,0.0200828603259882
2.2828906616085827,0.3560471674068433,0.0225085174050221
2.3247785636564471,0.3560471674068433,0.0239940250244991
2.3666664657043106,0.3560471674068433,0.0224134643789053
2.4085543677521750,0.3560471674068433,0.0169696827123666
2.4504422698000385,0.3560471674068433,0.0104770195673916
2.4923301718479025,0.3560471674068433,0.0144612344223989
2.5342180738957665,0.3560471674068433,0.0249418070900204
2.5761059759436304,0.3560471674068433,0.0317380755792798
2.6179938779914940,0.3560471674068433,0.0300233854250908
2.6598817800393584,0.3560471674068433,0.0180857315730978
2.7017696820872219,0.3560471674068433,0.0025663272495076
2.7436575841350863,0.3560471674068433,0.0237276727591810
2.7855454861829498,0.3560471674068433,0.0390518510694994
2.8274333882308138,0.3560471674068433,0.0417707295427866
2.8693212902786778,0.3560471674068433,0.0309933062805522
2.9112091923265417,0.3560471674068433,0.0140796861479786
2.9530970943744053,0.3560471674068433,0.0174075729163559
2.9949849964222697,0.3560471674068433,0.0280562587272246
3.0368728984701332,0.3560471674068433,0.0258345292694598
3.0787608005179976,0.3560471674068433,0.0095347869591043
3.1206487025658611,0.3560471674068433,0.0139606343752634
0.0209439510239320,0.3979350694547070,0.0140759917105664
0.0628318530717960,0.3979350694547070,0.0065544913140467
0.1047197551196597,0.3979350694547070,0.0160757965185915
0.1466076571675237,0.3979350694547070,0.0210066903497977
0.1884955592153876,0.3979350694547070,0.0222450302887971
0.2303834612632514,0.3979350694547070,0.0188010929505661
0.2722713633111153,0.3979350694547070,0.0170633678855889
0.3141592653589793,0.3979350694547070,0.0251499352426070
0.3560471674068433,0.3979350694547070,0.0344901321054141
0.3979350694547070,0.3979350694547070,0.0385451320219731
0.4398229715025710,0.3979350694547070,0.0366468476879114
0.4817108735504350,0.3979350694547070,0.0311989951495256
0.5235987755982989,0.3979350694547070,0.0255182995073563
0.5654866776461627,0.3979350694547070,0.0215601744259699
0.6073745796940266,0.3979350694547070,0.0185092203180867
0.6492624817418906,0.3979350694547070,0.0145400392569625
0.6911503837897545,0.3979350694547070,0.0093563159767638
0.7330382858376183,0.3979350694547070,0.0059924141710452
0.7749261878854823,0.3979350694547070,0.0089368432297831
0.8168140899333461,0.3979350694547070,0.0128277029644451
0.8587019919812100,0.3979350694547070,0.0141932795993958
0.9005898940290740,0.3979350694547070,0.0120830547425085
0.9424777960769379,0.3979350694547070,0.0065920463074296
0.9843656981248019,0.3979350694547070,0.0033736079705721
1.0262536001726656,0.3979350694547070,0.0130961106903155
1.0681415022205296,0.3979350694547070,0.0239305414281085
1.1100294042683936,0.3979350694547070,0.0339315407450604
1.1519173063162575,0.3979350694547070,0.0418979005570797
1.1938052083641213,0.3979350694547070,0.0470947224860451
1.2356931104119853,0.3979350694547070,0.0493344388710233
1.2775810124598492,0.3979350694547070,0.0489290123873002
1.3194689145077132,0.3979350694547070,0.0465052323555787
1.3613568165555769,0.3979350694547070,0.0427578041875204
1.4032447186034409,0.3979350694547070,0.0382589507480326
1.4451326206513049,0.3979350694547070,0.0334238246567825
1.4870205226991688,0.3979350694547070,0.0286471660366096
1.5289084247470326,0.3979350694547070,0.0245301703451073
1.5707963267948966,0.3979350694547070,0.0219999030107589
1.6126842288427605,0.3979350694547070,0.0219006629836130
1.6545721308906245,0.3979350694547070,0.0241010900829731
1.6964600329384882,0.3979350694547070,0.0275065511966738
1.7383479349863524,0.3979350694547070,0.0309175355483425
1.7802358370342162,0.3979350694547070,0.0334139591788799
1.8221237390820799,0.3979350694547070,0.0343350160549555
1.8640116411299441,0.3979350694547070,0.0332582587754776
1.9058995431778079,0.3979350694547070,0.0300764804207341
1.9477874452256716,0.3979350694547070,0.0251362163443543
1.9896753472735358,0.3979350694547070,0.0193994183239335
2.0315632493213993,0.3979350694547070,0.0146695277044304
2.0734511513692637,0.3979350694547070,0.0133670914378841
2.1153390534171272,0.3979350694547070,0.0158532991112728
2.1572269554649912,0.3979350694547070,0.0201340846785248
2.1991148575128552,0.3979350694547070,0.0250460380506435
2.2410027595607191,0.3979350694547070,0.0300300923513987
2.2828906616085827,0.3979350694547070,0.0341494603548410
2.3247785636564471,0.3979350694547070,0.0360164241479814
2.3666664657043106,0.3979350694547070,0.0344096460938632
2.4085543677521750,0.3979350694547070,0.0292812212141443
2.4504422698000385,0.3979350694547070,0.0233419121494247
2.4923301718479025,0.3979350694547070,0.0228718891126052
2.5342180738957665,0.3979350694547070,0.0285687701127634
2.5761059759436304,0.3979350694547070,0.0324380186610250
2.6179938779914940,0.3979350694547070,0.0283971784943947
2.6598817800393584,0.3979350694547070,0.0149919405086482
2.7017696820872219,0.3979350694547070,0.0090117363273691
2.7436575841350863,0.3979350694547070,0.0286102743222104
2.7855454861829498,0.3979350694547070,0.0411424630789641
2.8274333882308138,0.3979350694547070,0.0396156518675326
2.8693212902786778,0.3979350694547070,0.0239261414933668
2.9112091923265417,0.3979350694547070,0.0022497536521102
2.9530970943744053,0.3979350694547070,0.0215555269733716
2.9949849964222697,0.3979350694547070,0.0323087914680443
3.0368728984701332,0.3979350694547070,0.0278249643106821
3.0787608005179976,0.3979350694547070,0.0101311168730383
3.1206487025658611,0.3979350694547070,0.0171837182419125
0.0209439510239320,0.4398229715025710,0.0168502920548093
0.0628318530717960,0.4398229715025710,0.0079348101118603
0.1047197551196597,0.4398229715025710,0.0212155800261410
0.1466076571675237,0.4398229715025710,0.0265753358841006
0.1884955592153876,0.4398229715025710,0.0206353463039227
0.2303834612632514,0.4398229715025710,0.0054483036956908
0.2722713633111153,0.4398229715025710,0.0192626654915335
0.3141592653589793,0.4398229715025710,0.0371937044567282
0.3560471674068433,0.4398229715025710,0.0453696357614546
0.3979350694547070,0.4398229715025710,0.0419529282001410
0.4398229715025710,0.4398229715025710,0.0295583449016863
0.4817108735504350,0.4398229715025710,0.0143223975830287
0.5235987755982989,0.4398229715025710,0.0119865222876295
0.5654866776461627,0.4398229715025710,0.0211364965333831
0.6073745796940266,0.4398229715025710,0.0253000153324283
0.6492624817418906,0.4398229715025710,0.0225706041396967
0.6911503837897545,0.4398229715025710,0.0149840774232117
0.7330382858376183,0.4398229715025710,0.0087449994618550
0.7749261878854823,0.4398229715025710,0.0127503625173359
0.8168140899333461,0.4398229715025710,0.0179243903387677
0.8587019919812100,0.4398229715025710,0.0182106628014961
0.9005898940290740,0.4398229715025710,0.0125415115358313
0.9424777960769379,0.4398229715025710,0.0027937413843167
0.9843656981248019,0.4398229715025710,0.0127578873925547
1.0262536001726656,0.4398229715025710,0.0265953097959318
1.0681415022205296,0.4398229715025710,0.0375391831001149
1.1100294042683936,0.4398229715025710,0.0431421891205621
1.1519173063162575,0.4398229715025710,0.0422783278302464
1.1938052083641213,0.4398229715025710,0.0354258420175207
1.2356931104119853,0.4398229715025710,0.0247009327271226
1.2775810124598492,0.4398229715025710,0.0143676488022308
1.3194689145077132,0.4398229715025710,0.0130345217824592
1.3613568165555769,0.4398229715025710,0.0194239173695760
1.4032447186034409,0.4398229715025710,0.0246921363124418
1.4451326206513049,0.4398229715025710,0.0267827946195384
1.4870205226991688,0.4398229715025710,0.0260656848372986
1.5289084247470326,0.4398229715025710,0.0237484727044671
1.5707963267948966,0.4398229715025710,0.0213332933823332
1.6126842288427605,0.4398229715025710,0.0200362167104351
1.6545721308906245,0.4398229715025710,0.0199755076635592
1.6964600329384882,0.4398229715025710,0.0200457426575452
1.7383479349863524,0.4398229715025710,0.0188820250921186
1.7802358370342162,0.4398229715025710,0.0159279743120898
1.8221237390820799,0.4398229715025710,0.0127797287833091
1.8640116411299441,0.4398229715025710,0.0143305664820950
1.9058995431778079,0.4398229715025710,0.0211962761989303
1.9477874452256716,0.4398229715025710,0.0286609004979708
1.9896753472735358,0.4398229715025710,0.0335153572204980
2.0315632493213993,0.4398229715025710,0.0341569340560734
2.0734511513692637,0.4398229715025710,0.0302507927021365
2.1153390534171272,0.4398229715025710,0.0226907848527347
2.1572269554649912,0.4398229715025710,0.0143476721239000
2.1991148575128552,0.4398229715025710,0.0136138903152315
2.2410027595607191,0.4398229715025710,0.0223753099484142
2.2828906616085827,0.4398229715025710,0.0317997435104057
2.3247785636564471,0.4398229715025710,0.0379989517703507
2.3666664657043106,0.4398229715025710,0.0393219137765614
2.4085543677521750,0.4398229715025710,0.0356744807607205
2.4504422698000385,0.4398229715025710,0.0292414425213429
2.4923301718479025,0.4398229715025710,0.0250530309920892
2.5342180738957665,0.4398229715025710,0.0262946798278320
2.5761059759436304,0.4398229715025710,0.0276494202607968
2.6179938779914940,0.4398229715025710,0.0226006317949699
2.6598817800393584,0.4398229715025710,0.0092024146770479
2.7017696820872219,0.4398229715025710,0.0112757852748439
2.7436575841350863,0.4398229715025710,0.0302254583321454
2.7855454861829498,0.4398229715025710,0.0409632179733406
2.8274333882308138,0.4398229715025710,0.0379333636561793
2.8693212902786778,0.4398229715025710,0.0227655055361614
2.9112091923265417,0.4398229715025710,0.0156841656492022
2.9530970943744053,0.4398229715025710,0.0305713801798567
2.9949849964222697,0.4398229715025710,0.0371819611891951
3.0368728984701332,0.4398229715025710,0.0285317682846404
3.0787608005179976,0.4398229715025710,0.0112221971864476
3.1206487025658611,0.4398229715025710,0.0230671319342002
0.0209439510239320,0.4817108735504350,0.0220125577254465
0.0628318530717960,0.4817108735504350,0.0090383033102568
0.1047197551196597,0.4817108735504350,0.0254074419255844
0.1466076571675237,0.4817108735504350,0.0292743292337782
0.1884955592153876,0.4817108735504350,0.0185609249632772
0.2303834612632514,0.4817108735504350,0.0103191775396654
0.2722713633111153,0.4817108735504350,0.0293740294414717
0.3141592653589793,0.4817108735504350,0.0432082715908227
0.3560471674068433,0.4817108735504350,0.0446754176627072
0.3979350694547070,0.4817108735504350,0.0342738231764624
0.4398229715025710,0.4817108735504350,0.0167457032503324
0.4817108735504350,0.4817108735504350,0.0092991307708770
0.5235987755982989,0.4817108735504350,0.0238738839391262
0.5654866776461627,0.4817108735504350,0.0329804820609454
0.6073745796940266,0.4817108735504350,0.0328358025686961
0.6492624817418906,0.4817108735504350,0.0241602553223921
0.6911503837897545,0.4817108735504350,0.0109922405893878
0.7330382858376183,0.4817108735504350,0.0099159912019997
0.7749261878854823,0.4817108735504350,0.0204351902919051
0.8168140899333461,0.4817108735504350,0.0252548544415761
0.8587019919812100,0.4817108735504350,0.0219760157375915
0.9005898940290740,0.4817108735504350,0.0120507520843726
0.9424777960769379,0.4817108735504350,0.0083678436792542
0.9843656981248019,0.4817108735504350,0.0210484392387445
1.0262536001726656,0.4817108735504350,0.0305927021021102
1.0681415022205296,0.4817108735504350,0.0322536314363449
1.1100294042683936,0.4817108735504350,0.0259272909655658
1.1519173063162575,0.4817108735504350,0.0182849564343098
1.1938052083641213,0.4817108735504350,0.0237262120527674
1.2356931104119853,0.4817108735504350,0.0356967356302245
1.2775810124598492,0.4817108735504350,0.0426522940035181
1.3194689145077132,0.4817108735504350,0.0411245405116124
1.3613568165555769,0.4817108735504350,0.0320682819562382
1.4032447186034409,0.4817108735504350,0.0196877122665576
1.4451326206513049,0.4817108735504350,0.0137838748405771
1.4870205226991688,0.4817108735504350,0.0215538938401313
1.5289084247470326,0.4817108735504350,0.0312120037306626
1.5707963267948966,0.4817108735504350,0.0376686103433746
1.6126842288427605,0.4817108735504350,0.0393338080297927
1.6545721308906245,0.4817108735504350,0.0352654292749594
1.6964600329384882,0.4817108735504350,0.0255666511014819
1.7383479349863524,0.4817108735504350,0.0139758248093646
1.7802358370342162,0.4817108735504350,0.0160801532225679
1.8221237390820799,0.4817108735504350,0.0277006481680803
1.8640116411299441,0.4817108735504350,0.0342107217869264
1.9058995431778079,0.4817108735504350,0.0320399360712786
1.9477874452256716,0.4817108735504350,0.0226197877737088
1.9896753472735358,0.4817108735504350,0.0138963417239873
2.0315632493213993,0.4817108735504350,0.0191854741576539
2.0734511513692637,0.4817108735504350,0.0278473458596849
2.1153390534171272,0.4817108735504350,0.0306840031585846
2.1572269554649912,0.4817108735504350,0.0261178882300904
2.1991148575128552,0.4817108735504350,0.0156073539838701
2.2410027595607191,0.4817108735504350,0.0056531585418032
2.2828906616085827,0.4817108735504350,0.0156040904930835
2.3247785636564471,0.4817108735504350,0.0266676952737939
2.3666664657043106,0.4817108735504350,0.0326084980194076
2.4085543677521750,0.4817108735504350,0.0323304009491196
2.4504422698000385,0.4817108735504350,0.0269928948060241
2.4923301718479025,0.4817108735504350,0.0203398348118633
2.5342180738957665,0.4817108735504350,0.0175654735121632
2.5761059759436304,0.4817108735504350,0.0180017992809270
2.6179938779914940,0.4817108735504350,0.0154490242605998
2.6598817800393584,0.4817108735504350,0.0079974253658474
2.7017696820872219,0.4817108735504350,0.0118856039563602
2.7436575841350863,0.4817108735504350,0.0263668395817257
2.7855454861829498,0.4817108735504350,0.0359640954306497
2.8274333882308138,0.4817108735504350,0.0349893459263907
2.8693212902786778,0.4817108735504350,0.0257796280512021
2.9112091923265417,0.4817108735504350,0.0253876205826441
2.9530970943744053,0.4817108735504350,0.0363824886199344
2.9949849964222697,0.4817108735504350,0.0389468070244376
3.0368728984701332,0.4817108735504350,0.0271118125106347
3.0787608005179976,0.4817108735504350,0.0154282198579287
3.1206487025658611,0.4817108735504350,0.0314569899988324
0.0209439510239320,0.5235987755982989,0.0276850178027139
0.0628318530717960,0.5235987755982989,0.0089167745421485
0.1047197551196597,0.5235987755982989,0.0264850322342793
0.1466076571675237,0.5235987755982989,0.0292912159235929
0.1884955592153876,0.5235987755982989,0.0215973911908523
0.2303834612632514,0.5235987755982989,0.0228502867204381
0.2722713633111153,0.5235987755982989,0.0337611983333570
0.3141592653589793,0.5235987755982989,0.0385174428742067
0.3560471674068433,0.5235987755982989,0.0337710071818782
0.3979350694547070,0.5235987755982989,0.0243263001358801
0.4398229715025710,0.5235987755982989,0.0219213074129291
0.4817108735504350,0.5235987755982989,0.0300872647142386
0.5235987755982989,0.5235987755982989,0.0374295836709419
0.5654866776461627,0.5235987755982989,0.0376454977497026
0.6073745796940266,0.5235987755982989,0.0292189117445932
0.6492624817418906,0.5235987755982989,0.0138992666922272
0.6911503837897545,0.5235987755982989,0.0058416225336160
0.7330382858376183,0.5235987755982989,0.0215068393998894
0.7749261878854823,0.5235987755982989,0.0310222982095439
0.8168140899333461,0.5235987755982989,0.0314603082646992
0.8587019919812100,0.5235987755982989,0.0237889965279655
0.9005898940290740,0.5235987755982989,0.0144377974948402
0.9424777960769379,0.5235987755982989,0.0171310884908900
0.9843656981248019,0.5235987755982989,0.0258341956367036
1.0262536001726656,0.5235987755982989,0.0324234600811537
1.0681415022205296,0.5235987755982989,0.0399978644701274
1.1100294042683936,0.5235987755982989,0.0500209188390362
1.1519173063162575,0.5235987755982989,0.0553775911094088
1.1938052083641213,0.5235987755982989,0.0477831598008993
1.2356931104119853,0.5235987755982989,0.0263770389224357
1.2775810124598492,0.5235987755982989,0.0016970131203527
1.3194689145077132,0.5235987755982989,0.0136570863164271
1.3613568165555769,0.5235987755982989,0.0078671496126927
1.4032447186034409,0.5235987755982989,0.0226109902697243
1.4451326206513049,0.5235987755982989,0.0512029404825488
1.4870205226991688,0.5235987755982989,0.0699153099914564
1.5289084247470326,0.5235987755982989,0.0759080885703692
1.5707963267948966,0.5235987755982989,0.0734762662993803
1.6126842288427605,0.5235987755982989,0.0647064545610830
1.6545721308906245,0.5235987755982989,0.0459923563954213
1.6964600329384882,0.5235987755982989,0.0161233188674311
1.7383479349863524,0.5235987755982989,0.0330041797467086
1.7802358370342162,0.5235987755982989,0.0634440999769032
1.8221237390820799,0.5235987755982989,0.0668105363315527
1.8640116411299441,0.5235987755982989,0.0408002643602023
1.9058995431778079,0.5235987755982989,0.0082403277852476
1.9477874452256716,0.5235987755982989,0.0373991066487612
1.9896753472735358,0.5235987755982989,0.0548590658019776
2.0315632493213993,0.5235987755982989,0.0537941441795135
2.0734511513692637,0.5235987755982989,0.0414225015674778
2.1153390534171272,0.5235987755982989,0.0281503724375897
2.1572269554649912,0.5235987755982989,0.0211356378343601
2.1991148575128552,0.5235987755982989,0.0173809848360267
2.2410027595607191,0.5235987755982989,0.0109922084130149
2.2828906616085827,0.5235987755982989,0.0034959830680100
2.3247785636564471,0.5235987755982989,0.0106709799017915
2.3666664657043106,0.5235987755982989,0.0183480142090943
2.4085543677521750,0.5235987755982989,0.0213036448505907
2.4504422698000385,0.5235987755982989,0.0188299417972218
2.4923301718479025,0.5235987755982989,0.0121289680548598
2.5342180738957665,0.5235987755982989,0.0053335865094278
2.5761059759436304,0.5235987755982989,0.0096022289899105
2.6179938779914940,0.5235987755982989,0.0158035912925904
2.6598817800393584,0.5235987755982989,0.0180253221810852
2.7017696820872219,0.5235987755982989,0.0170797395111087
2.7436575841350863,0.5235987755982989,0.0190840302418890
2.7855454861829498,0.5235987755982989,0.0251353890283011
2.8274333882308138,0.5235987755982989,0.0281361602366626
2.8693212902786778,0.5235987755982989,0.0267736011654215
2.9112091923265417,0.5235987755982989,0.0295503454628166
2.9530970943744053,0.5235987755982989,0.0368802879704355
2.9949849964222697,0.5235987755982989,0.0362036436635770
3.0368728984701332,0.5235987755982989,0.0227200730511640
3.0787608005179976,0.5235987755982989,0.0204866726041690
3.1206487025658611,0.5235987755982989,0.0407474766865848
0.0209439510239320,0.5654866776461627,0.0329954012847221
0.0628318530717960,0.5654866776461627,0.0076892298991866
0.1047197551196597,0.5654866776461627,0.0241734043788003
0.1466076571675237,0.5654866776461627,0.0281364141479357
0.1884955592153876,0.5654866776461627,0.0267637798858490
0.2303834612632514,0.5654866776461627,0.0286242986908655
0.2722713633111153,0.5654866776461627,0.0293267775873318
0.3141592653589793,0.5654866776461627,0.0244524000730079
0.3560471674068433,0.5654866776461627,0.0197128488272335
0.3979350694547070,0.5654866776461627,0.0254078519377981
0.4398229715025710,0.5654866776461627,0.0350666962052831
0.4817108735504350,0.5654866776461627,0.0402173690849676
0.5235987755982989,0.5654866776461627,0.0380553170209872
0.5654866776461627,0.5654866776461627,0.0285244006354677
0.6073745796940266,0.5654866776461627,0.0131884446725214
0.6492624817418906,0.5654866776461627,0.0049619359757924
0.6911503837897545,0.5654866776461627,0.0218326478570156
0.7330382858376183,0.5654866776461627,0.0332948977953624
0.7749261878854823,0.5654866776461627,0.0367051138691906
0.8168140899333461,0.5654866776461627,0.0323020506099255
0.8587019919812100,0.5654866776461627,0.0244033576820357
0.9005898940290740,0.5654866776461627,0.0223115072404041
0.9424777960769379,0.5654866776461627,0.0308086795060671
0.9843656981248019,0.5654866776461627,0.0443306026073946
1.0262536001726656,0.5654866776461627,0.0569482831425359
1.0681415022205296,0.5654866776461627,0.0591995465660009
1.1100294042683936,0.5654866776461627,0.0437750574721465
1.1519173063162575,0.5654866776461627,0.0261517526609802
1.1938052083641213,0.5654866776461627,0.0192140503815387
1.2356931104119853,0.5654866776461627,0.0534463670178955
1.2775810124598492,0.5654866776461627,0.1011851070745884
1.3194689145077132,0.5654866776461627,0.0085175892628538
1.3613568165555769,0.5654866776461627,0.1145196251978608
1.4032447186034409,0.5654866776461627,0.1558638435967273
1.4451326206513049,0.5654866776461627,0.0720278081664948
1.4870205226991688,0.5654866776461627,0.7445199931866573
1.5289084247470326,0.5654866776461627,0.4956307131232719
1.5707963267948966,0.5654866776461627,0.1607150421090441
1.6126842288427605,0.5654866776461627,0.5142036259182398
1.6545721308906245,0.5654866776461627,0.7080837959811902
1.6964600329384882,0.5654866776461627,0.1510382629463303
1.7383479349863524,0.5654866776461627,0.1537233995373344
1.7802358370342162,0.5654866776461627,0.1221127157545326
1.8221237390820799,0.5654866776461627,0.0032960339532961
1.8640116411299441,0.5654866776461627,0.0748763973728622
1.9058995431778079,0.5654866776461627,0.0160117308971607
1.9477874452256716,0.5654866776461627,0.0568732778360022
1.9896753472735358,0.5654866776461627,0.0391851879258624
2.0315632493213993,0.5654866776461627,0.0418232098362013
2.0734511513692637,0.5654866776461627,0.0677805446725009
2.1153390534171272,0.5654866776461627,0.0695792163564129
2.1572269554649912,0.5654866776461627,0.0521223156267835
2.1991148575128552,0.5654866776461627,0.0281389750804228
2.2410027595607191,0.5654866776461627,0.0070141173868985
2.2828906616085827,0.5654866776461627,0.0070860810408584
2.3247785636564471,0.5654866776461627,0.0138253063522577
2.3666664657043106,0.5654866776461627,0.0151638441598216
2.4085543677521750,0.5654866776461627,0.0138142414059664
2.4504422698000385,0.5654866776461627,0.0115834661228406
2.4923301718479025,0.5654866776461627,0.0083677876410896
2.5342180738957665,0.5654866776461627,0.0059724086897622
2.5761059759436304,0.5654866776461627,0.0118951382412930
2.6179938779914940,0.5654866776461627,0.0204271753926733
2.6598817800393584,0.5654866776461627,0.0254450846754051
2.7017696820872219,0.5654866776461627,0.0237468280848253
2.7436575841350863,0.5654866776461627,0.0160028739453476
2.7855454861829498,0.5654866776461627,0.0108720369059424
2.8274333882308138,0.5654866776461627,0.0168123117512258
2.8693212902786778,0.5654866776461627,0.0227932716795204
2.9112091923265417,0.5654866776461627,0.0276808046169740
2.9530970943744053,0.5654866776461627,0.0321582610727782
2.9949849964222697,0.5654866776461627,0.0295160041059853
3.0368728984701332,0.5654866776461627,0.0158720594612496
3.0787608005179976,0.5654866776461627,0.0243602290309898
3.1206487025658611,0.5654866776461627,0.0489783836147308
0.0209439510239320,0.6073745796940266,0.0375579458479847
0.0628318530717960,0.6073745796940266,0.0073566198499924
0.1047197551196597,0.6073745796940266,0.0195894881972201
0.1466076571675237,0.6073745796940266,0.0261652797123504
0.1884955592153876,0.6073745796940266,0.0286519009665170
0.2303834612632514,0.6073745796940266,0.0272494572429716
0.2722713633111153,0.6073745796940266,0.0186685492704647
0.3141592653589793,0.6073745796940266,0.0056541564770728
0.3560471674068433,0.6073745796940266,0.0171744915540993
0.3979350694547070,0.6073745796940266,0.0316871511116478
0.4398229715025710,0.6073745796940266,0.0384989677630606
0.4817108735504350,0.6073745796940266,0.0357014109410238
0.5235987755982989,0.6073745796940266,0.0245420465464531
0.5654866776461627,0.6073745796940266,0.0085429191580312
0.6073745796940266,0.6073745796940266,0.0091536194102267
0.6492624817418906,0.6073745796940266,0.0230891301677049
0.6911503837897545,0.6073745796940266,0.0318966600066453
0.7330382858376183,0.6073745796940266,0.0349331314084639
0.7749261878854823,0.6073745796940266,0.0332576630125036
0.8168140899333461,0.6073745796940266,0.0293682872439544
0.8587019919812100,0.6073745796940266,0.0283264076511567
0.9005898940290740,0.6073745796940266,0.0355484846954033
0.9424777960769379,0.6073745796940266,0.0468887874255788
0.9843656981248019,0.6073745796940266,0.0490718155096859
1.0262536001726656,0.6073745796940266,0.0346749824142346
1.0681415022205296,0.6073745796940266,0.0395256102782164
1.1100294042683936,0.6073745796940266,0.0273229280412934
1.1519173063162575,0.6073745796940266,0.0881533803605060
1.1938052083641213,0.6073745796940266,0.0893763915581064
1.2356931104119853,0.6073745796940266,0.1245656743966535
1.2775810124598492,0.6073745796940266,0.5061039924898439
1.3194689145077132,0.6073745796940266,0.1338294805587273
1.3613568165555769,0.6073745796940266,0.0762218833053753
1.4032447186034409,0.6073745796940266,0.0358927181856697
1.4451326206513049,0.6073745796940266,0.0566972467414302
1.4870205226991688,0.6073745796940266,0.0325023372436960
1.5289084247470326,0.6073745796940266,0.0115363275356910
1.5707963267948966,0.6073745796940266,0.0055655856668577
1.6126842288427605,0.6073745796940266,0.0137167876572663
1.6545721308906245,0.6073745796940266,0.0339167965181784
1.6964600329384882,0.6073745796940266,0.0524615079162166
1.7383479349863524,0.6073745796940266,0.0156038370550773
1.7802358370342162,0.6073745796940266,0.1343908662272354
1.8221237390820799,0.6073745796940266,0.0413764584896649
1.8640116411299441,0.6073745796940266,0.5759043066052597
1.9058995431778079,0.6073745796940266,0.1473551899664872
1.9477874452256716,0.6073745796940266,0.0574339126695206
1.9896753472735358,0.6073745796940266,0.0811803526991161
2.0315632493213993,0.6073745796940266,0.0495515090921401
2.0734511513692637,0.6073745796940266,0.0517912572636105
2.1153390534171272,0.6073745796940266,0.0406150541561524
2.1572269554649912,0.6073745796940266,0.0692167641170168
2.1991148575128552,0.6073745796940266,0.0686643843781467
2.2410027595607191,0.6073745796940266,0.0470470027454379
2.2828906616085827,0.6073745796940266,0.0238684183792789
2.3247785636564471,0.6073745796940266,0.0190040219265982
2.3666664657043106,0.6073745796940266,0.0240925173609614
2.4085543677521750,0.6073745796940266,0.0230888082225410
2.4504422698000385,0.6073745796940266,0.0172369557828828
2.4923301718479025,0.6073745796940266,0.0122978861715811
2.5342180738957665,0.6073745796940266,0.0119425140218053
2.5761059759436304,0.6073745796940266,0.0148448144824832
2.6179938779914940,0.6073745796940266,0.0197076538507452
2.6598817800393584,0.6073745796940266,0.0242390306952811
2.7017696820872219,0.6073745796940266,0.0248874151522425
2.7436575841350863,0.6073745796940266,0.0192504392318384
2.7855454861829498,0.6073745796940266,0.0081533287673742
2.8274333882308138,0.6073745796940266,0.0051657202295936
2.8693212902786778,0.6073745796940266,0.0149717188954405
2.9112091923265417,0.6073745796940266,0.0208446328612022
2.9530970943744053,0.6073745796940266,0.0238065582565270
2.9949849964222697,0.6073745796940266,0.0209514384798141
3.0368728984701332,0.6073745796940266,0.0082445703045180
3.0787608005179976,0.6073745796940266,0.0264011189903315
3.1206487025658611,0.6073745796940266,0.0546914594873135
0.0209439510239320,0.6492624817418906,0.0410452768147222
0.0628318530717960,0.6492624817418906,0.0104808026819735
0.1047197551196597,0.6492624817418906,0.0144390150768988
0.1466076571675237,0.6492624817418906,0.0224140503134249
0.1884955592153876,0.6492624817418906,0.0254507728971771
0.2303834612632514,0.6492624817418906,0.0215052849952014
0.2722713633111153,0.6492624817418906,0.0119400945008383
0.3141592653589793,0.6492624817418906,0.0128072711718883
0.3560471674068433,0.6492624817418906,0.0243178803895193
0.3979350694547070,0.6492624817418906,0.0306872088613219
0.4398229715025710,0.6492624817418906,0.0285236668166442
0.4817108735504350,0.6492624817418906,0.0191754408008292
0.5235987755982989,0.6492624817418906,0.0106850909841789
0.5654866776461627,0.6492624817418906,0.0180357522813197
0.6073745796940266,0.6492624817418906,0.0269823197635515
0.6492624817418906,0.6492624817418906,0.0294974702341193
0.6911503837897545,0.6492624817418906,0.0268840198136535
0.7330382858376183,0.6492624817418906,0.0249546000291505
0.7749261878854823,0.6492624817418906,0.0268191993482438
0.8168140899333461,0.6492624817418906,0.0310361439379354
0.8587019919812100,0.6492624817418906,0.0370718013004660
0.9005898940290740,0.6492624817418906,0.0372458232353314
0.9424777960769379,0.6492624817418906,0.0160895508311212
0.9843656981248019,0.6492624817418906,0.0446021997692142
1.0262536001726656,0.6492624817418906,0.0418781522105219
1.0681415022205296,0.6492624817418906,0.0740898031107220
1.1100294042683936,0.6492624817418906,0.1830897037369026
1.1519173063162575,0.6492624817418906,0.2091228946026180
1.1938052083641213,0.6492624817418906,0.1695762390485439
1.2356931104119853,0.6492624817418906,0.0288199766145418
1.2775810124598492,0.6492624817418906,0.0444777495447268
1.3194689145077132,0.6492624817418906,0.0422319162199347
1.3613568165555769,0.6492624817418906,0.0520622862699002
1.4032447186034409,0.6492624817418906,0.0319152888502709
1.4451326206513049,0.6492624817418906,0.0134141584202015
1.4870205226991688,0.6492624817418906,0.0010078101607224
1.5289084247470326,0.6492624817418906,0.0076918265483251
1.5707963267948966,0.6492624817418906,0.0142147435914670
1.6126842288427605,0.6492624817418906,0.0189471774963166
1.6545721308906245,0.6492624817418906,0.0208667665544628
1.6964600329384882,0.6492624817418906,0.0174988957529186
1.7383479349863524,0.6492624817418906,0.0059335802734063
1.7802358370342162,0.6492624817418906,0.0145631919911237
1.8221237390820799,0.6492624817418906,0.0137077671984338
1.8640116411299441,0.6492624817418906,0.0557677652388793
1.9058995431778079,0.6492624817418906,0.0161983400696473
1.9477874452256716,0.6492624817418906,0.1047007443166242
1.9896753472735358,0.6492624817418906,0.0603250128929993
2.0315632493213993,0.6492624817418906,0.1268940018322443
2.0734511513692637,0.6492624817418906,0.0842397271777258
2.1153390534171272,0.6492624817418906,0.0566243886955669
2.1572269554649912,0.6492624817418906,0.0409127029939475
2.1991148575128552,0.6492624817418906,0.0375932378040066
2.2410027595607191,0.6492624817418906,0.0708696165235949
2.2828906616085827,0.6492624817418906,0.0636772474682423
2.3247785636564471,0.6492624817418906,0.0413206700220608
2.3666664657043106,0.6492624817418906,0.0293173200442722
2.4085543677521750,0.6492624817418906,0.0306237979020355
2.4504422698000385,0.6492624817418906,0.0275734515372153
2.4923301718479025,0.6492624817418906,0.0176185144488224
2.5342180738957665,0.6492624817418906,0.0102871400874204
2.5761059759436304,0.6492624817418906,0.0126383036386434
2.6179938779914940,0.6492624817418906,0.0136363303655939
2.6598817800393584,0.6492624817418906,0.0132825465326549
2.7017696820872219,0.6492624817418906,0.0164593078264214
2.7436575841350863,0.6492624817418906,0.0190827954358112
2.7855454861829498,0.6492624817418906,0.0169119438572612
2.8274333882308138,0.6492624817418906,0.0118512232783688
2.8693212902786778,0.6492624817418906,0.0103918286064693
2.9112091923265417,0.6492624817418906,0.0129892660798898
2.9530970943744053,0.6492624817418906,0.0154688159488169
2.9949849964222697,0.6492624817418906,0.0140995036804461
3.0368728984701332,0.6492624817418906,0.0017216151249522
3.0787608005179976,0.6492624817418906,0.0270451252388078
3.1206487025658611,0.6492624817418906,0.0570169902900182
0.0209439510239320,0.6911503837897545,0.0430504307336646
0.0628318530717960,0.6911503837897545,0.0153406372859441
0.1047197551196597,0.6911503837897545,0.0107495724222818
0.1466076571675237,0.6911503837897545,0.0162637679024636
0.1884955592153876,0.6911503837897545,0.0181751411978683
0.2303834612632514,0.6911503837897545,0.0169433574780652
0.2722713633111153,0.6911503837897545,0.0195391675503230
0.3141592653589793,0.6911503837897545,0.0254283399190612
0.3560471674068433,0.6911503837897545,0.0266391982488772
0.3979350694547070,0.6911503837897545,0.0196210586141277
0.4398229715025710,0.6911503837897545,0.0087126915856312
0.4817108735504350,0.6911503837897545,0.0163956400770178
0.5235987755982989,0.6911503837897545,0.0291111423624303
0.5654866776461627,0.6911503837897545,0.0343371716943400
0.6073745796940266,0.6911503837897545,0.0295039423939845
0.6492624817418906,0.6911503837897545,0.0172852771703715
0.6911503837897545,0.6911503837897545,0.0097414366231589
0.7330382858376183,0.6911503837897545,0.0188131519212471
0.7749261878854823,0.6911503837897545,0.0305281724588542
0.8168140899333461,0.6911503837897545,0.0392448911689516
0.8587019919812100,0.6911503837897545,0.0294960857666354
0.9005898940290740,0.6911503837897545,0.0295821175883471
0.9424777960769379,0.6911503837897545,0.0798258643777411
0.9843656981248019,0.6911503837897545,0.0271029052952345
1.0262536001726656,0.6911503837897545,0.1121063365684448
1.0681415022205296,0.6911503837897545,0.0829132405135193
1.1100294042683936,0.6911503837897545,0.0236085155893271
1.1519173063162575,0.6911503837897545,0.0733805176887445
1.1938052083641213,0.6911503837897545,0.0240889473001255
1.2356931104119853,0.6911503837897545,0.0329634876292169
1.2775810124598492,0.6911503837897545,0.0024847559561592
1.3194689145077132,0.6911503837897545,0.0097503327627277
1.3613568165555769,0.6911503837897545,0.0072849913081517
1.4032447186034409,0.6911503837897545,0.0047737962491306
1.4451326206513049,0.6911503837897545,0.0063073600952070
1.4870205226991688,0.6911503837897545,0.0086199075752058
1.5289084247470326,0.6911503837897545,0.0107677077040294
1.5707963267948966,0.6911503837897545,0.0125551244276252
1.6126842288427605,0.6911503837897545,0.0136688989962947
1.6545721308906245,0.6911503837897545,0.0145084320599133
1.6964600329384882,0.6911503837897545,0.0174439494037037
1.7383479349863524,0.6911503837897545,0.0255085467034293
1.7802358370342162,0.6911503837897545,0.0380620476567428
1.8221237390820799,0.6911503837897545,0.0490263439114596
1.8640116411299441,0.6911503837897545,0.0443897800602490
1.9058995431778079,0.6911503837897545,0.0160081592184824
1.9477874452256716,0.6911503837897545,0.0165074576229363
1.9896753472735358,0.6911503837897545,0.0697546154423258
2.0315632493213993,0.6911503837897545,0.0121786284372099
2.0734511513692637,0.6911503837897545,0.1770442485815316
2.1153390534171272,0.6911503837897545,0.0549628126180471
2.1572269554649912,0.6911503837897545,0.0247254341082261
2.1991148575128552,0.6911503837897545,0.0817547338250298
2.2410027595607191,0.6911503837897545,0.0181855961677668
2.2828906616085827,0.6911503837897545,0.0669978795219820
2.3247785636564471,0.6911503837897545,0.0750126995218721
2.3666664657043106,0.6911503837897545,0.0496651570164102
2.4085543677521750,0.6911503837897545,0.0303412504176908
2.4504422698000385,0.6911503837897545,0.0326319274924358
2.4923301718479025,0.6911503837897545,0.0264935239172669
2.5342180738957665,0.6911503837897545,0.0081953907259236
2.5761059759436304,0.6911503837897545,0.0097612697687124
2.6179938779914940,0.6911503837897545,0.0173749374513859
2.6598817800393584,0.6911503837897545,0.0129269389589194
2.7017696820872219,0.6911503837897545,0.0014263367553209
2.7436575841350863,0.6911503837897545,0.0109268205123530
2.7855454861829498,0.6911503837897545,0.0179566118042729
2.8274333882308138,0.6911503837897545,0.0185689258322266
2.8693212902786778,0.6911503837897545,0.0153480233474212
2.9112091923265417,0.6911503837897545,0.0128804704989072
2.9530970943744053,0.6911503837897545,0.0133807764727154
2.9949849964222697,0.6911503837897545,0.0121492332901410
3.0368728984701332,0.6911503837897545,0.0037416869834001
3.0787608005179976,0.6911503837897545,0.0273864242811111
3.1206487025658611,0.6911503837897545,0.0552167027303627
0.0209439510239320,0.7330382858376183,0.0432347990311267
0.0628318530717960,0.7330382858376183,0.0195781679139293
0.1047197551196597,0.7330382858376183,0.0103795079224367
0.1466076571675237,0.7330382858376183,0.0086767556272414
0.1884955592153876,0.7330382858376183,0.0098232860806687
0.2303834612632514,0.7330382858376183,0.0173669941910830
0.2722713633111153,0.7330382858376183,0.0267241164753365
0.3141592653589793,0.7330382858376183,0.0301701906580210
0.3560471674068433,0.7330382858376183,0.0232640757989775
0.3979350694547070,0.7330382858376183,0.0084694518300273
0.4398229715025710,0.7330382858376183,0.0187322626278492
0.4817108735504350,0.7330382858376183,0.0363750269897018
0.5235987755982989,0.7330382858376183,0.0426197954705949
0.5654866776461627,0.7330382858376183,0.0332058635386573
0.6073745796940266,0.7330382858376183,0.0119103155275849
0.6492624817418906,0.7330382858376183,0.0102340254468997
0.6911503837897545,0.7330382858376183,0.0204938776457544
0.7330382858376183,0.7330382858376183,0.0280370264884272
0.7749261878854823,0.7330382858376183,0.0410882510784948
0.8168140899333461,0.7330382858376183,0.0355805631350252
0.8587019919812100,0.7330382858376183,0.0670000672512148
0.9005898940290740,0.7330382858376183,0.0834356086795777
0.9424777960769379,0.7330382858376183,0.0773292784968384
0.9843656981248019,0.7330382858376183,0.0217362772947819
1.0262536001726656,0.7330382858376183,1.0788430716383859
1.0681415022205296,0.7330382858376183,0.0391575943376643
1.1100294042683936,0.7330382858376183,0.0252214743200984
1.1519173063162575,0.7330382858376183,0.0121964509597505
1.1938052083641213,0.7330382858376183,0.0203974892284433
1.2356931104119853,0.7330382858376183,0.0126663776955535
1.2775810124598492,0.7330382858376183,0.0060516002007748
1.3194689145077132,0.7330382858376183,0.0155872092664419
1.3613568165555769,0.7330382858376183,0.0207761653660731
1.4032447186034409,0.7330382858376183,0.0224024916594209
1.4451326206513049,0.7330382858376183,0.0224053559129731
1.4870205226991688,0.7330382858376183,0.0224497362387039
1.5289084247470326,0.7330382858376183,0.0234432187684507
1.5707963267948966,0.7330382858376183,0.0251594153430642
1.6126842288427605,0.7330382858376183,0.0265750258010883
1.6545721308906245,0.7330382858376183,0.0265210021720865
1.6964600329384882,0.7330382858376183,0.0240137291545666
1.7383479349863524,0.7330382858376183,0.0182785367248869
1.7802358370342162,0.7330382858376183,0.0086511846414475
1.8221237390820799,0.7330382858376183,0.0061701760571920
1.8640116411299441,0.7330382858376183,0.0257030283014302
1.9058995431778079,0.7330382858376183,0.0478170375052719
1.9477874452256716,0.7330382858376183,0.0567926647412456
1.9896753472735358,0.7330382858376183,0.0226807222800257
2.0315632493213993,0.7330382858376183,0.0081613753029633
2.0734511513692637,0.7330382858376183,0.0333887083942712
2.1153390534171272,0.7330382858376183,1.1767730971521240
2.1572269554649912,0.7330382858376183,0.0515459985226903
2.1991148575128552,0.7330382858376183,0.0839045213135803
2.2410027595607191,0.7330382858376183,0.0932141435447877
2.2828906616085827,0.7330382858376183,0.0599153013108327
2.3247785636564471,0.7330382858376183,0.0645695318585836
2.3666664657043106,0.7330382858376183,0.0776367558689978
2.4085543677521750,0.7330382858376183,0.0424604311099447
2.4504422698000385,0.7330382858376183,0.0254296274376117
2.4923301718479025,0.7330382858376183,0.0372116750959639
2.5342180738957665,0.7330382858376183,0.0255754348455758
2.5761059759436304,0.7330382858376183,0.0171995790260430
2.6179938779914940,0.7330382858376183,0.0305131076977500
2.6598817800393584,0.7330382858376183,0.0335749018649726
2.7017696820872219,0.7330382858376183,0.0242003929604342
2.7436575841350863,0.7330382858376183,0.0097700325872973
2.7855454861829498,0.7330382858376183,0.0097765447928754
2.8274333882308138,0.7330382858376183,0.0175538328562257
2.8693212902786778,0.7330382858376183,0.0196679946203283
2.9112091923265417,0.7330382858376183,0.0183252006910867
2.9530970943744053,0.7330382858376183,0.0167276337185449
2.9949849964222697,0.7330382858376183,0.0121427463003424
3.0368728984701332,0.7330382858376183,0.0101855291749933
3.0787608005179976,0.7330382858376183,0.0271027125830614
3.1206487025658611,0.7330382858376183,0.0491979084984523
0.0209439510239320,0.7749261878854823,0.0414414745738290
0.0628318530717960,0.7749261878854823,0.0222213850959813
0.1047197551196597,0.7749261878854823,0.0121660474744224
0.1466076571675237,0.7749261878854823,0.0040017158784224
0.1884955592153876,0.7749261878854823,0.0065426106845482
0.2303834612632514,0.7749261878854823,0.0185248261160372
0.2722713633111153,0.7749261878854823,0.0271903816454059
0.3141592653589793,0.7749261878854823,0.0279159398309981
0.3560471674068433,0.7749261878854823,0.0216432181538430
0.3979350694547070,0.7749261878854823,0.0232674109816602
0.4398229715025710,0.7749261878854823,0.0376749373507670
0.4817108735504350,0.7749261878854823,0.0463372895615617
0.5235987755982989,0.7749261878854823,0.0379390118691580
0.5654866776461627,0.7749261878854823,0.0117306520270901
0.6073745796940266,0.7749261878854823,0.0218999488083052
0.6492624817418906,0.7749261878854823,0.0373927879522536
0.6911503837897545,0.7749261878854823,0.0300650060042961
0.7330382858376183,0.7749261878854823,0.0374024787345181
0.7749261878854823,0.7749261878854823,0.0395485634929731
0.8168140899333461,0.7749261878854823,0.0846293731215951
0.8587019919812100,0.7749261878854823,0.0645101138105559
0.9005898940290740,0.7749261878854823,0.0506532486771474
0.9424777960769379,0.7749261878854823,0.3489061101336797
0.9843656981248019,0.7749261878854823,0.0907484206252017
1.0262536001726656,0.7749261878854823,0.0141309335762268
1.0681415022205296,0.7749261878854823,0.0229163330614647
1.1100294042683936,0.7749261878854823,0.0291209590534352
1.1519173063162575,0.7749261878854823,0.0198521191000732
1.1938052083641213,0.7749261878854823,0.0005578750806563
1.2356931104119853,0.7749261878854823,0.0124783948469099
1.2775810124598492,0.7749261878854823,0.0173155204818654
1.3194689145077132,0.7749261878854823,0.0183304333272452
1.3613568165555769,0.7749261878854823,0.0172905886901758
1.4032447186034409,0.7749261878854823,0.0150309662607924
1.4451326206513049,0.7749261878854823,0.0126115324068335
1.4870205226991688,0.7749261878854823,0.0119811381875976
1.5289084247470326,0.7749261878854823,0.0143739040284556
1.5707963267948966,0.7749261878854823,0.0183601060915435
1.6126842288427605,0.7749261878854823,0.0219965506175100
1.6545721308906245,0.7749261878854823,0.0240368082963440
1.6964600329384882,0.7749261878854823,0.0238462519291791
1.7383479349863524,0.7749261878854823,0.0213833183756936
1.7802358370342162,0.7749261878854823,0.0173434501363474
1.8221237390820799,0.7749261878854823,0.0134643954683217
1.8640116411299441,0.7749261878854823,0.0125206017784248
1.9058995431778079,0.7749261878854823,0.0164627060724667
1.9477874452256716,0.7749261878854823,0.0272177173794032
1.9896753472735358,0.7749261878854823,0.0443141132056964
2.0315632493213993,0.7749261878854823,0.0435511962479902
2.0734511513692637,0.7749261878854823,0.0184027288568374
2.1153390534171272,0.7749261878854823,0.0310593657740002
2.1572269554649912,0.7749261878854823,0.0636722088690062
2.1991148575128552,0.7749261878854823,0.3450339830337885
2.2410027595607191,0.7749261878854823,0.0636791696263377
2.2828906616085827,0.7749261878854823,0.0833063451530621
2.3247785636564471,0.7749261878854823,0.0822488784694169
2.3666664657043106,0.7749261878854823,0.0600317059867277
2.4085543677521750,0.7749261878854823,0.0683202433813002
2.4504422698000385,0.7749261878854823,0.0169222694539017
2.4923301718479025,0.7749261878854823,0.0398873350013275
2.5342180738957665,0.7749261878854823,0.0489257563622342
2.5761059759436304,0.7749261878854823,0.0334908063879501
2.6179938779914940,0.7749261878854823,0.0384788588076622
2.6598817800393584,0.7749261878854823,0.0483343442136000
2.7017696820872219,0.7749261878854823,0.0440724062596378
2.7436575841350863,0.7749261878854823,0.0278728559973520
2.7855454861829498,0.7749261878854823,0.0075280988474244
2.8274333882308138,0.7749261878854823,0.0094975560941770
2.8693212902786778,0.7749261878854823,0.0188464560028994
2.9112091923265417,0.7749261878854823,0.0217538630703672
2.9530970943744053,0.7749261878854823,0.0184373868935385
2.9949849964222697,0.7749261878854823,0.0118711732483240
3.0368728984701332,0.7749261878854823,0.0170104654409709
3.0787608005179976,0.7749261878854823,0.0244166527757838
3.1206487025658611,0.7749261878854823,0.0402472497962691
0.0209439510239320,0.8168140899333461,0.0371888200458512
0.0628318530717960,0.8168140899333461,0.0239077276338702
0.1047197551196597,0.8168140899333461,0.0143657249487580
0.1466076571675237,0.8168140899333461,0.0064302376672969
0.1884955592153876,0.8168140899333461,0.0090319119342132
0.2303834612632514,0.8168140899333461,0.0163890642158495
0.2722713633111153,0.8168140899333461,0.0209908676907622
0.3141592653589793,0.8168140899333461,0.0224090486721202
0.3560471674068433,0.8168140899333461,0.0259293163539601
0.3979350694547070,0.8168140899333461,0.0354492027501900
0.4398229715025710,0.8168140899333461,0.0433197917568212
0.4817108735504350,0.8168140899333461,0.0383598104714727
0.5235987755982989,0.8168140899333461,0.0141130474374950
0.5654866776461627,0.8168140899333461,0.0246474444599497
0.6073745796940266,0.8168140899333461,0.0521225613859518
0.6492624817418906,0.8168140899333461,0.0425354233485905
0.6911503837897545,0.8168140899333461,0.0272492491282826
0.7330382858376183,0.8168140899333461,0.0336875161711655
0.7749261878854823,0.8168140899333461,0.0786731038742534
0.8168140899333461,0.8168140899333461,0.0442636549742637
0.8587019919812100,0.8168140899333461,0.0318381685313637
0.9005898940290740,0.8168140899333461,0.4974563339079307
0.9424777960769379,0.8168140899333461,0.0682632574540115
0.9843656981248019,0.8168140899333461,0.0411920516642468
1.0262536001726656,0.8168140899333461,0.0100176375992589
1.0681415022205296,0.8168140899333461,0.0299371369840989
1.1100294042683936,0.8168140899333461,0.0084142249535648
1.1519173063162575,0.8168140899333461,0.0056931455209481
1.1938052083641213,0.8168140899333461,0.0074877580501416
1.2356931104119853,0.8168140899333461,0.0082325508343304
1.2775810124598492,0.8168140899333461,0.0110005237974140
1.3194689145077132,0.8168140899333461,0.0132563592344768
1.3613568165555769,0.8168140899333461,0.0133964623898365
1.4032447186034409,0.8168140899333461,0.0110874991613772
1.4451326206513049,0.8168140899333461,0.0066876180280837
1.4870205226991688,0.8168140899333461,0.0022154355862012
1.5289084247470326,0.8168140899333461,0.0068613973664108
1.5707963267948966,0.8168140899333461,0.0130078412660914
1.6126842288427605,0.8168140899333461,0.0178622464194918
1.6545721308906245,0.8168140899333461,0.0204609687032579
1.6964600329384882,0.8168140899333461,0.0201981538967125
1.7383479349863524,0.8168140899333461,0.0169284254046551
1.7802358370342162,0.8168140899333461,0.0112687124183377
1.8221237390820799,0.8168140899333461,0.0064814876917494
1.8640116411299441,0.8168140899333461,0.0106191059149935
1.9058995431778079,0.8168140899333461,0.0177795054129983
1.9477874452256716,0.8168140899333461,0.0224928009841806
1.9896753472735358,0.8168140899333461,0.0226304026052073
2.0315632493213993,0.8168140899333461,0.0224443893715087
2.0734511513692637,0.8168140899333461,0.0295953447654805
2.1153390534171272,0.8168140899333461,0.0121044656636662
2.1572269554649912,0.8168140899333461,0.0482058858415644
2.1991148575128552,0.8168140899333461,0.0592254598973308
2.2410027595607191,0.8168140899333461,0.5210805206308846
2.2828906616085827,0.8168140899333461,0.0503275944927857
2.3247785636564471,0.8168140899333461,0.0675142061992169
2.3666664657043106,0.8168140899333461,0.0770394084278182
2.4085543677521750,0.8168140899333461,0.0544196463677870
2.4504422698000385,0.8168140899333461,0.0475923024911041
2.4923301718479025,0.8168140899333461,0.0246583755657906
2.5342180738957665,0.8168140899333461,0.0662293662492842
2.5761059759436304,0.8168140899333461,0.0549965487786959
2.6179938779914940,0.8168140899333461,0.0382779281708899
2.6598817800393584,0.8168140899333461,0.0482864967542791
2.7017696820872219,0.8168140899333461,0.0532988928988951
2.7436575841350863,0.8168140899333461,0.0431753497357764
2.7855454861829498,0.8168140899333461,0.0233673642567095
2.8274333882308138,0.8168140899333461,0.0030801853339999
2.8693212902786778,0.8168140899333461,0.0160089245762843
2.9112091923265417,0.8168140899333461,0.0240147914077701
2.9530970943744053,0.8168140899333461,0.0130659674135488
2.9949849964222697,0.8168140899333461,0.0166131488120733
3.0368728984701332,0.8168140899333461,0.0201759323008253
3.0787608005179976,0.8168140899333461,0.0193088795389441
3.1206487025658611,0.8168140899333461,0.0302972301424052
0.0209439510239320,0.8587019919812100,0.0293229945286413
0.0628318530717960,0.8587019919812100,0.0256361139655947
0.1047197551196597,0.8587019919812100,0.0193147838071400
0.1466076571675237,0.8587019919812100,0.0090702013094600
0.1884955592153876,0.8587019919812100,0.0086100112327629
0.2303834612632514,0.8587019919812100,0.0113778011433254
0.2722713633111153,0.8587019919812100,0.0114452586406355
0.3141592653589793,0.8587019919812100,0.0174406305362000
0.3560471674068433,0.8587019919812100,0.0277730706469739
0.3979350694547070,0.8587019919812100,0.0350081646157771
0.4398229715025710,0.8587019919812100,0.0324312712436869
0.4817108735504350,0.8587019919812100,0.0141022741864890
0.5235987755982989,0.8587019919812100,0.0211900588469600
0.5654866776461627,0.8587019919812100,0.0564499045608912
0.6073745796940266,0.8587019919812100,0.0574470642674548
0.6492624817418906,0.8587019919812100,0.0178145569920298
0.6911503837897545,0.8587019919812100,0.0295027077310700
0.7330382858376183,0.8587019919812100,0.0512670910230760
0.7749261878854823,0.8587019919812100,0.0279728240719715
0.8168140899333461,0.8587019919812100,0.0230438837835645
0.8587019919812100,0.8587019919812100,0.6359152858039231
0.9005898940290740,0.8587019919812100,0.0397204527865051
0.9424777960769379,0.8587019919812100,0.0543591804736026
0.9843656981248019,0.8587019919812100,0.0220886057795561
1.0262536001726656,0.8587019919812100,0.0178652090835145
1.0681415022205296,0.8587019919812100,0.0040712762944972
1.1100294042683936,0.8587019919812100,0.0057416473586838
1.1519173063162575,0.8587019919812100,0.0028587697390749
1.1938052083641213,0.8587019919812100,0.0088309520628357
1.2356931104119853,0.8587019919812100,0.0137564964184588
1.2775810124598492,0.8587019919812100,0.0168343464712533
1.3194689145077132,0.8587019919812100,0.0181814231320752
1.3613568165555769,0.8587019919812100,0.0175080948856757
1.4032447186034409,0.8587019919812100,0.0145569962632924
1.4451326206513049,0.8587019919812100,0.0094995894356437
1.4870205226991688,0.8587019919812100,0.0032918781951271
1.5289084247470326,0.8587019919812100,0.0052818804727724
1.5707963267948966,0.8587019919812100,0.0120495840179454
1.6126842288427605,0.8587019919812100,0.0175427279721673
1.6545721308906245,0.8587019919812100,0.0206527544121274
1.6964600329384882,0.8587019919812100,0.0206547580161665
1.7383479349863524,0.8587019919812100,0.0172332697437799
1.7802358370342162,0.8587019919812100,0.0106482873472964
1.8221237390820799,0.8587019919812100,0.0028602004112812
1.8640116411299441,0.8587019919812100,0.0091066478711962
1.9058995431778079,0.8587019919812100,0.0175849269374394
1.9477874452256716,0.8587019919812100,0.0228037901983119
1.9896753472735358,0.8587019919812100,0.0236186378358156
2.0315632493213993,0.8587019919812100,0.0203787832671321
2.0734511513692637,0.8587019919812100,0.0112914695382564
2.1153390534171272,0.8587019919812100,0.0072147037368208
2.1572269554649912,0.8587019919812100,0.0233178594194518
2.1991148575128552,0.8587019919812100,0.0778325085603769
2.2410027595607191,0.8587019919812100,0.0370161809836025
2.2828906616085827,0.8587019919812100,0.5736043693316142
2.3247785636564471,0.8587019919812100,0.0375119092273858
2.3666664657043106,0.8587019919812100,0.0593106669650129
2.4085543677521750,0.8587019919812100,0.0483954941931660
2.4504422698000385,0.8587019919812100,0.0574680504427302
2.4923301718479025,0.8587019919812100,0.0255922908727499
2.5342180738957665,0.8587019919812100,0.0645686239229009
2.5761059759436304,0.8587019919812100,0.0741584059109089
2.6179938779914940,0.8587019919812100,0.0390098324066653
2.6598817800393584,0.8587019919812100,0.0311527782580545
2.7017696820872219,0.8587019919812100,0.0495329959033545
2.7436575841350863,0.8587019919812100,0.0509471620055100
2.7855454861829498,0.8587019919812100,0.0349588659927901
2.8274333882308138,0.8587019919812100,0.0079922770262035
2.8693212902786778,0.8587019919812100,0.0231666107743170
2.9112091923265417,0.8587019919812100,0.0176951212422419
2.9530970943744053,0.8587019919812100,0.0114954973697560
2.9949849964222697,0.8587019919812100,0.0206625481026697
3.0368728984701332,0.8587019919812100,0.0191792580000239
3.0787608005179976,0.8587019919812100,0.0138522303663486
3.1206487025658611,0.8587019919812100,0.0209072306531278
0.0209439510239320,0.9005898940290740,0.0178710862581229
0.0628318530717960,0.9005898940290740,0.0260480225530926
0.1047197551196597,0.9005898940290740,0.0278917619321961
0.1466076571675237,0.9005898940290740,0.0175912136509885
0.1884955592153876,0.9005898940290740,0.0041149936267786
0.2303834612632514,0.9005898940290740,0.0071890925525351
0.2722713633111153,0.9005898940290740,0.0054647603022218
0.3141592653589793,0.9005898940290740,0.0134362887435863
0.3560471674068433,0.9005898940290740,0.0212867255998053
0.3979350694547070,0.9005898940290740,0.0213240420517190
0.4398229715025710,0.9005898940290740,0.0091986869634466
0.4817108735504350,0.9005898940290740,0.0176175387916916
0.5235987755982989,0.9005898940290740,0.0510900990121809
0.5654866776461627,0.9005898940290740,0.0645500080908192
0.6073745796940266,0.9005898940290740,0.0242623019672046
0.6492624817418906,0.9005898940290740,0.0351946101346434
0.6911503837897545,0.9005898940290740,0.0077593452101414
0.7330382858376183,0.9005898940290740,0.0328578236909611
0.7749261878854823,0.9005898940290740,0.0560959156639032
0.8168140899333461,0.9005898940290740,0.5926069280545705
0.8587019919812100,0.9005898940290740,0.0388666739241853
0.9005898940290740,0.9005898940290740,0.0546154011398855
0.9424777960769379,0.9005898940290740,0.0224145805598489
0.9843656981248019,0.9005898940290740,0.0063117717002685
1.0262536001726656,0.9005898940290740,0.0105626471596607
1.0681415022205296,0.9005898940290740,0.0057626116606572
1.1100294042683936,0.9005898940290740,0.0123717958836573
1.1519173063162575,0.9005898940290740,0.0187907801817400
1.1938052083641213,0.9005898940290740,0.0194601711882995
1.2356931104119853,0.9005898940290740,0.0181180734608077
1.2775810124598492,0.9005898940290740,0.0184170082940405
1.3194689145077132,0.9005898940290740,0.0198087405527988
1.3613568165555769,0.9005898940290740,0.0198721239395026
1.4032447186034409,0.9005898940290740,0.0174218454988237
1.4451326206513049,0.9005898940290740,0.0126434104872228
1.4870205226991688,0.9005898940290740,0.0071226909504230
1.5289084247470326,0.9005898940290740,0.0068963668725664
1.5707963267948966,0.9005898940290740,0.0127743537081608
1.6126842288427605,0.9005898940290740,0.0185145847352785
1.6545721308906245,0.9005898940290740,0.0221228898986445
1.6964600329384882,0.9005898940290740,0.0226560909399546
1.7383479349863524,0.9005898940290740,0.0196415090991947
1.7802358370342162,0.9005898940290740,0.0131901237351276
1.8221237390820799,0.9005898940290740,0.0054718092001956
1.8640116411299441,0.9005898940290740,0.0106232465027458
1.9058995431778079,0.9005898940290740,0.0211775730052668
1.9477874452256716,0.9005898940290740,0.0284757699115243
1.9896753472735358,0.9005898940290740,0.0287472546757046
2.0315632493213993,0.9005898940290740,0.0207965271500582
2.0734511513692637,0.9005898940290740,0.0147117211485036
2.1153390534171272,0.9005898940290740,0.0231167731072645
2.1572269554649912,0.9005898940290740,0.0245870843647343
2.1991148575128552,0.9005898940290740,0.0344958872324938
2.2410027595607191,0.9005898940290740,0.0818814057717819
2.2828906616085827,0.9005898940290740,0.0194127350164299
2.3247785636564471,0.9005898940290740,0.6151519728810878
2.3666664657043106,0.9005898940290740,0.0073964762462941
2.4085543677521750,0.9005898940290740,0.0751251515390029
2.4504422698000385,0.9005898940290740,0.0185114225826081
2.4923301718479025,0.9005898940290740,0.0575648114005333
2.5342180738957665,0.9005898940290740,0.0421794457931873
2.5761059759436304,0.9005898940290740,0.0776091815159989
2.6179938779914940,0.9005898940290740,0.0476736462037551
2.6598817800393584,0.9005898940290740,0.0053856653716808
2.7017696820872219,0.9005898940290740,0.0437128537482793
2.7436575841350863,0.9005898940290740,0.0546804905619786
2.7855454861829498,0.9005898940290740,0.0367909136198283
2.8274333882308138,0.9005898940290740,0.0117365883680859
2.8693212902786778,0.9005898940290740,0.0270358347069721
2.9112091923265417,0.9005898940290740,0.0027029583633335
2.9530970943744053,0.9005898940290740,0.0194708446136486
2.9949849964222697,0.9005898940290740,0.0201623797093299
3.0368728984701332,0.9005898940290740,0.0163028930309407
3.0787608005179976,0.9005898940290740,0.0110160064013345
3.1206487025658611,0.9005898940290740,0.0128697825584513
0.0209439510239320,0.9424777960769379,0.0086320376104871
0.0628318530717960,0.9424777960769379,0.0238077836990110
0.1047197551196597,0.9424777960769379,0.0339040320404959
0.1466076571675237,0.9424777960769379,0.0324274472339299
0.1884955592153876,0.9424777960769379,0.0151257623997189
0.2303834612632514,0.9424777960769379,0.0068532825905643
0.2722713633111153,0.9424777960769379,0.0074607981054977
0.3141592653589793,0.9424777960769379,0.0092075836480637
0.3560471674068433,0.9424777960769379,0.0111377344312666
0.3979350694547070,0.9424777960769379,0.0049517411503375
0.4398229715025710,0.9424777960769379,0.0163702972401303
0.4817108735504350,0.9424777960769379,0.0414829574614583
0.5235987755982989,0.9424777960769379,0.0598649504193957
0.5654866776461627,0.9424777960769379,0.0368134985438815
0.6073745796940266,0.9424777960769379,0.0336834461109757
0.6492624817418906,0.9424777960769379,0.0403330544421388
0.6911503837897545,0.9424777960769379,0.0418926523466860
0.7330382858376183,0.9424777960769379,0.1279096564985996
0.7749261878854823,0.9424777960769379,0.2305758474372779
0.8168140899333461,0.9424777960769379,0.0664330011428791
0.8587019919812100,0.9424777960769379,0.0486445933173432
0.9005898940290740,0.9424777960769379,0.0202288640355457
0.9424777960769379,0.9424777960769379,0.0115377093538613
0.9843656981248019,0.9424777960769379,0.0206358360095459
1.0262536001726656,0.9424777960769379,0.0060417886075316
1.0681415022205296,0.9424777960769379,0.0179039919397707
1.1100294042683936,0.9424777960769379,0.0265003597014556
1.1519173063162575,0.9424777960769379,0.0239405794014491
1.1938052083641213,0.9424777960769379,0.0164242425483633
1.2356931104119853,0.9424777960769379,0.0139817462659726
1.2775810124598492,0.9424777960769379,0.0187616055241517
1.3194689145077132,0.9424777960769379,0.0229194435037536
1.3613568165555769,0.9424777960769379,0.0235653980639205
1.4032447186034409,0.9424777960769379,0.0206682999461789
1.4451326206513049,0.9424777960769379,0.0151531436567641
1.4870205226991688,0.9424777960769379,0.0088268957272013
1.5289084247470326,0.9424777960769379,0.0071869176039275
1.5707963267948966,0.9424777960769379,0.0127409403715895
1.6126842288427605,0.9424777960769379,0.0187806406368772
1.6545721308906245,0.9424777960769379,0.0228955785500133
1.6964600329384882,0.9424777960769379,0.0241259485963797
1.7383479349863524,0.9424777960769379,0.0219624698961182
1.7802358370342162,0.9424777960769379,0.0162578063501876
1.8221237390820799,0.9424777960769379,0.0074426346515751
1.8640116411299441,0.9424777960769379,0.0060079298315712
1.9058995431778079,0.9424777960769379,0.0185253788641638
1.9477874452256716,0.9424777960769379,0.0300458208133493
1.9896753472735358,0.9424777960769379,0.0360538001687417
2.0315632493213993,0.9424777960769379,0.0317490993392709
2.0734511513692637,0.9424777960769379,0.0143594216397458
2.1153390534171272,0.9424777960769379,0.0163822908516662
2.1572269554649912,0.9424777960769379,0.0412087200929778
2.1991148575128552,0.9424777960769379,0.0417837874605095
2.2410027595607191,0.9424777960769379,0.0350620117527593
2.2828906616085827,0.9424777960769379,0.0623280311346208
2.3247785636564471,0.9424777960769379,0.0347466446899115
2.3666664657043106,0.9424777960769379,0.1400415164128847
2.4085543677521750,0.9424777960769379,0.0722586306416267
2.4504422698000385,0.9424777960769379,0.0801137154492414
2.4923301718479025,0.9424777960769379,0.0437495305603989
2.5342180738957665,0.9424777960769379,0.0425627618057064
2.5761059759436304,0.9424777960769379,0.0553047861487220
2.6179938779914940,0.9424777960769379,0.0498331855141495
2.6598817800393584,0.9424777960769379,0.0281761124177558
2.7017696820872219,0.9424777960769379,0.0551708957259735
2.7436575841350863,0.9424777960769379,0.0608655430744811
2.7855454861829498,0.9424777960769379,0.0231328176927593
2.8274333882308138,0.9424777960769379,0.0281748886158022
2.8693212902786778,0.9424777960769379,0.0073780739750742
2.9112091923265417,0.9424777960769379,0.0194602108377404
2.9530970943744053,0.9424777960769379,0.0223552987925754
2.9949849964222697,0.9424777960769379,0.0167659277677700
3.0368728984701332,0.9424777960769379,0.0133238681422266
3.0787608005179976,0.9424777960769379,0.0119246406233838
3.1206487025658611,0.9424777960769379,0.0064058509844403
0.0209439510239320,0.9843656981248019,0.0168217840577635
0.0628318530717960,0.9843656981248019,0.0205303503509162
0.1047197551196597,0.9843656981248019,0.0330289682591116
0.1466076571675237,0.9843656981248019,0.0417449012725871
0.1884955592153876,0.9843656981248019,0.0375905880160712
0.2303834612632514,0.9843656981248019,0.0145404579743495
0.2722713633111153,0.9843656981248019,0.0129119210335701
0.3141592653589793,0.9843656981248019,0.0018448256376306
0.3560471674068433,0.9843656981248019,0.0160150602033676
0.3979350694547070,0.9843656981248019,0.0211696332741869
0.4398229715025710,0.9843656981248019,0.0319032060443121
0.4817108735504350,0.9843656981248019,0.0459071120438404
0.5235987755982989,0.9843656981248019,0.0395423480454191
0.5654866776461627,0.9843656981248019,0.0229591538531865
0.6073745796940266,0.9843656981248019,0.0694090101814335
0.6492624817418906,0.9843656981248019,0.0259097779746909
0.6911503837897545,0.9843656981248019,0.1269660956928969
0.7330382858376183,0.9843656981248019,0.1356900132532914
0.7749261878854823,0.9843656981248019,0.0869827880434934
0.8168140899333461,0.9843656981248019,0.0261483412976632
0.8587019919812100,0.9843656981248019,0.0179867136537366
0.9005898940290740,0.9843656981248019,0.0153894728143733
0.9424777960769379,0.9843656981248019,0.0328943616485793
0.9843656981248019,0.9843656981248019,0.0116167574449254
1.0262536001726656,0.9843656981248019,0.0176168527768407
1.0681415022205296,0.9843656981248019,0.0307091796882173
1.1100294042683936,0.9843656981248019,0.0277242411357111
1.1519173063162575,0.9843656981248019,0.0152861038304300
1.1938052083641213,0.9843656981248019,0.0069701911559378
1.2356931104119853,0.9843656981248019,0.0164196267370345
1.2775810124598492,0.9843656981248019,0.0240457963576963
1.3194689145077132,0.9843656981248019,0.0268644477673612
1.3613568165555769,0.9843656981248019,0.0254077190458173
1.4032447186034409,0.9843656981248019,0.0206947017547749
1.4451326206513049,0.9843656981248019,0.0137951094386404
1.4870205226991688,0.9843656981248019,0.0059328676253649
1.5289084247470326,0.9843656981248019,0.0042744635514345
1.5707963267948966,0.9843656981248019,0.0115618316708944
1.6126842288427605,0.9843656981248019,0.0179002447556052
1.6545721308906245,0.9843656981248019,0.0221019991072402
1.6964600329384882,0.9843656981248019,0.0236132535739494
1.7383479349863524,0.9843656981248019,0.0221814851941673
1.7802358370342162,0.9843656981248019,0.0178013628692933
1.8221237390820799,0.9843656981248019,0.0106239206316883
1.8640116411299441,0.9843656981248019,0.0010087859415506
1.9058995431778079,0.9843656981248019,0.0109550232083918
1.9477874452256716,0.9843656981248019,0.0235891477816255
1.9896753472735358,0.9843656981248019,0.0342817450015859
2.0315632493213993,0.9843656981248019,0.0383172308393196
2.0734511513692637,0.9843656981248019,0.0300006825186850
2.1153390534171272,0.9843656981248019,0.0068075308230500
2.1572269554649912,0.9843656981248019,0.0301481326598119
2.1991148575128552,0.9843656981248019,0.0559921022884976
2.2410027595607191,0.9843656981248019,0.0425634671196684
2.2828906616085827,0.9843656981248019,0.0179000903287942
2.3247785636564471,0.9843656981248019,0.0233139620321378
2.3666664657043106,0.9843656981248019,0.0648575715065831
2.4085543677521750,0.9843656981248019,0.1849308184164407
2.4504422698000385,0.9843656981248019,0.0803812954442552
2.4923301718479025,0.9843656981248019,0.0498826927079482
2.5342180738957665,0.9843656981248019,0.0519134998102923
2.5761059759436304,0.9843656981248019,0.0240172372413353
2.6179938779914940,0.9843656981248019,0.0308751874417323
2.6598817800393584,0.9843656981248019,0.0472032659515431
2.7017696820872219,0.9843656981248019,0.0741660872581454
2.7436575841350863,0.9843656981248019,0.0625317416988295
2.7855454861829498,0.9843656981248019,0.0224279252090575
2.8274333882308138,0.9843656981248019,0.0213237698651185
2.8693212902786778,0.9843656981248019,0.0155075945073646
2.9112091923265417,0.9843656981248019,0.0230809485805827
2.9530970943744053,0.9843656981248019,0.0205158262439431
2.9949849964222697,0.9843656981248019,0.0119963466943421
3.0368728984701332,0.9843656981248019,0.0100836491863833
3.0787608005179976,0.9843656981248019,0.0137335107049964
3.1206487025658611,0.9843656981248019,0.0026268744948527
0.0209439510239320,1.0262536001726656,0.0279752083205479
0.0628318530717960,1.0262536001726656,0.0188783206451009
0.1047197551196597,1.0262536001726656,0.0251477325269593
0.1466076571675237,1.0262536001726656,0.0399469814325465
0.1884955592153876,1.0262536001726656,0.0490361339434728
0.2303834612632514,1.0262536001726656,0.0414644000595554
0.2722713633111153,1.0262536001726656,0.0055268122215397
0.3141592653589793,1.0262536001726656,0.0230191432443301
0.3560471674068433,1.0262536001726656,0.0207391022308828
0.3979350694547070,1.0262536001726656,0.0296516392397827
0.4398229715025710,1.0262536001726656,0.0294929683718081
0.4817108735504350,1.0262536001726656,0.0268634011934954
0.5235987755982989,1.0262536001726656,0.0203384661634495
0.5654866776461627,1.0262536001726656,0.0688451513669194
0.6073745796940266,1.0262536001726656,0.0431409030868986
0.6492624817418906,1.0262536001726656,0.0521237634587955
0.6911503837897545,1.0262536001726656,0.1538949451851147
0.7330382858376183,1.0262536001726656,0.9486400175117518
0.7749261878854823,1.0262536001726656,0.0340211635057216
0.8168140899333461,1.0262536001726656,0.0151528636154163
0.8587019919812100,1.0262536001726656,0.0060498974301200
0.9005898940290740,1.0262536001726656,0.0424803735640667
0.9424777960769379,1.0262536001726656,0.0246701356167201
0.9843656981248019,1.0262536001726656,0.0107854645526250
1.0262536001726656,1.0262536001726656,0.0306198283170755
1.0681415022205296,1.0262536001726656,0.0306134783908347
1.1100294042683936,1.0262536001726656,0.0171583193546309
1.1519173063162575,1.0262536001726656,0.0006735080283978
1.1938052083641213,1.0262536001726656,0.0149820534294179
1.2356931104119853,1.0262536001726656,0.0240035122460191
1.2775810124598492,1.0262536001726656,0.0273963403939149
1.3194689145077132,1.0262536001726656,0.0264428391041398
1.3613568165555769,1.0262536001726656,0.0225620049048114
1.4032447186034409,1.0262536001726656,0.0168422450952834
1.4451326206513049,1.0262536001726656,0.0101288876189139
1.4870205226991688,1.0262536001726656,0.0041633908495900
1.5289084247470326,1.0262536001726656,0.0068752436415191
1.5707963267948966,1.0262536001726656,0.0131076302706834
1.6126842288427605,1.0262536001726656,0.0182341040629087
1.6545721308906245,1.0262536001726656,0.0213200201824779
1.6964600329384882,1.0262536001726656,0.0219534974516460
1.7383479349863524,1.0262536001726656,0.0201459041092566
1.7802358370342162,1.0262536001726656,0.0163219948800659
1.8221237390820799,1.0262536001726656,0.0112099384970841
1.8640116411299441,1.0262536001726656,0.0060091956917610
1.9058995431778079,1.0262536001726656,0.0064065705376773
1.9477874452256716,1.0262536001726656,0.0143978228183263
1.9896753472735358,1.0262536001726656,0.0245995378801777
2.0315632493213993,1.0262536001726656,0.0334808708282204
2.0734511513692637,1.0262536001726656,0.0354820987169836
2.1153390534171272,1.0262536001726656,0.0246378826715755
2.1572269554649912,1.0262536001726656,0.0133708565661558
2.1991148575128552,1.0262536001726656,0.0444806031445868
2.2410027595607191,1.0262536001726656,0.0589536121384120
2.2828906616085827,1.0262536001726656,0.0186823477907913
2.3247785636564471,1.0262536001726656,0.0167522687650717
2.3666664657043106,1.0262536001726656,0.0782592493437279
2.4085543677521750,1.0262536001726656,0.9042494657990348
2.4504422698000385,1.0262536001726656,0.1619875734387428
2.4923301718479025,1.0262536001726656,0.0275819285404018
2.5342180738957665,1.0262536001726656,0.0185347445029893
2.5761059759436304,1.0262536001726656,0.0385872344437002
2.6179938779914940,1.0262536001726656,0.0162840257157564
2.6598817800393584,1.0262536001726656,0.0578283995385300
2.7017696820872219,1.0262536001726656,0.0818096350008705
2.7436575841350863,1.0262536001726656,0.0423665934328591
2.7855454861829498,1.0262536001726656,0.0501435778828608
2.8274333882308138,1.0262536001726656,0.0167427680612438
2.8693212902786778,1.0262536001726656,0.0159958980336111
2.9112091923265417,1.0262536001726656,0.0167916140602175
2.9530970943744053,1.0262536001726656,0.0177601207902611
2.9949849964222697,1.0262536001726656,0.0092278700376594
3.0368728984701332,1.0262536001726656,0.0056224427186342
3.0787608005179976,1.0262536001726656,0.0138751121833036
3.1206487025658611,1.0262536001726656,0.0040872986288167
0.0209439510239320,1.0681415022205296,0.0339945490282196
0.0628318530717960,1.0681415022205296,0.0199500039741451
0.1047197551196597,1.0681415022205296,0.0109021872095407
0.1466076571675237,1.0681415022205296,0.0278873047566278
0.1884955592153876,1.0681415022205296,0.0442152071234138
0.2303834612632514,1.0681415022205296,0.0516805306984633
0.2722713633111153,1.0681415022205296,0.0365575377780096
0.3141592653589793,1.0681415022205296,0.0203697687527133
0.3560471674068433,1.0681415022205296,0.0369911145015290
0.3979350694547070,1.0681415022205296,0.0218365861047424
0.4398229715025710,1.0681415022205296,0.0105396946949055
0.4817108735504350,1.0681415022205296,0.0173539248547559
0.5235987755982989,1.0681415022205296,0.0569305554047083
0.5654866776461627,1.0681415022205296,0.0629886814274142
0.6073745796940266,1.0681415022205296,0.0174591183214463
0.6492624817418906,1.0681415022205296,0.1224441634317670
0.6911503837897545,1.0681415022205296,0.2212099442742436
0.7330382858376183,1.0681415022205296,0.0201410717685521
0.7749261878854823,1.0681415022205296,0.0122236928158461
0.8168140899333461,1.0681415022205296,0.0246227590477546
0.8587019919812100,1.0681415022205296,0.0400750258340845
0.9005898940290740,1.0681415022205296,0.0401957691763457
0.9424777960769379,1.0681415022205296,0.0049844557978141
0.9843656981248019,1.0681415022205296,0.0254763404488186
1.0262536001726656,1.0681415022205296,0.0315971143666670
1.0681415022205296,1.0681415022205296,0.0205336211982608
1.1100294042683936,1.0681415022205296,0.0067143357546613
1.1519173063162575,1.0681415022205296,0.0154971337521860
1.1938052083641213,1.0681415022205296,0.0240237474394507
1.2356931104119853,1.0681415022205296,0.0265552916637876
1.2775810124598492,1.0681415022205296,0.0247977593454728
1.3194689145077132,1.0681415022205296,0.0209574792492707
1.3613568165555769,1.0681415022205296,0.0166164718334478
1.4032447186034409,1.0681415022205296,0.0126362102753237
1.4451326206513049,1.0681415022205296,0.0098855136746494
1.4870205226991688,1.0681415022205296,0.0099361845006028
1.5289084247470326,1.0681415022205296,0.0129344210042500
1.5707963267948966,1.0681415022205296,0.0168894814676033
1.6126842288427605,1.0681415022205296,0.0201029341795404
1.6545721308906245,1.0681415022205296,0.0215166108074551
1.6964600329384882,1.0681415022205296,0.0205918625915903
1.7383479349863524,1.0681415022205296,0.0173736134037214
1.7802358370342162,1.0681415022205296,0.0126479126106785
1.8221237390820799,1.0681415022205296,0.0083535096558525
1.8640116411299441,1.0681415022205296,0.0076053010506681
1.9058995431778079,1.0681415022205296,0.0094605959759033
1.9477874452256716,1.0681415022205296,0.0110613941543695
1.9896753472735358,1.0681415022205296,0.0141189326602731
2.0315632493213993,1.0681415022205296,0.0211197554388875
2.0734511513692637,1.0681415022205296,0.0286630104910986
2.1153390534171272,1.0681415022205296,0.0295554672316113
2.1572269554649912,1.0681415022205296,0.0191214852214789
2.1991148575128552,1.0681415022205296,0.0245349371540697
2.2410027595607191,1.0681415022205296,0.0510502635823101
2.2828906616085827,1.0681415022205296,0.0413035666905659
2.3247785636564471,1.0681415022205296,0.0283126157497910
2.3666664657043106,1.0681415022205296,0.0387378938696614
2.4085543677521750,1.0681415022205296,0.0483305628077514
2.4504422698000385,1.0681415022205296,0.1616096655764961
2.4923301718479025,1.0681415022205296,0.0938228290995797
2.5342180738957665,1.0681415022205296,0.0445782393189964
2.5761059759436304,1.0681415022205296,0.0240265177602025
2.6179938779914940,1.0681415022205296,0.0535639467746617
2.6598817800393584,1.0681415022205296,0.0755674363897385
2.7017696820872219,1.0681415022205296,0.0690614354767686
2.7436575841350863,1.0681415022205296,0.0471736878704308
2.7855454861829498,1.0681415022205296,0.0325730786759342
2.8274333882308138,1.0681415022205296,0.0209287808061561
2.8693212902786778,1.0681415022205296,0.0048881647810081
2.9112091923265417,1.0681415022205296,0.0127060050179455
2.9530970943744053,1.0681415022205296,0.0215242776863081
2.9949849964222697,1.0681415022205296,0.0165880685107594
3.0368728984701332,1.0681415022205296,0.0076340836651909
3.0787608005179976,1.0681415022205296,0.0120064094513561
3.1206487025658611,1.0681415022205296,0.0044942073310073
0.0209439510239320,1.1100294042683936,0.0317918706779307
0.0628318530717960,1.1100294042683936,0.0234786702939869
0.1047197551196597,1.1100294042683936,0.0093778270961733
0.1466076571675237,1.1100294042683936,0.0137777060111448
0.1884955592153876,1.1100294042683936,0.0282532055343195
0.2303834612632514,1.1100294042683936,0.0411873542004858
0.2722713633111153,1.1100294042683936,0.0472646923163126
0.3141592653589793,1.1100294042683936,0.0223292836176416
0.3560471674068433,1.1100294042683936,0.0534381861678596
0.3979350694547070,1.1100294042683936,0.0226675198693785
0.4398229715025710,1.1100294042683936,0.0248999952608889
0.4817108735504350,1.1100294042683936,0.0514976574480892
0.5235987755982989,1.1100294042683936,0.0631897420884586
0.5654866776461627,1.1100294042683936,0.0149858716456048
0.6073745796940266,1.1100294042683936,0.0765152224473750
0.6492624817418906,1.1100294042683936,0.2072042915843786
0.6911503837897545,1.1100294042683936,0.0342128450941049
0.7330382858376183,1.1100294042683936,0.0155105421912885
0.7749261878854823,1.1100294042683936,0.0450482912003188
0.8168140899333461,1.1100294042683936,0.0159035921713139
0.8587019919812100,1.1100294042683936,0.0499033426274170
0.9005898940290740,1.1100294042683936,0.0217267464153923
0.9424777960769379,1.1100294042683936,0.0150035525111159
0.9843656981248019,1.1100294042683936,0.0296509101638794
1.0262536001726656,1.1100294042683936,0.0233822041165646
1.0681415022205296,1.1100294042683936,0.0108178582123785
1.1100294042683936,1.1100294042683936,0.0164120068228267
1.1519173063162575,1.1100294042683936,0.0245140937905595
1.1938052083641213,1.1100294042683936,0.0260024266073364
1.2356931104119853,1.1100294042683936,0.0225232719723043
1.2775810124598492,1.1100294042683936,0.0172576284301617
1.3194689145077132,1.1100294042683936,0.0131369658741416
1.3613568165555769,1.1100294042683936,0.0116712641025121
1.4032447186034409,1.1100294042683936,0.0119770232043456
1.4451326206513049,1.1100294042683936,0.0127842027390297
1.4870205226991688,1.1100294042683936,0.0140846231572034
1.5289084247470326,1.1100294042683936,0.0162262345802818
1.5707963267948966,1.1100294042683936,0.0188209951122630
1.6126842288427605,1.1100294042683936,0.0208289009329081
1.6545721308906245,1.1100294042683936,0.0211797393853568
1.6964600329384882,1.1100294042683936,0.0191842463908543
1.7383479349863524,1.1100294042683936,0.0147414707287326
1.7802358370342162,1.1100294042683936,0.0085070971844488
1.8221237390820799,1.1100294042683936,0.0035308759515840
1.8640116411299441,1.1100294042683936,0.0077764599784815
1.9058995431778079,1.1100294042683936,0.0126151982121734
1.9477874452256716,1.1100294042683936,0.0144542620468482
1.9896753472735358,1.1100294042683936,0.0125084625436768
2.0315632493213993,1.1100294042683936,0.0094959469047411
2.0734511513692637,1.1100294042683936,0.0144772683398265
2.1153390534171272,1.1100294042683936,0.0225312761092928
2.1572269554649912,1.1100294042683936,0.0232075266307548
2.1991148575128552,1.1100294042683936,0.0159357539053229
2.2410027595607191,1.1100294042683936,0.0307417660755781
2.2828906616085827,1.1100294042683936,0.0433052893024618
2.3247785636564471,1.1100294042683936,0.0133083836598058
2.3666664657043106,1.1100294042683936,0.0647265527667141
2.4085543677521750,1.1100294042683936,0.0556364369137677
2.4504422698000385,1.1100294042683936,0.0146475752250389
2.4923301718479025,1.1100294042683936,0.1775104221650569
2.5342180738957665,1.1100294042683936,0.0484311076576136
2.5761059759436304,1.1100294042683936,0.0328064586965446
2.6179938779914940,1.1100294042683936,0.0644410142548544
2.6598817800393584,1.1100294042683936,0.0969058319162260
2.7017696820872219,1.1100294042683936,0.0311962656980279
2.7436575841350863,1.1100294042683936,0.0566637349544573
2.7855454861829498,1.1100294042683936,0.0158447791542937
2.8274333882308138,1.1100294042683936,0.0245869734123880
2.8693212902786778,1.1100294042683936,0.0228283251936976
2.9112091923265417,1.1100294042683936,0.0223933836717771
2.9530970943744053,1.1100294042683936,0.0306961433168064
2.9949849964222697,1.1100294042683936,0.0284147855212633
3.0368728984701332,1.1100294042683936,0.0184439240052265
3.0787608005179976,1.1100294042683936,0.0122061157127282
3.1206487025658611,1.1100294042683936,0.0031390019156630
0.0209439510239320,1.1519173063162575,0.0209295379697388
0.0628318530717960,1.1519173063162575,0.0298920638305691
0.1047197551196597,1.1519173063162575,0.0312341446078905
0.1466076571675237,1.1519173063162575,0.0280008976818838
0.1884955592153876,1.1519173063162575,0.0203447413299345
0.2303834612632514,1.1519173063162575,0.0194391415749952
0.2722713633111153,1.1519173063162575,0.0351844383072726
0.3141592653589793,1.1519173063162575,0.0454257896770194
0.3560471674068433,1.1519173063162575,0.0105639986660944
0.3979350694547070,1.1519173063162575,0.0744309308569272
0.4398229715025710,1.1519173063162575,0.0463083888385252
0.4817108735504350,1.1519173063162575,0.0632064968802705
0.5235987755982989,1.1519173063162575,0.0173684937141322
0.5654866776461627,1.1519173063162575,0.0394579569372877
0.6073745796940266,1.1519173063162575,0.1128775062268079
0.6492624817418906,1.1519173063162575,0.4343583734589698
0.6911503837897545,1.1519173063162575,0.0147498467750843
0.7330382858376183,1.1519173063162575,0.0088253491932534
0.7749261878854823,1.1519173063162575,0.0322302081180061
0.8168140899333461,1.1519173063162575,0.0415848757526561
0.8587019919812100,1.1519173063162575,0.0388054493940996
0.9005898940290740,1.1519173063162575,0.0045871896361874
0.9424777960769379,1.1519173063162575,0.0239001815478828
0.9843656981248019,1.1519173063162575,0.0249085504869269
1.0262536001726656,1.1519173063162575,0.0134392168282899
1.0681415022205296,1.1519173063162575,0.0156605557911561
1.1100294042683936,1.1519173063162575,0.0244835884833193
1.1519173063162575,1.1519173063162575,0.0261517914767431
1.1938052083641213,1.1519173063162575,0.0214957149287148
1.2356931104119853,1.1519173063162575,0.0140222733614357
1.2775810124598492,1.1519173063162575,0.0077003784325696
1.3194689145077132,1.1519173063162575,0.0075179722399082
1.3613568165555769,1.1519173063162575,0.0108041984032204
1.4032447186034409,1.1519173063162575,0.0131041995966460
1.4451326206513049,1.1519173063162575,0.0140011145072597
1.4870205226991688,1.1519173063162575,0.0144104589482140
1.5289084247470326,1.1519173063162575,0.0154555108194262
1.5707963267948966,1.1519173063162575,0.0172864040159158
1.6126842288427605,1.1519173063162575,0.0188770442064257
1.6545721308906245,1.1519173063162575,0.0189405123871873
1.6964600329384882,1.1519173063162575,0.0166173681557759
1.7383479349863524,1.1519173063162575,0.0117306610472338
1.7802358370342162,1.1519173063162575,0.0048509055798478
1.8221237390820799,1.1519173063162575,0.0029828337580295
1.8640116411299441,1.1519173063162575,0.0100467643718954
1.9058995431778079,1.1519173063162575,0.0152363391867075
1.9477874452256716,1.1519173063162575,0.0177403500697808
1.9896753472735358,1.1519173063162575,0.0170376008074815
2.0315632493213993,1.1519173063162575,0.0123663358303432
2.0734511513692637,1.1519173063162575,0.0034176213376216
2.1153390534171272,1.1519173063162575,0.0088241963970623
2.1572269554649912,1.1519173063162575,0.0177794633401174
2.1991148575128552,1.1519173063162575,0.0169376399488467
2.2410027595607191,1.1519173063162575,0.0128999984978169
2.2828906616085827,1.1519173063162575,0.0290051369374840
2.3247785636564471,1.1519173063162575,0.0209292683912668
2.3666664657043106,1.1519173063162575,0.0590550739074955
2.4085543677521750,1.1519173063162575,0.0255699947547434
2.4504422698000385,1.1519173063162575,0.0146204238927478
2.4923301718479025,1.1519173063162575,0.2819738914102982
2.5342180738957665,1.1519173063162575,0.1073262244678300
2.5761059759436304,1.1519173063162575,0.0505144411906308
2.6179938779914940,1.1519173063162575,0.0474562225796445
2.6598817800393584,1.1519173063162575,0.0917763542113328
2.7017696820872219,1.1519173063162575,0.0715598738258129
2.7436575841350863,1.1519173063162575,0.0304817783031265
2.7855454861829498,1.1519173063162575,0.0027087086583424
2.8274333882308138,1.1519173063162575,0.0400002062007135
2.8693212902786778,1.1519173063162575,0.0387985809434599
2.9112091923265417,1.1519173063162575,0.0280653238551531
2.9530970943744053,1.1519173063162575,0.0347213706497188
2.9949849964222697,1.1519173063162575,0.0359938634161987
3.0368728984701332,1.1519173063162575,0.0282704784957853
3.0787608005179976,1.1519173063162575,0.0183788621296661
3.1206487025658611,1.1519173063162575,0.0113726874085925
0.0209439510239320,1.1938052083641213,0.0173641618367776
0.0628318530717960,1.1938052083641213,0.0385566366916012
0.1047197551196597,1.1938052083641213,0.0489731344125383
0.1466076571675237,1.1938052083641213,0.0477079273562085
0.1884955592153876,1.1938052083641213,0.0350959580387893
0.2303834612632514,1.1938052083641213,0.0133251203108003
0.2722713633111153,1.1938052083641213,0.0142544862218531
0.3141592653589793,1.1938052083641213,0.0448463701934659
0.3560471674068433,1.1938052083641213,0.0630355545366168
0.3979350694547070,1.1938052083641213,0.0575088310532241
0.4398229715025710,1.1938052083641213,0.0591398067052092
0.4817108735504350,1.1938052083641213,0.0357356619609949
0.5235987755982989,1.1938052083641213,0.0541402273308692
0.5654866776461627,1.1938052083641213,0.0467934078635381
0.6073745796940266,1.1938052083641213,0.2138598306861251
0.6492624817418906,1.1938052083641213,0.3022057819544378
0.6911503837897545,1.1938052083641213,0.0084961327178140
0.7330382858376183,1.1938052083641213,0.0353383704804327
0.7749261878854823,1.1938052083641213,0.0130693865371174
0.8168140899333461,1.1938052083641213,0.0451373142553795
0.8587019919812100,1.1938052083641213,0.0206114335220425
0.9005898940290740,1.1938052083641213,0.0136724944015236
0.9424777960769379,1.1938052083641213,0.0243712976977481
0.9843656981248019,1.1938052083641213,0.0161953847527025
1.0262536001726656,1.1938052083641213,0.0127168483757397
1.0681415022205296,1.1938052083641213,0.0226136529277329
1.1100294042683936,1.1938052083641213,0.0260331602662886
1.1519173063162575,1.1938052083641213,0.0217186330559005
1.1938052083641213,1.1938052083641213,0.0134251608377234
1.2356931104119853,1.1938052083641213,0.0046785453128734
1.2775810124598492,1.1938052083641213,0.0027122914761065
1.3194689145077132,1.1938052083641213,0.0081759199535143
1.3613568165555769,1.1938052083641213,0.0115681110314015
1.4032447186034409,1.1938052083641213,0.0128489340453540
1.4451326206513049,1.1938052083641213,0.0123610437167317
1.4870205226991688,1.1938052083641213,0.0112334271876775
1.5289084247470326,1.1938052083641213,0.0112677572365611
1.5707963267948966,1.1938052083641213,0.0130673715622694
1.6126842288427605,1.1938052083641213,0.0150713943413127
1.6545721308906245,1.1938052083641213,0.0154722915626988
1.6964600329384882,1.1938052083641213,0.0132164570364592
1.7383479349863524,1.1938052083641213,0.0081314852571448
1.7802358370342162,1.1938052083641213,0.0015183769072111
1.8221237390820799,1.1938052083641213,0.0074232446940582
1.8640116411299441,1.1938052083641213,0.0142388332242240
1.9058995431778079,1.1938052083641213,0.0184571519591179
1.9477874452256716,1.1938052083641213,0.0198662105758611
1.9896753472735358,1.1938052083641213,0.0198039432423182
2.0315632493213993,1.1938052083641213,0.0189983105573253
2.0734511513692637,1.1938052083641213,0.0154755081687359
2.1153390534171272,1.1938052083641213,0.0079322245787108
2.1572269554649912,1.1938052083641213,0.0077197342145708
2.1991148575128552,1.1938052083641213,0.0137717188715301
2.2410027595607191,1.1938052083641213,0.0088758860389884
2.2828906616085827,1.1938052083641213,0.0106315558267533
2.3247785636564471,1.1938052083641213,0.0204459716870825
2.3666664657043106,1.1938052083641213,0.0360587181342309
2.4085543677521750,1.1938052083641213,0.0463097917562623
2.4504422698000385,1.1938052083641213,0.0255397546718607
2.4923301718479025,1.1938052083641213,0.2811173508819560
2.5342180738957665,1.1938052083641213,0.1965580265738620
2.5761059759436304,1.1938052083641213,0.0667202713375432
2.6179938779914940,1.1938052083641213,0.0560305175768466
2.6598817800393584,1.1938052083641213,0.0289116740451723
2.7017696820872219,1.1938052083641213,0.0846679127741054
2.7436575841350863,1.1938052083641213,0.0633549067859821
2.7855454861829498,1.1938052083641213,0.0126083033920701
2.8274333882308138,1.1938052083641213,0.0485760380857961
2.8693212902786778,1.1938052083641213,0.0427561186356405
2.9112091923265417,1.1938052083641213,0.0206867013868036
2.9530970943744053,1.1938052083641213,0.0260325547399482
2.9949849964222697,1.1938052083641213,0.0327673413284958
3.0368728984701332,1.1938052083641213,0.0310583140364268
3.0787608005179976,1.1938052083641213,0.0253213390277755
3.1206487025658611,1.1938052083641213,0.0251853196572764
0.0209439510239320,1.2356931104119853,0.0419618596702569
0.0628318530717960,1.2356931104119853,0.0456846451192260
0.1047197551196597,1.2356931104119853,0.0541655878574549
0.1466076571675237,1.2356931104119853,0.0532875674669923
0.1884955592153876,1.2356931104119853,0.0452508424945753
0.2303834612632514,1.2356931104119853,0.0336990925311907
0.2722713633111153,1.2356931104119853,0.0171263456522408
0.3141592653589793,1.2356931104119853,0.0364239429370083
0.3560471674068433,1.2356931104119853,0.0868697505348573
0.3979350694547070,1.2356931104119853,0.0878710379899665
0.4398229715025710,1.2356931104119853,0.1061332279562811
0.4817108735504350,1.2356931104119853,0.0392146620723809
0.5235987755982989,1.2356931104119853,0.0810100178576603
0.5654866776461627,1.2356931104119853,0.1526398692311363
0.6073745796940266,1.2356931104119853,0.3045334730591408
0.6492624817418906,1.2356931104119853,0.1146260272992978
0.6911503837897545,1.2356931104119853,0.0568405041227151
0.7330382858376183,1.2356931104119853,0.0360573420784213
0.7749261878854823,1.2356931104119853,0.0269770360880734
0.8168140899333461,1.2356931104119853,0.0351975975589412
0.8587019919812100,1.2356931104119853,0.0056764948638940
0.9005898940290740,1.2356931104119853,0.0200085797418275
0.9424777960769379,1.2356931104119853,0.0194007512084465
0.9843656981248019,1.2356931104119853,0.0099823158524468
1.0262536001726656,1.2356931104119853,0.0181447533399521
1.0681415022205296,1.2356931104119853,0.0245868479079797
1.1100294042683936,1.2356931104119853,0.0219566379185841
1.1519173063162575,1.2356931104119853,0.0141893792402338
1.1938052083641213,1.2356931104119853,0.0076050016672090
1.2356931104119853,1.2356931104119853,0.0070794523616827
1.2775810124598492,1.2356931104119853,0.0088634329456609
1.3194689145077132,1.2356931104119853,0.0102638881496498
1.3613568165555769,1.2356931104119853,0.0111590422547513
1.4032447186034409,1.2356931104119853,0.0109385938740670
1.4451326206513049,1.2356931104119853,0.0090770552596181
1.4870205226991688,1.2356931104119853,0.0061382526251132
1.5289084247470326,1.2356931104119853,0.0053773958093326
1.5707963267948966,1.2356931104119853,0.0087049045340042
1.6126842288427605,1.2356931104119853,0.0121298934016744
1.6545721308906245,1.2356931104119853,0.0133823069491670
1.6964600329384882,1.2356931104119853,0.0114622145832734
1.7383479349863524,1.2356931104119853,0.0062752588830261
1.7802358370342162,1.2356931104119853,0.0025543914259525
1.8221237390820799,1.2356931104119853,0.0108190052123458
1.8640116411299441,1.2356931104119853,0.0181656311147746
1.9058995431778079,1.2356931104119853,0.0219843085486175
1.9477874452256716,1.2356931104119853,0.0216498878104913
1.9896753472735358,1.2356931104119853,0.0199509966738252
2.0315632493213993,1.2356931104119853,0.0214334261218186
2.0734511513692637,1.2356931104119853,0.0237944986788284
2.1153390534171272,1.2356931104119853,0.0206972156478855
2.1572269554649912,1.2356931104119853,0.0107409567155711
2.1991148575128552,1.2356931104119853,0.0060151728689296
2.2410027595607191,1.2356931104119853,0.0109504769548570
2.2828906616085827,1.2356931104119853,0.0054462328811560
2.3247785636564471,1.2356931104119853,0.0134359316659171
2.3666664657043106,1.2356931104119853,0.0211277632304293
2.4085543677521750,1.2356931104119853,0.0465118518718546
2.4504422698000385,1.2356931104119853,0.0689092395002212
2.4923301718479025,1.2356931104119853,0.1606805628381990
2.5342180738957665,1.2356931104119853,0.3302404401294365
2.5761059759436304,1.2356931104119853,0.1697650570261633
2.6179938779914940,1.2356931104119853,0.0620574549763437
2.6598817800393584,1.2356931104119853,0.1086595001055431
2.7017696820872219,1.2356931104119853,0.0327937609587923
2.7436575841350863,1.2356931104119853,0.0673615905782400
2.7855454861829498,1.2356931104119853,0.0137616175698180
2.8274333882308138,1.2356931104119853,0.0433813426166945
2.8693212902786778,1.2356931104119853,0.0377757087159264
2.9112091923265417,1.2356931104119853,0.0134010813765779
2.9530970943744053,1.2356931104119853,0.0064185783929609
2.9949849964222697,1.2356931104119853,0.0171124517906641
3.0368728984701332,1.2356931104119853,0.0235914874410497
3.0787608005179976,1.2356931104119853,0.0283197560542399
3.1206487025658611,1.2356931104119853,0.0393031975685001
0.0209439510239320,1.2775810124598492,0.0704193188393846
0.0628318530717960,1.2775810124598492,0.0465099269684266
0.1047197551196597,1.2775810124598492,0.0410844813314465
0.1466076571675237,1.2775810124598492,0.0399479009418473
0.1884955592153876,1.2775810124598492,0.0460511423491887
0.2303834612632514,1.2775810124598492,0.0514962343718558
0.2722713633111153,1.2775810124598492,0.0369535774106359
0.3141592653589793,1.2775810124598492,0.0288010305169359
0.3560471674068433,1.2775810124598492,0.0917249653581021
0.3979350694547070,1.2775810124598492,0.1220813456978854
0.4398229715025710,1.2775810124598492,0.0302541332839407
0.4817108735504350,1.2775810124598492,0.1456124890223300
0.5235987755982989,1.2775810124598492,0.0567745518823844
0.5654866776461627,1.2775810124598492,0.0315504747435539
0.6073745796940266,1.2775810124598492,0.6015425709677539
0.6492624817418906,1.2775810124598492,0.0243525277129054
0.6911503837897545,1.2775810124598492,0.0399699083501289
0.7330382858376183,1.2775810124598492,0.0211542654237303
0.7749261878854823,1.2775810124598492,0.0319242765567870
0.8168140899333461,1.2775810124598492,0.0207938200617390
0.8587019919812100,1.2775810124598492,0.0096575884675359
0.9005898940290740,1.2775810124598492,0.0203308749171042
0.9424777960769379,1.2775810124598492,0.0125550308331549
0.9843656981248019,1.2775810124598492,0.0113020385087114
1.0262536001726656,1.2775810124598492,0.0209751524985400
1.0681415022205296,1.2775810124598492,0.0216275412882329
1.1100294042683936,1.2775810124598492,0.0145298384416433
1.1519173063162575,1.2775810124598492,0.0089628442675387
1.1938052083641213,1.2775810124598492,0.0118266148020784
1.2356931104119853,1.2775810124598492,0.0139011467051622
1.2775810124598492,1.2775810124598492,0.0127054951386591
1.3194689145077132,1.2775810124598492,0.0105118440579092
1.3613568165555769,1.2775810124598492,0.0095536804370110
1.4032447186034409,1.2775810124598492,0.0091100906186608
1.4451326206513049,1.2775810124598492,0.0072666413095860
1.4870205226991688,1.2775810124598492,0.0034571166534426
1.5289084247470326,1.2775810124598492,0.0025033303906570
1.5707963267948966,1.2775810124598492,0.0079994868337310
1.6126842288427605,1.2775810124598492,0.0125264614541983
1.6545721308906245,1.2775810124598492,0.0146005967195829
1.6964600329384882,1.2775810124598492,0.0133683679128159
1.7383479349863524,1.2775810124598492,0.0090766719762576
1.7802358370342162,1.2775810124598492,0.0063681158313992
1.8221237390820799,1.2775810124598492,0.0128329323430957
1.8640116411299441,1.2775810124598492,0.0205782944847507
1.9058995431778079,1.2775810124598492,0.0247151194565657
1.9477874452256716,1.2775810124598492,0.0233301118335311
1.9896753472735358,1.2775810124598492,0.0186328215760642
2.0315632493213993,1.2775810124598492,0.0195498380325166
2.0734511513692637,1.2775810124598492,0.0266920323395803
2.1153390534171272,1.2775810124598492,0.0291171560398104
2.1572269554649912,1.2775810124598492,0.0213762105941325
2.1991148575128552,1.2775810124598492,0.0056394409257655
2.2410027595607191,1.2775810124598492,0.0096198287022096
2.2828906616085827,1.2775810124598492,0.0144867186611466
2.3247785636564471,1.2775810124598492,0.0112168471282331
2.3666664657043106,1.2775810124598492,0.0144117035981657
2.4085543677521750,1.2775810124598492,0.0315201819377284
2.4504422698000385,1.2775810124598492,0.0708561423230600
2.4923301718479025,1.2775810124598492,0.0339450184405647
2.5342180738957665,1.2775810124598492,0.6313898989778800
2.5761059759436304,1.2775810124598492,0.0263760823508191
2.6179938779914940,1.2775810124598492,0.0984466649644331
2.6598817800393584,1.2775810124598492,0.2123279568304313
2.7017696820872219,1.2775810124598492,0.0468409747530854
2.7436575841350863,1.2775810124598492,0.0530754011663495
2.7855454861829498,1.2775810124598492,0.0063139005449322
2.8274333882308138,1.2775810124598492,0.0303493913784949
2.8693212902786778,1.2775810124598492,0.0367736370224295
2.9112091923265417,1.2775810124598492,0.0335289144310510
2.9530970943744053,1.2775810124598492,0.0238804099382929
2.9949849964222697,1.2775810124598492,0.0092268541460227
3.0368728984701332,1.2775810124598492,0.0088694757306856
3.0787608005179976,1.2775810124598492,0.0269963731409850
3.1206487025658611,1.2775810124598492,0.0486454214879880
0.0209439510239320,1.3194689145077132,0.0905780461324606
0.0628318530717960,1.3194689145077132,0.0395426730380099
0.1047197551196597,1.3194689145077132,0.0115465731835219
0.1466076571675237,1.3194689145077132,0.0269253830948708
0.1884955592153876,1.3194689145077132,0.0516925049651116
0.2303834612632514,1.3194689145077132,0.0643390418861277
0.2722713633111153,1.3194689145077132,0.0483596296618006
0.3141592653589793,1.3194689145077132,0.0228889890524406
0.3560471674068433,1.3194689145077132,0.0852685704959665
0.3979350694547070,1.3194689145077132,0.1133919066501873
0.4398229715025710,1.3194689145077132,0.0701113392208105
0.4817108735504350,1.3194689145077132,0.2694973222434151
0.5235987755982989,1.3194689145077132,0.1433002789184082
0.5654866776461627,1.3194689145077132,0.1777260775992330
0.6073745796940266,1.3194689145077132,0.3656158756242338
0.6492624817418906,1.3194689145077132,0.0064796447899777
0.6911503837897545,1.3194689145077132,0.0140898779671184
0.7330382858376183,1.3194689145077132,0.0101841708879529
0.7749261878854823,1.3194689145077132,0.0275290939061396
0.8168140899333461,1.3194689145077132,0.0075811422823495
0.8587019919812100,1.3194689145077132,0.0147418913927313
0.9005898940290740,1.3194689145077132,0.0168070142235916
0.9424777960769379,1.3194689145077132,0.0071527172613632
0.9843656981248019,1.3194689145077132,0.0142805971315936
1.0262536001726656,1.3194689145077132,0.0199796496735200
1.0681415022205296,1.3194689145077132,0.0153298738939632
1.1100294042683936,1.3194689145077132,0.0071230927781012
1.1519173063162575,1.3194689145077132,0.0122828407101015
1.1938052083641213,1.3194689145077132,0.0181372157694555
1.2356931104119853,1.3194689145077132,0.0181413299062333
1.2775810124598492,1.3194689145077132,0.0137788298860964
1.3194689145077132,1.3194689145077132,0.0089929711069095
1.3613568165555769,1.3194689145077132,0.0082530134801833
1.4032447186034409,1.3194689145077132,0.0097019639146400
1.4451326206513049,1.3194689145077132,0.0094952467471206
1.4870205226991688,1.3194689145077132,0.0074570507927002
1.5289084247470326,1.3194689145077132,0.0067475747221465
1.5707963267948966,1.3194689145077132,0.0102275062563136
1.6126842288427605,1.3194689145077132,0.0146391699673652
1.6545721308906245,1.3194689145077132,0.0172499959843506
1.6964600329384882,1.3194689145077132,0.0167807317267629
1.7383479349863524,1.3194689145077132,0.0132618611945034
1.7802358370342162,1.3194689145077132,0.0098045697958325
1.8221237390820799,1.3194689145077132,0.0135047772435885
1.8640116411299441,1.3194689145077132,0.0210108549897768
1.9058995431778079,1.3194689145077132,0.0257788645272698
1.9477874452256716,1.3194689145077132,0.0244347352106102
1.9896753472735358,1.3194689145077132,0.0172012326418764
2.0315632493213993,1.3194689145077132,0.0144621653864373
2.0734511513692637,1.3194689145077132,0.0247919569104166
2.1153390534171272,1.3194689145077132,0.0323243777135978
2.1572269554649912,1.3194689145077132,0.0287007281560695
2.1991148575128552,1.3194689145077132,0.0141168865068745
2.2410027595607191,1.3194689145077132,0.0072748129411108
2.2828906616085827,1.3194689145077132,0.0180396086454021
2.3247785636564471,1.3194689145077132,0.0151252942564780
2.3666664657043106,1.3194689145077132,0.0100210205331540
2.4085543677521750,1.3194689145077132,0.0166119743598711
2.4504422698000385,1.3194689145077132,0.0524115460112818
2.4923301718479025,1.3194689145077132,0.0144251317719610
2.5342180738957665,1.3194689145077132,0.4083888252934633
2.5761059759436304,1.3194689145077132,0.1782162527656726
2.6179938779914940,1.3194689145077132,0.1631550247037986
2.6598817800393584,1.3194689145077132,0.1083802205915444
2.7017696820872219,1.3194689145077132,0.0457663791594116
2.7436575841350863,1.3194689145077132,0.0358831018724997
2.7855454861829498,1.3194689145077132,0.0104973661755110
2.8274333882308138,1.3194689145077132,0.0213553822034429
2.8693212902786778,1.3194689145077132,0.0403051919403648
2.9112091923265417,1.3194689145077132,0.0486185790292294
2.9530970943744053,1.3194689145077132,0.0437516075934936
2.9949849964222697,1.3194689145077132,0.0304020563747255
3.0368728984701332,1.3194689145077132,0.0137764934270671
3.0787608005179976,1.3194689145077132,0.0249523564906398
3.1206487025658611,1.3194689145077132,0.0494785746893712
0.0209439510239320,1.3613568165555769,0.0958669975205907
0.0628318530717960,1.3613568165555769,0.0304149947397141
0.1047197551196597,1.3613568165555769,0.0243232260280038
0.1466076571675237,1.3613568165555769,0.0490118758564443
0.1884955592153876,1.3613568165555769,0.0653648929871975
0.2303834612632514,1.3613568165555769,0.0674054100777634
0.2722713633111153,1.3613568165555769,0.0452611538125779
0.3141592653589793,1.3613568165555769,0.0148562241925791
0.3560471674068433,1.3613568165555769,0.0707619145462312
0.3979350694547070,1.3613568165555769,0.0823602705757400
0.4398229715025710,1.3613568165555769,0.0826706834772927
0.4817108735504350,1.3613568165555769,0.1568498129655861
0.5235987755982989,1.3613568165555769,0.1873119800842216
0.5654866776461627,1.3613568165555769,0.2144282472585338
0.6073745796940266,1.3613568165555769,0.1418471240260483
0.6492624817418906,1.3613568165555769,0.0462981890102155
0.6911503837897545,1.3613568165555769,0.0086074468608882
0.7330382858376183,1.3613568165555769,0.0078660122354310
0.7749261878854823,1.3613568165555769,0.0191342612261963
0.8168140899333461,1.3613568165555769,0.0020394730346519
0.8587019919812100,1.3613568165555769,0.0152032357178227
0.9005898940290740,1.3613568165555769,0.0116219885980012
0.9424777960769379,1.3613568165555769,0.0059058561556907
0.9843656981248019,1.3613568165555769,0.0150070648097299
1.0262536001726656,1.3613568165555769,0.0161722216323171
1.0681415022205296,1.3613568165555769,0.0076263587085712
1.1100294042683936,1.3613568165555769,0.0073306214029329
1.1519173063162575,1.3613568165555769,0.0179760995717485
1.1938052083641213,1.3613568165555769,0.0222857427633446
1.2356931104119853,1.3613568165555769,0.0196118194011276
1.2775810124598492,1.3613568165555769,0.0126132154675408
1.3194689145077132,1.3613568165555769,0.0066268834655698
1.3613568165555769,1.3613568165555769,0.0088358634877357
1.4032447186034409,1.3613568165555769,0.0124450391473705
1.4451326206513049,1.3613568165555769,0.0132081051627621
1.4870205226991688,1.3613568165555769,0.0114853915708529
1.5289084247470326,1.3613568165555769,0.0098518308311981
1.5707963267948966,1.3613568165555769,0.0116731964457770
1.6126842288427605,1.3613568165555769,0.0157364360077738
1.6545721308906245,1.3613568165555769,0.0188559358040118
1.6964600329384882,1.3613568165555769,0.0192189142547112
1.7383479349863524,1.3613568165555769,0.0164027091386812
1.7802358370342162,1.3613568165555769,0.0122627946439478
1.8221237390820799,1.3613568165555769,0.0129455466382403
1.8640116411299441,1.3613568165555769,0.0194425817635475
1.9058995431778079,1.3613568165555769,0.0248205115491609
1.9477874452256716,1.3613568165555769,0.0244219973088097
1.9896753472735358,1.3613568165555769,0.0165480285241483
2.0315632493213993,1.3613568165555769,0.0076793845496628
2.0734511513692637,1.3613568165555769,0.0195101526941612
2.1153390534171272,1.3613568165555769,0.0308436232845654
2.1572269554649912,1.3613568165555769,0.0313505173145911
2.1991148575128552,1.3613568165555769,0.0200079135514203
2.2410027595607191,1.3613568165555769,0.0082155757115180
2.2828906616085827,1.3613568165555769,0.0173208779097368
2.3247785636564471,1.3613568165555769,0.0171749661481671
2.3666664657043106,1.3613568165555769,0.0070690814199530
2.4085543677521750,1.3613568165555769,0.0072000774281630
2.4504422698000385,1.3613568165555769,0.0363799107436865
2.4923301718479025,1.3613568165555769,0.0447726513752072
2.5342180738957665,1.3613568165555769,0.1157691363161406
2.5761059759436304,1.3613568165555769,0.2399605696587154
2.6179938779914940,1.3613568165555769,0.0869530715179802
2.6598817800393584,1.3613568165555769,0.0556282212414025
2.7017696820872219,1.3613568165555769,0.0534493693962588
2.7436575841350863,1.3613568165555769,0.0194556656396232
2.7855454861829498,1.3613568165555769,0.0129800613796584
2.8274333882308138,1.3613568165555769,0.0186795891557232
2.8693212902786778,1.3613568165555769,0.0348479044346989
2.9112091923265417,1.3613568165555769,0.0456099030661844
2.9530970943744053,1.3613568165555769,0.0488476456982809
2.9949849964222697,1.3613568165555769,0.0423733331577516
3.0368728984701332,1.3613568165555769,0.0262622517819227
3.0787608005179976,1.3613568165555769,0.0249141180158525
3.1206487025658611,1.3613568165555769,0.0412639803491267
0.0209439510239320,1.4032447186034409,0.0855667110008397
0.0628318530717960,1.4032447186034409,0.0297350299962638
0.1047197551196597,1.4032447186034409,0.0518469428090713
0.1466076571675237,1.4032447186034409,0.0686113870936566
0.1884955592153876,1.4032447186034409,0.0689118566458049
0.2303834612632514,1.4032447186034409,0.0541484522543950
0.2722713633111153,1.4032447186034409,0.0255441753996300
0.3141592653589793,1.4032447186034409,0.0168084811014783
0.3560471674068433,1.4032447186034409,0.0548329366745102
0.3979350694547070,1.4032447186034409,0.0420653398890483
0.4398229715025710,1.4032447186034409,0.0686718711829604
0.4817108735504350,1.4032447186034409,0.0634717240282366
0.5235987755982989,1.4032447186034409,0.0257787608962342
0.5654866776461627,1.4032447186034409,0.4744163040519758
0.6073745796940266,1.4032447186034409,0.0724845926972441
0.6492624817418906,1.4032447186034409,0.0519016545153251
0.6911503837897545,1.4032447186034409,0.0171988264748745
0.7330382858376183,1.4032447186034409,0.0052275909636521
0.7749261878854823,1.4032447186034409,0.0112510406201335
0.8168140899333461,1.4032447186034409,0.0071264494992701
0.8587019919812100,1.4032447186034409,0.0123367320389184
0.9005898940290740,1.4032447186034409,0.0064164316277726
0.9424777960769379,1.4032447186034409,0.0067154718713837
0.9843656981248019,1.4032447186034409,0.0133970846080509
1.0262536001726656,1.4032447186034409,0.0112410293337879
1.0681415022205296,1.4032447186034409,0.0010489749466317
1.1100294042683936,1.4032447186034409,0.0125037194412528
1.1519173063162575,1.4032447186034409,0.0217529370959283
1.1938052083641213,1.4032447186034409,0.0237140151827827
1.2356931104119853,1.4032447186034409,0.0187611122957309
1.2775810124598492,1.4032447186034409,0.0099321502220945
1.3194689145077132,1.4032447186034409,0.0047425585036516
1.3613568165555769,1.4032447186034409,0.0108226280035317
1.4032447186034409,1.4032447186034409,0.0154093377572388
1.4451326206513049,1.4032447186034409,0.0163416572008086
1.4870205226991688,1.4032447186034409,0.0142245401345509
1.5289084247470326,1.4032447186034409,0.0112271485035596
1.5707963267948966,1.4032447186034409,0.0111645783761999
1.6126842288427605,1.4032447186034409,0.0147301123782408
1.6545721308906245,1.4032447186034409,0.0183920767084779
1.6964600329384882,1.4032447186034409,0.0197071754353601
1.7383479349863524,1.4032447186034409,0.0177794560047029
1.7802358370342162,1.4032447186034409,0.0134613946641224
1.8221237390820799,1.4032447186034409,0.0113620596251219
1.8640116411299441,1.4032447186034409,0.0161215230196731
1.9058995431778079,1.4032447186034409,0.0219397152786271
1.9477874452256716,1.4032447186034409,0.0231021646915498
1.9896753472735358,1.4032447186034409,0.0168532737457126
2.0315632493213993,1.4032447186034409,0.0035763147561238
2.0734511513692637,1.4032447186034409,0.0129596064482674
2.1153390534171272,1.4032447186034409,0.0259482358537756
2.1572269554649912,1.4032447186034409,0.0294735325561062
2.1991148575128552,1.4032447186034409,0.0221095019811184
2.2410027595607191,1.4032447186034409,0.0112581078225220
2.2828906616085827,1.4032447186034409,0.0142213311731612
2.3247785636564471,1.4032447186034409,0.0152865483464413
2.3666664657043106,1.4032447186034409,0.0060956646037460
2.4085543677521750,1.4032447186034409,0.0036881300605520
2.4504422698000385,1.4032447186034409,0.0236249093653046
2.4923301718479025,1.4032447186034409,0.0609386965093716
2.5342180738957665,1.4032447186034409,0.0581205069870730
2.5761059759436304,1.4032447186034409,0.3918993387230196
2.6179938779914940,1.4032447186034409,0.2074616469888692
2.6598817800393584,1.4032447186034409,0.0905050623824599
2.7017696820872219,1.4032447186034409,0.0683030862321937
2.7436575841350863,1.4032447186034409,0.0132306541559998
2.7855454861829498,1.4032447186034409,0.0157387959739083
2.8274333882308138,1.4032447186034409,0.0269760699235524
2.8693212902786778,1.4032447186034409,0.0223605491566735
2.9112091923265417,1.4032447186034409,0.0251858339120372
2.9530970943744053,1.4032447186034409,0.0395208266310768
2.9949849964222697,1.4032447186034409,0.0411052519523556
3.0368728984701332,1.4032447186034409,0.0288686661179455
3.0787608005179976,1.4032447186034409,0.0239873777733209
3.1206487025658611,1.4032447186034409,0.0270850187480865
0.0209439510239320,1.4451326206513049,0.0649735031701672
0.0628318530717960,1.4451326206513049,0.0349576382595464
0.1047197551196597,1.4451326206513049,0.0614473702018407
0.1466076571675237,1.4451326206513049,0.0657865381290225
0.1884955592153876,1.4451326206513049,0.0511126027624590
0.2303834612632514,1.4451326206513049,0.0231405014949466
0.2722713633111153,1.4451326206513049,0.0140112744587952
0.3141592653589793,1.4451326206513049,0.0419923150253266
0.3560471674068433,1.4451326206513049,0.0498664541718299
0.3979350694547070,1.4451326206513049,0.0082925040547789
0.4398229715025710,1.4451326206513049,0.0775291601194854
0.4817108735504350,1.4451326206513049,0.1241205878351403
0.5235987755982989,1.4451326206513049,0.3819441416636523
0.5654866776461627,1.4451326206513049,0.4742155211391765
0.6073745796940266,1.4451326206513049,0.0511809395493615
0.6492624817418906,1.4451326206513049,0.0364906943714079
0.6911503837897545,1.4451326206513049,0.0245547581958546
0.7330382858376183,1.4451326206513049,0.0017005477231954
0.7749261878854823,1.4451326206513049,0.0077647322619462
0.8168140899333461,1.4451326206513049,0.0088006062133366
0.8587019919812100,1.4451326206513049,0.0077786981987596
0.9005898940290740,1.4451326206513049,0.0022366398950669
0.9424777960769379,1.4451326206513049,0.0065375278978748
0.9843656981248019,1.4451326206513049,0.0103874167126177
1.0262536001726656,1.4451326206513049,0.0073586697932214
1.0681415022205296,1.4451326206513049,0.0059952592254823
1.1100294042683936,1.4451326206513049,0.0160292221360355
1.1519173063162575,1.4451326206513049,0.0227907485572960
1.1938052083641213,1.4451326206513049,0.0226798460860476
1.2356931104119853,1.4451326206513049,0.0163115713032643
1.2775810124598492,1.4451326206513049,0.0065309656655204
1.3194689145077132,1.4451326206513049,0.0047067938523432
1.3613568165555769,1.4451326206513049,0.0127261065490377
1.4032447186034409,1.4451326206513049,0.0174600974689995
1.4451326206513049,1.4451326206513049,0.0182908947713244
1.4870205226991688,1.4451326206513049,0.0157593282266610
1.5289084247470326,1.4451326206513049,0.0114665694434869
1.5707963267948966,1.4451326206513049,0.0089981391709220
1.6126842288427605,1.4451326206513049,0.0116457165399611
1.6545721308906245,1.4451326206513049,0.0158394895174182
1.6964600329384882,1.4451326206513049,0.0181947978964627
1.7383479349863524,1.4451326206513049,0.0173861079637808
1.7802358370342162,1.4451326206513049,0.0134850932521342
1.8221237390820799,1.4451326206513049,0.0091942367896384
1.8640116411299441,1.4451326206513049,0.0114661737117110
1.9058995431778079,1.4451326206513049,0.0175873531447609
1.9477874452256716,1.4451326206513049,0.0207219486154696
1.9896753472735358,1.4451326206513049,0.0178009888760727
2.0315632493213993,1.4451326206513049,0.0093664646984384
2.0734511513692637,1.4451326206513049,0.0091818484872647
2.1153390534171272,1.4451326206513049,0.0193946581239893
2.1572269554649912,1.4451326206513049,0.0239070936934643
2.1991148575128552,1.4451326206513049,0.0204102880584184
2.2410027595607191,1.4451326206513049,0.0134160314285180
2.2828906616085827,1.4451326206513049,0.0108412500288555
2.3247785636564471,1.4451326206513049,0.0099786954097231
2.3666664657043106,1.4451326206513049,0.0057992984053810
2.4085543677521750,1.4451326206513049,0.0051335594062816
2.4504422698000385,1.4451326206513049,0.0121281393174807
2.4923301718479025,1.4451326206513049,0.0513596395401967
2.5342180738957665,1.4451326206513049,0.0647570963284334
2.5761059759436304,1.4451326206513049,0.4384014194714771
2.6179938779914940,1.4451326206513049,0.3002281574351721
2.6598817800393584,1.4451326206513049,0.0871447588049898
2.7017696820872219,1.4451326206513049,0.0785863177750276
2.7436575841350863,1.4451326206513049,0.0446032675548243
2.7855454861829498,1.4451326206513049,0.0258900651247677
2.8274333882308138,1.4451326206513049,0.0451013147285178
2.8693212902786778,1.4451326206513049,0.0306320705159836
2.9112091923265417,1.4451326206513049,0.0039313851057615
2.9530970943744053,1.4451326206513049,0.0264308460771309
2.9949849964222697,1.4451326206513049,0.0305539122808305
3.0368728984701332,1.4451326206513049,0.0209462310325431
3.0787608005179976,1.4451326206513049,0.0185231488225264
3.1206487025658611,1.4451326206513049,0.0126159950450105
0.0209439510239320,1.4870205226991688,0.0425351406008934
0.0628318530717960,1.4870205226991688,0.0362482657615664
0.1047197551196597,1.4870205226991688,0.0536378639700261
0.1466076571675237,1.4870205226991688,0.0432491156219835
0.1884955592153876,1.4870205226991688,0.0165876692358270
0.2303834612632514,1.4870205226991688,0.0171364197344046
0.2722713633111153,1.4870205226991688,0.0491113104015023
0.3141592653589793,1.4870205226991688,0.0668792307616020
0.3560471674068433,1.4870205226991688,0.0543018470713254
0.3979350694547070,1.4870205226991688,0.0316543551122585
0.4398229715025710,1.4870205226991688,0.0928199798556155
0.4817108735504350,1.4870205226991688,0.1235264383450706
0.5235987755982989,1.4870205226991688,0.3441267880076416
0.5654866776461627,1.4870205226991688,0.3835406333517485
0.6073745796940266,1.4870205226991688,0.0753811085952741
0.6492624817418906,1.4870205226991688,0.0198502537841129
0.6911503837897545,1.4870205226991688,0.0311267327084979
0.7330382858376183,1.4870205226991688,0.0088204351469818
0.7749261878854823,1.4870205226991688,0.0085687728496954
0.8168140899333461,1.4870205226991688,0.0085466365880826
0.8587019919812100,1.4870205226991688,0.0036784885267573
0.9005898940290740,1.4870205226991688,0.0012011456848506
0.9424777960769379,1.4870205226991688,0.0050105010473847
0.9843656981248019,1.4870205226991688,0.0072876152679518
1.0262536001726656,1.4870205226991688,0.0068203036121237
1.0681415022205296,1.4870205226991688,0.0097664210659809
1.1100294042683936,1.4870205226991688,0.0168865341258524
1.1519173063162575,1.4870205226991688,0.0211932276449723
1.1938052083641213,1.4870205226991688,0.0197958975959388
1.2356931104119853,1.4870205226991688,0.0132149892149393
1.2775810124598492,1.4870205226991688,0.0038492774348371
1.3194689145077132,1.4870205226991688,0.0060334501915415
1.3613568165555769,1.4870205226991688,0.0136716309036269
1.4032447186034409,1.4870205226991688,0.0181067904495272
1.4451326206513049,1.4870205226991688,0.0188974876117588
1.4870205226991688,1.4870205226991688,0.0163645213358574
1.5289084247470326,1.4870205226991688,0.0114843374021584
1.5707963267948966,1.4870205226991688,0.0064613322083808
1.6126842288427605,1.4870205226991688,0.0070629525204135
1.6545721308906245,1.4870205226991688,0.0117420329387654
1.6964600329384882,1.4870205226991688,0.0151530354875118
1.7383479349863524,1.4870205226991688,0.0156340062550124
1.7802358370342162,1.4870205226991688,0.0127368900900424
1.8221237390820799,1.4870205226991688,0.0073510616706433
1.8640116411299441,1.4870205226991688,0.0059984302963688
1.9058995431778079,1.4870205226991688,0.0125442012213097
1.9477874452256716,1.4870205226991688,0.0179024767951198
1.9896753472735358,1.4870205226991688,0.0189494450123718
2.0315632493213993,1.4870205226991688,0.0156513267232431
2.0734511513692637,1.4870205226991688,0.0121464069544385
2.1153390534171272,1.4870205226991688,0.0135962736070406
2.1572269554649912,1.4870205226991688,0.0158275945157049
2.1991148575128552,1.4870205226991688,0.0155762739112995
2.2410027595607191,1.4870205226991688,0.0137993771442763
2.2828906616085827,1.4870205226991688,0.0094981823802876
2.3247785636564471,1.4870205226991688,0.0028300772096644
2.3666664657043106,1.4870205226991688,0.0050905188115536
2.4085543677521750,1.4870205226991688,0.0092778468328363
2.4504422698000385,1.4870205226991688,0.0054356738797201
2.4923301718479025,1.4870205226991688,0.0335715407431567
2.5342180738957665,1.4870205226991688,0.0880897273814441
2.5761059759436304,1.4870205226991688,0.6216332886802861
2.6179938779914940,1.4870205226991688,0.1662346349216416
2.6598817800393584,1.4870205226991688,0.0810165906568162
2.7017696820872219,1.4870205226991688,0.0828631621559149
2.7436575841350863,1.4870205226991688,0.0847951120477629
2.7855454861829498,1.4870205226991688,0.0259594163575905
2.8274333882308138,1.4870205226991688,0.0539658708655189
2.8693212902786778,1.4870205226991688,0.0431556327687639
2.9112091923265417,1.4870205226991688,0.0206676664362181
2.9530970943744053,1.4870205226991688,0.0237541168602349
2.9949849964222697,1.4870205226991688,0.0212452060919173
3.0368728984701332,1.4870205226991688,0.0074232739870384
3.0787608005179976,1.4870205226991688,0.0092372170700477
3.1206487025658611,1.4870205226991688,0.0053150551570338
0.0209439510239320,1.5289084247470326,0.0256499356153485
0.0628318530717960,1.5289084247470326,0.0315188531419667
0.1047197551196597,1.5289084247470326,0.0389953804740486
0.1466076571675237,1.5289084247470326,0.0213050747597206
0.1884955592153876,1.5289084247470326,0.0192092527882706
0.2303834612632514,1.5289084247470326,0.0495845266890389
0.2722713633111153,1.5289084247470326,0.0722713141263428
0.3141592653589793,1.5289084247470326,0.0732026629641098
0.3560471674068433,1.5289084247470326,0.0505163457898929
0.3979350694547070,1.5289084247470326,0.0706561602906069
0.4398229715025710,1.5289084247470326,0.0850316966925777
0.4817108735504350,1.5289084247470326,0.1043562364565986
0.5235987755982989,1.5289084247470326,0.1240983995707259
0.5654866776461627,1.5289084247470326,1.6003857676394757
0.6073745796940266,1.5289084247470326,0.0698832043454519
0.6492624817418906,1.5289084247470326,0.0205089992869221
0.6911503837897545,1.5289084247470326,0.0363061181824142
0.7330382858376183,1.5289084247470326,0.0165539850224010
0.7749261878854823,1.5289084247470326,0.0091744680558904
0.8168140899333461,1.5289084247470326,0.0081665273082603
0.8587019919812100,1.5289084247470326,0.0047118946569374
0.9005898940290740,1.5289084247470326,0.0025415596026266
0.9424777960769379,1.5289084247470326,0.0029034174094200
0.9843656981248019,1.5289084247470326,0.0057820073014642
1.0262536001726656,1.5289084247470326,0.0083859226731717
1.0681415022205296,1.5289084247470326,0.0112213443148149
1.1100294042683936,1.5289084247470326,0.0151629016829098
1.1519173063162575,1.5289084247470326,0.0174604188667822
1.1938052083641213,1.5289084247470326,0.0159119833419390
1.2356931104119853,1.5289084247470326,0.0107801107173712
1.2775810124598492,1.5289084247470326,0.0050648242912447
1.3194689145077132,1.5289084247470326,0.0076119190068371
1.3613568165555769,1.5289084247470326,0.0133814243595398
1.4032447186034409,1.5289084247470326,0.0171729222846028
1.4451326206513049,1.5289084247470326,0.0181135755771730
1.4870205226991688,1.5289084247470326,0.0161979936850237
1.5289084247470326,1.5289084247470326,0.0118969867687754
1.5707963267948966,1.5289084247470326,0.0060576269796811
1.6126842288427605,1.5289084247470326,0.0018230518269736
1.6545721308906245,1.5289084247470326,0.0070119059987436
1.6964600329384882,1.5289084247470326,0.0113640341900546
1.7383479349863524,1.5289084247470326,0.0131739374622084
1.7802358370342162,1.5289084247470326,0.0117909409447211
1.8221237390820799,1.5289084247470326,0.0071667902987380
1.8640116411299441,1.5289084247470326,0.0003109334928246
1.9058995431778079,1.5289084247470326,0.0082352149081852
1.9477874452256716,1.5289084247470326,0.0154943171309936
1.9896753472735358,1.5289084247470326,0.0198666084612538
2.0315632493213993,1.5289084247470326,0.0203399109166654
2.0734511513692637,1.5289084247470326,0.0172763806691712
2.1153390534171272,1.5289084247470326,0.0119325675581811
2.1572269554649912,1.5289084247470326,0.0068636065667933
2.1991148575128552,1.5289084247470326,0.0089219762248322
2.2410027595607191,1.5289084247470326,0.0125527508348386
2.2828906616085827,1.5289084247470326,0.0110519135615784
2.3247785636564471,1.5289084247470326,0.0063254825462123
2.3666664657043106,1.5289084247470326,0.0039206028387969
2.4085543677521750,1.5289084247470326,0.0150785126745675
2.4504422698000385,1.5289084247470326,0.0125503865568419
2.4923301718479025,1.5289084247470326,0.0214983141750209
2.5342180738957665,1.5289084247470326,0.0745879062467635
2.5761059759436304,1.5289084247470326,1.6984308328516113
2.6179938779914940,1.5289084247470326,0.0949209716724476
2.6598817800393584,1.5289084247470326,0.1053514326439093
2.7017696820872219,1.5289084247470326,0.0808750130933868
2.7436575841350863,1.5289084247470326,0.1185730189013845
2.7855454861829498,1.5289084247470326,0.0132945342308429
2.8274333882308138,1.5289084247470326,0.0470458851642250
2.8693212902786778,1.5289084247470326,0.0387704804130495
2.9112091923265417,1.5289084247470326,0.0202636259676355
2.9530970943744053,1.5289084247470326,0.0253596472811840
2.9949849964222697,1.5289084247470326,0.0222382872091373
3.0368728984701332,1.5289084247470326,0.0120872777879863
3.0787608005179976,1.5289084247470326,0.0110589563200028
3.1206487025658611,1.5289084247470326,0.0046296392380781
0.0209439510239320,1.5707963267948966,0.0184183272896002
0.0628318530717960,1.5707963267948966,0.0237912719116279
0.1047197551196597,1.5707963267948966,0.0304963891907079
0.1466076571675237,1.5707963267948966,0.0250359787475473
0.1884955592153876,1.5707963267948966,0.0360988778307740
0.2303834612632514,1.5707963267948966,0.0579402622360510
0.2722713633111153,1.5707963267948966,0.0696369975743453
0.3141592653589793,1.5707963267948966,0.0523936873304738
0.3560471674068433,1.5707963267948966,0.0410055631981250
0.3979350694547070,1.5707963267948966,0.1158871542988584
0.4398229715025710,1.5707963267948966,0.0697676148186025
0.4817108735504350,1.5707963267948966,0.1123418277216052
0.5235987755982989,1.5707963267948966,0.0738436848024294
0.5654866776461627,1.5707963267948966,2.0124130579934563
0.6073745796940266,1.5707963267948966,0.0435143681529102
0.6492624817418906,1.5707963267948966,0.0300788866963574
0.6911503837897545,1.5707963267948966,0.0385334117635268
0.7330382858376183,1.5707963267948966,0.0226955241285947
0.7749261878854823,1.5707963267948966,0.0083144996782006
0.8168140899333461,1.5707963267948966,0.0084760787549470
0.8587019919812100,1.5707963267948966,0.0078639843720358
0.9005898940290740,1.5707963267948966,0.0028830268410664
0.9424777960769379,1.5707963267948966,0.0028695750280963
0.9843656981248019,1.5707963267948966,0.0066363255069038
1.0262536001726656,1.5707963267948966,0.0095295745916098
1.0681415022205296,1.5707963267948966,0.0106077098849732
1.1100294042683936,1.5707963267948966,0.0113553291338928
1.1519173063162575,1.5707963267948966,0.0123236481617999
1.1938052083641213,1.5707963267948966,0.0121480947757357
1.2356931104119853,1.5707963267948966,0.0103896781127275
1.2775810124598492,1.5707963267948966,0.0085733893064156
1.3194689145077132,1.5707963267948966,0.0092339053028785
1.3613568165555769,1.5707963267948966,0.0120305453806615
1.4032447186034409,1.5707963267948966,0.0147001443890857
1.4451326206513049,1.5707963267948966,0.0159375706126127
1.4870205226991688,1.5707963267948966,0.0152405853592573
1.5289084247470326,1.5707963267948966,0.0125909495415575
1.5707963267948966,1.5707963267948966,0.0083586916050636
1.6126842288427605,1.5707963267948966,0.0034868795651369
1.6545721308906245,1.5707963267948966,0.0035833508014288
1.6964600329384882,1.5707963267948966,0.0078666901842842
1.7383479349863524,1.5707963267948966,0.0107250770434833
1.7802358370342162,1.5707963267948966,0.0111184081248365
1.8221237390820799,1.5707963267948966,0.0087835957794712
1.8640116411299441,1.5707963267948966,0.0051255379798051
1.9058995431778079,1.5707963267948966,0.0073768033863016
1.9477874452256716,1.5707963267948966,0.0142151905976161
1.9896753472735358,1.5707963267948966,0.0201169430770350
2.0315632493213993,1.5707963267948966,0.0228076455584106
2.0734511513692637,1.5707963267948966,0.0210941766946234
2.1153390534171272,1.5707963267948966,0.0149196027221785
2.1572269554649912,1.5707963267948966,0.0061065740209282
2.1991148575128552,1.5707963267948966,0.0050891946733732
2.2410027595607191,1.5707963267948966,0.0102736289050661
2.2828906616085827,1.5707963267948966,0.0138569442009491
2.3247785636564471,1.5707963267948966,0.0138159709723176
2.3666664657043106,1.5707963267948966,0.0021569525011269
2.4085543677521750,1.5707963267948966,0.0214496914789986
2.4504422698000385,1.5707963267948966,0.0184769599110378
2.4923301718479025,1.5707963267948966,0.0215511846717599
2.5342180738957665,1.5707963267948966,0.0354174014232757
2.5761059759436304,1.5707963267948966,2.0127512627113111
2.6179938779914940,1.5707963267948966,0.1005208840028715
2.6598817800393584,1.5707963267948966,0.1494675860943210
2.7017696820872219,1.5707963267948966,0.0705324036483197
2.7436575841350863,1.5707963267948966,0.1289257548653836
2.7855454861829498,1.5707963267948966,0.0276204785024476
2.8274333882308138,1.5707963267948966,0.0450333462197508
2.8693212902786778,1.5707963267948966,0.0281820521356096
2.9112091923265417,1.5707963267948966,0.0061237805313086
2.9530970943744053,1.5707963267948966,0.0253724890152691
2.9949849964222697,1.5707963267948966,0.0266188681230221
3.0368728984701332,1.5707963267948966,0.0238839951408784
3.0787608005179976,1.5707963267948966,0.0237873913382797
3.1206487025658611,1.5707963267948966,0.0063769156121002
0.0209439510239320,1.6126842288427605,0.0213856927826289
0.0628318530717960,1.6126842288427605,0.0175287060683666
0.1047197551196597,1.6126842288427605,0.0285009804935827
0.1466076571675237,1.6126842288427605,0.0265897523946429
0.1884955592153876,1.6126842288427605,0.0270980828597099
0.2303834612632514,1.6126842288427605,0.0421155294029111
0.2722713633111153,1.6126842288427605,0.0539404669163816
0.3141592653589793,1.6126842288427605,0.0333029349818606
0.3560471674068433,1.6126842288427605,0.0520178691488272
0.3979350694547070,1.6126842288427605,0.1461172833995699
0.4398229715025710,1.6126842288427605,0.0598676043210766
0.4817108735504350,1.6126842288427605,0.1597309675040940
0.5235987755982989,1.6126842288427605,0.1216605475334450
0.5654866776461627,1.6126842288427605,1.6886826113840350
0.6073745796940266,1.6126842288427605,0.0239524779694714
0.6492624817418906,1.6126842288427605,0.0359657450058281
0.6911503837897545,1.6126842288427605,0.0365089437687892
0.7330382858376183,1.6126842288427605,0.0255612891068465
0.7749261878854823,1.6126842288427605,0.0073001982610052
0.8168140899333461,1.6126842288427605,0.0086811175145118
0.8587019919812100,1.6126842288427605,0.0096796933106304
0.9005898940290740,1.6126842288427605,0.0024069708307303
0.9424777960769379,1.6126842288427605,0.0054273099572802
0.9843656981248019,1.6126842288427605,0.0083455525350340
1.0262536001726656,1.6126842288427605,0.0095339061295330
1.0681415022205296,1.6126842288427605,0.0085635020003755
1.1100294042683936,1.6126842288427605,0.0062064237154101
1.1519173063162575,1.6126842288427605,0.0068462416266336
1.1938052083641213,1.6126842288427605,0.0099376942917011
1.2356931104119853,1.6126842288427605,0.0119225734885664
1.2775810124598492,1.6126842288427605,0.0120229502665598
1.3194689145077132,1.6126842288427605,0.0109694484917830
1.3613568165555769,1.6126842288427605,0.0102578689386282
1.4032447186034409,1.6126842288427605,0.0109599376593680
1.4451326206513049,1.6126842288427605,0.0124590282667232
1.4870205226991688,1.6126842288427605,0.0134359521406088
1.5289084247470326,1.6126842288427605,0.0130441862860465
1.5707963267948966,1.6126842288427605,0.0110693809378212
1.6126842288427605,1.6126842288427605,0.0079400608397892
1.6545721308906245,1.6126842288427605,0.0052385427551821
1.6964600329384882,1.6126842288427605,0.0060286246307149
1.7383479349863524,1.6126842288427605,0.0088462849237449
1.7802358370342162,1.6126842288427605,0.0107751529767289
1.8221237390820799,1.6126842288427605,0.0108791051713948
1.8640116411299441,1.6126842288427605,0.0097329684153828
1.9058995431778079,1.6126842288427605,0.0101038456893765
1.9477874452256716,1.6126842288427605,0.0140947172052703
1.9896753472735358,1.6126842288427605,0.0192888210825022
2.0315632493213993,1.6126842288427605,0.0227093674275885
2.0734511513692637,1.6126842288427605,0.0226413610178419
2.1153390534171272,1.6126842288427605,0.0192512957272195
2.1572269554649912,1.6126842288427605,0.0148871415333631
2.1991148575128552,1.6126842288427605,0.0108056289974512
2.2410027595607191,1.6126842288427605,0.0076673103033710
2.2828906616085827,1.6126842288427605,0.0164782793782433
2.3247785636564471,1.6126842288427605,0.0192942835435078
2.3666664657043106,1.6126842288427605,0.0011422859715010
2.4085543677521750,1.6126842288427605,0.0265900268009566
2.4504422698000385,1.6126842288427605,0.0182687011934315
2.4923301718479025,1.6126842288427605,0.0241551071272852
2.5342180738957665,1.6126842288427605,0.0277658154712063
2.5761059759436304,1.6126842288427605,1.6345477396949428
2.6179938779914940,1.6126842288427605,0.2115436993462891
2.6598817800393584,1.6126842288427605,0.1686075559564337
2.7017696820872219,1.6126842288427605,0.0583643941479538
2.7436575841350863,1.6126842288427605,0.1074720144979263
2.7855454861829498,1.6126842288427605,0.0449190148395045
2.8274333882308138,1.6126842288427605,0.0575331075751274
2.8693212902786778,1.6126842288427605,0.0343556465941319
2.9112091923265417,1.6126842288427605,0.0257603395846652
2.9530970943744053,1.6126842288427605,0.0351483408294333
2.9949849964222697,1.6126842288427605,0.0305722908107095
3.0368728984701332,1.6126842288427605,0.0291760447780763
3.0787608005179976,1.6126842288427605,0.0346640402167184
3.1206487025658611,1.6126842288427605,0.0183461175803602
0.0209439510239320,1.6545721308906245,0.0302568257003991
0.0628318530717960,1.6545721308906245,0.0155631609883233
0.1047197551196597,1.6545721308906245,0.0262601411555070
0.1466076571675237,1.6545721308906245,0.0215165526907094
0.1884955592153876,1.6545721308906245,0.0003975934658634
0.2303834612632514,1.6545721308906245,0.0334733187840906
0.2722713633111153,1.6545721308906245,0.0633480108663050
0.3141592653589793,1.6545721308906245,0.0657169857700442
0.3560471674068433,1.6545721308906245,0.0658736839008598
0.3979350694547070,1.6545721308906245,0.1419799474287604
0.4398229715025710,1.6545721308906245,0.0524858482440260
0.4817108735504350,1.6545721308906245,0.1988219457610663
0.5235987755982989,1.6545721308906245,0.2216202714656567
0.5654866776461627,1.6545721308906245,0.5097037708908595
0.6073745796940266,1.6545721308906245,0.0646301359061650
0.6492624817418906,1.6545721308906245,0.0363306688633886
0.6911503837897545,1.6545721308906245,0.0305791049960998
0.7330382858376183,1.6545721308906245,0.0234146880706026
0.7749261878854823,1.6545721308906245,0.0083287354857980
0.8168140899333461,1.6545721308906245,0.0081122966494593
0.8587019919812100,1.6545721308906245,0.0093557431969224
0.9005898940290740,1.6545721308906245,0.0018095888690243
0.9424777960769379,1.6545721308906245,0.0081663744643257
0.9843656981248019,1.6545721308906245,0.0097664265668990
1.0262536001726656,1.6545721308906245,0.0085091003257336
1.0681415022205296,1.6545721308906245,0.0062285325325391
1.1100294042683936,1.6545721308906245,0.0018242455083406
1.1519173063162575,1.6545721308906245,0.0043588448230994
1.1938052083641213,1.6545721308906245,0.0101438128313775
1.2356931104119853,1.6545721308906245,0.0138443920765277
1.2775810124598492,1.6545721308906245,0.0146263487355467
1.3194689145077132,1.6545721308906245,0.0126887812142567
1.3613568165555769,1.6545721308906245,0.0091733739343481
1.4032447186034409,1.6545721308906245,0.0066008089556642
1.4451326206513049,1.6545721308906245,0.0079283347180968
1.4870205226991688,1.6545721308906245,0.0109152729009653
1.5289084247470326,1.6545721308906245,0.0128963689500073
1.5707963267948966,1.6545721308906245,0.0130202517340034
1.6126842288427605,1.6545721308906245,0.0113009690129005
1.6545721308906245,1.6545721308906245,0.0084761844549721
1.6964600329384882,1.6545721308906245,0.0064760275270418
1.7383479349863524,1.6545721308906245,0.0076425021567677
1.7802358370342162,1.6545721308906245,0.0103763618534204
1.8221237390820799,1.6545721308906245,0.0124206927606138
1.8640116411299441,1.6545721308906245,0.0131733785472851
1.9058995431778079,1.6545721308906245,0.0133568278172193
1.9477874452256716,1.6545721308906245,0.0145025789896605
1.9896753472735358,1.6545721308906245,0.0171175480279168
2.0315632493213993,1.6545721308906245,0.0199543102821996
2.0734511513692637,1.6545721308906245,0.0219264967746814
2.1153390534171272,1.6545721308906245,0.0232047681758437
2.1572269554649912,1.6545721308906245,0.0231495623849630
2.1991148575128552,1.6545721308906245,0.0175812274688004
2.2410027595607191,1.6545721308906245,0.0052385594988518
2.2828906616085827,1.6545721308906245,0.0181801540911350
2.3247785636564471,1.6545721308906245,0.0214938650936661
2.3666664657043106,1.6545721308906245,0.0056522052500564
2.4085543677521750,1.6545721308906245,0.0278751812979674
2.4504422698000385,1.6545721308906245,0.0110279747707123
2.4923301718479025,1.6545721308906245,0.0238063254128879
2.5342180738957665,1.6545721308906245,0.0874490141567115
2.5761059759436304,1.6545721308906245,0.4864682098330797
2.6179938779914940,1.6545721308906245,0.2635447530427010
2.6598817800393584,1.6545721308906245,0.1378743098104477
2.7017696820872219,1.6545721308906245,0.0539096090167912
2.7436575841350863,1.6545721308906245,0.0642933966064797
2.7855454861829498,1.6545721308906245,0.0415203999240319
2.8274333882308138,1.6545721308906245,0.0541854253158551
2.8693212902786778,1.6545721308906245,0.0362369886714321
2.9112091923265417,1.6545721308906245,0.0490195531897401
2.9530970943744053,1.6545721308906245,0.0532522885814823
2.9949849964222697,1.6545721308906245,0.0344951689435942
3.0368728984701332,1.6545721308906245,0.0261253966226907
3.0787608005179976,1.6545721308906245,0.0417094674652473
3.1206487025658611,1.6545721308906245,0.0315197557799480
0.0209439510239320,1.6964600329384882,0.0399314024214600
0.0628318530717960,1.6964600329384882,0.0171301126166933
0.1047197551196597,1.6964600329384882,0.0236170091931967
0.1466076571675237,1.6964600329384882,0.0291835491176948
0.1884955592153876,1.6964600329384882,0.0293952369991081
0.2303834612632514,1.6964600329384882,0.0443258306740754
0.2722713633111153,1.6964600329384882,0.0736998587582799
0.3141592653589793,1.6964600329384882,0.0849968848720884
0.3560471674068433,1.6964600329384882,0.0572679471564676
0.3979350694547070,1.6964600329384882,0.1043014459455320
0.4398229715025710,1.6964600329384882,0.0638260045275956
0.4817108735504350,1.6964600329384882,0.1716995314290301
0.5235987755982989,1.6964600329384882,0.2074189280697956
0.5654866776461627,1.6964600329384882,0.0395670516757079
0.6073745796940266,1.6964600329384882,0.1110539755892556
0.6492624817418906,1.6964600329384882,0.0307601371795397
0.6911503837897545,1.6964600329384882,0.0238398263437436
0.7330382858376183,1.6964600329384882,0.0149518261517696
0.7749261878854823,1.6964600329384882,0.0103060818521751
0.8168140899333461,1.6964600329384882,0.0081962840020703
0.8587019919812100,1.6964600329384882,0.0067443393581503
0.9005898940290740,1.6964600329384882,0.0030305006413532
0.9424777960769379,1.6964600329384882,0.0105146859856068
0.9843656981248019,1.6964600329384882,0.0105657510591665
1.0262536001726656,1.6964600329384882,0.0068494484374893
1.0681415022205296,1.6964600329384882,0.0056499604006539
1.1100294042683936,1.6964600329384882,0.0062905601244852
1.1519173063162575,1.6964600329384882,0.0081600889986207
1.1938052083641213,1.6964600329384882,0.0117770832693648
1.2356931104119853,1.6964600329384882,0.0149620181441013
1.2775810124598492,1.6964600329384882,0.0159085502281863
1.3194689145077132,1.6964600329384882,0.0140401714113112
1.3613568165555769,1.6964600329384882,0.0097286479906180
1.4032447186034409,1.6964600329384882,0.0040056864496328
1.4451326206513049,1.6964600329384882,0.0029674695684355
1.4870205226991688,1.6964600329384882,0.0082734501079929
1.5289084247470326,1.6964600329384882,0.0121833994140376
1.5707963267948966,1.6964600329384882,0.0139584758003367
1.6126842288427605,1.6964600329384882,0.0134509661251176
1.6545721308906245,1.6964600329384882,0.0110284713552425
1.6964600329384882,1.6964600329384882,0.0078473425525960
1.7383479349863524,1.6964600329384882,0.0067373683453666
1.7802358370342162,1.6964600329384882,0.0094006902811639
1.8221237390820799,1.6964600329384882,0.0129000228880332
1.8640116411299441,1.6964600329384882,0.0152548219663563
1.9058995431778079,1.6964600329384882,0.0158481439057273
1.9477874452256716,1.6964600329384882,0.0149281755075445
1.9896753472735358,1.6964600329384882,0.0137448289615680
2.0315632493213993,1.6964600329384882,0.0147696161237694
2.0734511513692637,1.6964600329384882,0.0196753616003018
2.1153390534171272,1.6964600329384882,0.0263424571221591
2.1572269554649912,1.6964600329384882,0.0294656636028896
2.1991148575128552,1.6964600329384882,0.0224544884103205
2.2410027595607191,1.6964600329384882,0.0034290008969875
2.2828906616085827,1.6964600329384882,0.0183229788437610
2.3247785636564471,1.6964600329384882,0.0196954752738084
2.3666664657043106,1.6964600329384882,0.0109058390850340
2.4085543677521750,1.6964600329384882,0.0223601895477513
2.4504422698000385,1.6964600329384882,0.0071808197909579
2.4923301718479025,1.6964600329384882,0.0211205699397966
2.5342180738957665,1.6964600329384882,0.1375605810565511
2.5761059759436304,1.6964600329384882,0.0679818218550445
2.6179938779914940,1.6964600329384882,0.1492016349976170
2.6598817800393584,1.6964600329384882,0.0783960611258663
2.7017696820872219,1.6964600329384882,0.0559185228140986
2.7436575841350863,1.6964600329384882,0.0304152802717510
2.7855454861829498,1.6964600329384882,0.0323721423551453
2.8274333882308138,1.6964600329384882,0.0286093859932530
2.8693212902786778,1.6964600329384882,0.0274004875673816
2.9112091923265417,1.6964600329384882,0.0645854763668425
2.9530970943744053,1.6964600329384882,0.0661345044696889
2.9949849964222697,1.6964600329384882,0.0342377445044914
3.0368728984701332,1.6964600329384882,0.0172330658170756
3.0787608005179976,1.6964600329384882,0.0458002483506707
3.1206487025658611,1.6964600329384882,0.0390782462341970
0.0209439510239320,1.7383479349863524,0.0458039741989893
0.0628318530717960,1.7383479349863524,0.0222567617557596
0.1047197551196597,1.7383479349863524,0.0188110979067802
0.1466076571675237,1.7383479349863524,0.0422631162090163
0.1884955592153876,1.7383479349863524,0.0545642743919223
0.2303834612632514,1.7383479349863524,0.0484932120230714
0.2722713633111153,1.7383479349863524,0.0495477599205413
0.3141592653589793,1.7383479349863524,0.0688722191426925
0.3560471674068433,1.7383479349863524,0.0417939015707725
0.3979350694547070,1.7383479349863524,0.0570473168009854
0.4398229715025710,1.7383479349863524,0.0896813933141719
0.4817108735504350,1.7383479349863524,0.0883376158102194
0.5235987755982989,1.7383479349863524,0.0640732437155310
0.5654866776461627,1.7383479349863524,0.0372395956389101
0.6073745796940266,1.7383479349863524,0.1205043131779732
0.6492624817418906,1.7383479349863524,0.0205455181761527
0.6911503837897545,1.7383479349863524,0.0202973890078852
0.7330382858376183,1.7383479349863524,0.0031093479329049
0.7749261878854823,1.7383479349863524,0.0103917994113248
0.8168140899333461,1.7383479349863524,0.0111467396492036
0.8587019919812100,1.7383479349863524,0.0047907468764921
0.9005898940290740,1.7383479349863524,0.0064218290971513
0.9424777960769379,1.7383479349863524,0.0124830030453660
0.9843656981248019,1.7383479349863524,0.0107280595984176
1.0262536001726656,1.7383479349863524,0.0050966334335407
1.0681415022205296,1.7383479349863524,0.0077191535401027
1.1100294042683936,1.7383479349863524,0.0116188379462931
1.1519173063162575,1.7383479349863524,0.0128826735878783
1.1938052083641213,1.7383479349863524,0.0135082727761320
1.2356931104119853,1.7383479349863524,0.0147633486150684
1.2775810124598492,1.7383479349863524,0.0156164385825571
1.3194689145077132,1.7383479349863524,0.0147104895867836
1.3613568165555769,1.7383479349863524,0.0116438662638187
1.4032447186034409,1.7383479349863524,0.0070324132792850
1.4451326206513049,1.7383479349863524,0.0036716338835754
1.4870205226991688,1.7383479349863524,0.0069565171105176
1.5289084247470326,1.7383479349863524,0.0112907154629072
1.5707963267948966,1.7383479349863524,0.0140257592682190
1.6126842288427605,1.7383479349863524,0.0145148572773350
1.6545721308906245,1.7383479349863524,0.0126984811700874
1.6964600329384882,1.7383479349863524,0.0091190002611643
1.7383479349863524,1.7383479349863524,0.0057796388382747
1.7802358370342162,1.7383479349863524,0.0074502702190258
1.8221237390820799,1.7383479349863524,0.0121670763680207
1.8640116411299441,1.7383479349863524,0.0160428923717716
1.9058995431778079,1.7383479349863524,0.0174577953472754
1.9477874452256716,1.7383479349863524,0.0155363804428748
1.9896753472735358,1.7383479349863524,0.0103914624251330
2.0315632493213993,1.7383479349863524,0.0077905674266736
2.0734511513692637,1.7383479349863524,0.0172155282330367
2.1153390534171272,1.7383479349863524,0.0283326479518193
2.1572269554649912,1.7383479349863524,0.0329516978761211
2.1991148575128552,1.7383479349863524,0.0245807203136014
2.2410027595607191,1.7383479349863524,0.0039852286859064
2.2828906616085827,1.7383479349863524,0.0160985838349734
2.3247785636564471,1.7383479349863524,0.0143016703746985
2.3666664657043106,1.7383479349863524,0.0141962262713272
2.4085543677521750,1.7383479349863524,0.0082624137517453
2.4504422698000385,1.7383479349863524,0.0181325664529032
2.4923301718479025,1.7383479349863524,0.0168119491547252
2.5342180738957665,1.7383479349863524,0.1416258100824435
2.5761059759436304,1.7383479349863524,0.0852422560148308
2.6179938779914940,1.7383479349863524,0.0102258783255465
2.6598817800393584,1.7383479349863524,0.0249641478762261
2.7017696820872219,1.7383479349863524,0.0640170229349125
2.7436575841350863,1.7383479349863524,0.0393927512837245
2.7855454861829498,1.7383479349863524,0.0546379937237449
2.8274333882308138,1.7383479349863524,0.0406663230912574
2.8693212902786778,1.7383479349863524,0.0358354512763174
2.9112091923265417,1.7383479349863524,0.0668176100682156
2.9530970943744053,1.7383479349863524,0.0639833831818860
2.9949849964222697,1.7383479349863524,0.0285000631454738
3.0368728984701332,1.7383479349863524,0.0205612072646616
3.0787608005179976,1.7383479349863524,0.0480272353024599
3.1206487025658611,1.7383479349863524,0.0366460624713948
0.0209439510239320,1.7802358370342162,0.0434216043001904
0.0628318530717960,1.7802358370342162,0.0328961307926739
0.1047197551196597,1.7802358370342162,0.0070598377140437
0.1466076571675237,1.7802358370342162,0.0436805749745788
0.1884955592153876,1.7802358370342162,0.0712896138258047
0.2303834612632514,1.7802358370342162,0.0635613745620070
0.2722713633111153,1.7802358370342162,0.0155004744705433
0.3141592653589793,1.7802358370342162,0.0446054569850768
0.3560471674068433,1.7802358370342162,0.0584481049306950
0.3979350694547070,1.7802358370342162,0.0354751809122439
0.4398229715025710,1.7802358370342162,0.1041549771121970
0.4817108735504350,1.7802358370342162,0.0246128886778984
0.5235987755982989,1.7802358370342162,0.0385223809952077
0.5654866776461627,1.7802358370342162,0.0983815182747514
0.6073745796940266,1.7802358370342162,0.0248001879800597
0.6492624817418906,1.7802358370342162,0.0335276185449548
0.6911503837897545,1.7802358370342162,0.0207772072890761
0.7330382858376183,1.7802358370342162,0.0173371743873690
0.7749261878854823,1.7802358370342162,0.0119185771494530
0.8168140899333461,1.7802358370342162,0.0145764093208324
0.8587019919812100,1.7802358370342162,0.0108585462183751
0.9005898940290740,1.7802358370342162,0.0117678629965349
0.9424777960769379,1.7802358370342162,0.0144230844305529
0.9843656981248019,1.7802358370342162,0.0104271514878205
1.0262536001726656,1.7802358370342162,0.0040477868799765
1.0681415022205296,1.7802358370342162,0.0107421069074672
1.1100294042683936,1.7802358370342162,0.0161709855243632
1.1519173063162575,1.7802358370342162,0.0168955447719275
1.1938052083641213,1.7802358370342162,0.0148053480094646
1.2356931104119853,1.7802358370342162,0.0132538784904737
1.2775810124598492,1.7802358370342162,0.0138213614267074
1.3194689145077132,1.7802358370342162,0.0147143617743577
1.3613568165555769,1.7802358370342162,0.0141025267070159
1.4032447186034409,1.7802358370342162,0.0117375856260482
1.4451326206513049,1.7802358370342162,0.0088750643088481
1.4870205226991688,1.7802358370342162,0.0082638356268785
1.5289084247470326,1.7802358370342162,0.0107112330729301
1.5707963267948966,1.7802358370342162,0.0135074109168532
1.6126842288427605,1.7802358370342162,0.0147600931303768
1.6545721308906245,1.7802358370342162,0.0137006038746624
1.6964600329384882,1.7802358370342162,0.0102525140016043
1.7383479349863524,1.7802358370342162,0.0051628700558275
1.7802358370342162,1.7802358370342162,0.0043443159250215
1.8221237390820799,1.7802358370342162,0.0104826027850090
1.8640116411299441,1.7802358370342162,0.0159683170508644
1.9058995431778079,1.7802358370342162,0.0186428550249226
1.9477874452256716,1.7802358370342162,0.0170515254957673
1.9896753472735358,1.7802358370342162,0.0103393602794708
2.0315632493213993,1.7802358370342162,0.0013593590487106
2.0734511513692637,1.7802358370342162,0.0157264471494602
2.1153390534171272,1.7802358370342162,0.0284760719754556
2.1572269554649912,1.7802358370342162,0.0329510327938908
2.1991148575128552,1.7802358370342162,0.0240589937630571
2.2410027595607191,1.7802358370342162,0.0070488845589507
2.2828906616085827,1.7802358370342162,0.0107054224688586
2.3247785636564471,1.7802358370342162,0.0084884567811069
2.3666664657043106,1.7802358370342162,0.0118623784571585
2.4085543677521750,1.7802358370342162,0.0125410773652595
2.4504422698000385,1.7802358370342162,0.0200904362339929
2.4923301718479025,1.7802358370342162,0.0229701100623150
2.5342180738957665,1.7802358370342162,0.0105960680543098
2.5761059759436304,1.7802358370342162,0.1939166316915733
2.6179938779914940,1.7802358370342162,0.0502574801187704
2.6598817800393584,1.7802358370342162,0.0184532057364335
2.7017696820872219,1.7802358370342162,0.0774838911911420
2.7436575841350863,1.7802358370342162,0.0512451027323598
2.7855454861829498,1.7802358370342162,0.0733816166819046
2.8274333882308138,1.7802358370342162,0.0704485657649671
2.8693212902786778,1.7802358370342162,0.0467806622844353
2.9112091923265417,1.7802358370342162,0.0501362707444656
2.9530970943744053,1.7802358370342162,0.0467825680968492
2.9949849964222697,1.7802358370342162,0.0289630324459213
3.0368728984701332,1.7802358370342162,0.0359887673178031
3.0787608005179976,1.7802358370342162,0.0468164013026680
3.1206487025658611,1.7802358370342162,0.0243848876820845
0.0209439510239320,1.8221237390820799,0.0308829514436713
0.0628318530717960,1.8221237390820799,0.0461460635834575
0.1047197551196597,1.8221237390820799,0.0219351618210096
0.1466076571675237,1.8221237390820799,0.0250992942583331
0.1884955592153876,1.8221237390820799,0.0681772632410043
0.2303834612632514,1.8221237390820799,0.0801084274179875
0.2722713633111153,1.8221237390820799,0.0556712722060088
0.3141592653589793,1.8221237390820799,0.0549981617171609
0.3560471674068433,1.8221237390820799,0.0698881737049057
0.3979350694547070,1.8221237390820799,0.0298376661721843
0.4398229715025710,1.8221237390820799,0.0890760092769152
0.4817108735504350,1.8221237390820799,0.0819962128660204
0.5235987755982989,1.8221237390820799,0.0302803681156517
0.5654866776461627,1.8221237390820799,0.0544739268178353
0.6073745796940266,1.8221237390820799,0.6367659087331409
0.6492624817418906,1.8221237390820799,0.0829693178344666
0.6911503837897545,1.8221237390820799,0.0295714386103463
0.7330382858376183,1.8221237390820799,0.0273175194050526
0.7749261878854823,1.8221237390820799,0.0259438769624152
0.8168140899333461,1.8221237390820799,0.0138668247624297
0.8587019919812100,1.8221237390820799,0.0193354996855958
0.9005898940290740,1.8221237390820799,0.0191851884605451
0.9424777960769379,1.8221237390820799,0.0169960352090379
0.9843656981248019,1.8221237390820799,0.0100269239455470
1.0262536001726656,1.8221237390820799,0.0044574899131450
1.0681415022205296,1.8221237390820799,0.0137103427050964
1.1100294042683936,1.8221237390820799,0.0197860223563586
1.1519173063162575,1.8221237390820799,0.0199610325798426
1.1938052083641213,1.8221237390820799,0.0156493119820538
1.2356931104119853,1.8221237390820799,0.0108350966966523
1.2775810124598492,1.8221237390820799,0.0110069105468450
1.3194689145077132,1.8221237390820799,0.0145247918731922
1.3613568165555769,1.8221237390820799,0.0167097981429223
1.4032447186034409,1.8221237390820799,0.0162690680958759
1.4451326206513049,1.8221237390820799,0.0137685425203726
1.4870205226991688,1.8221237390820799,0.0110439327728020
1.5289084247470326,1.8221237390820799,0.0106379459508505
1.5707963267948966,1.8221237390820799,0.0126335503396127
1.6126842288427605,1.8221237390820799,0.0144974221693562
1.6545721308906245,1.8221237390820799,0.0144200374318752
1.6964600329384882,1.8221237390820799,0.0116864684194908
1.7383479349863524,1.8221237390820799,0.0063578820174427
1.7802358370342162,1.8221237390820799,0.0011036258660918
1.8221237390820799,1.8221237390820799,0.0088928726280701
1.8640116411299441,1.8221237390820799,0.0158724439693274
1.9058995431778079,1.8221237390820799,0.0200805360759588
1.9477874452256716,1.8221237390820799,0.0198933322657900
1.9896753472735358,1.8221237390820799,0.0146065595761522
2.0315632493213993,1.8221237390820799,0.0075947743097264
2.0734511513692637,1.8221237390820799,0.0147440138779060
2.1153390534171272,1.8221237390820799,0.0258138853053372
2.1572269554649912,1.8221237390820799,0.0294232670534242
2.1991148575128552,1.8221237390820799,0.0221694400075095
2.2410027595607191,1.8221237390820799,0.0107084410081581
2.2828906616085827,1.8221237390820799,0.0027048206745981
2.3247785636564471,1.8221237390820799,0.0085693165673221
2.3666664657043106,1.8221237390820799,0.0059833479877543
2.4085543677521750,1.8221237390820799,0.0317997371637009
2.4504422698000385,1.8221237390820799,0.0058778017220790
2.4923301718479025,1.8221237390820799,0.0587350215475103
2.5342180738957665,1.8221237390820799,0.6251202787780955
2.5761059759436304,1.8221237390820799,0.0664743391428669
2.6179938779914940,1.8221237390820799,0.0328852225819784
2.6598817800393584,1.8221237390820799,0.0438580252412838
2.7017696820872219,1.8221237390820799,0.0807970257220809
2.7436575841350863,1.8221237390820799,0.0524813534653489
2.7855454861829498,1.8221237390820799,0.0583016754760142
2.8274333882308138,1.8221237390820799,0.0698098738366845
2.8693212902786778,1.8221237390820799,0.0410195115354981
2.9112091923265417,1.8221237390820799,0.0185629942137214
2.9530970943744053,1.8221237390820799,0.0286700591029405
2.9949849964222697,1.8221237390820799,0.0358717408213868
3.0368728984701332,1.8221237390820799,0.0424617103209386
3.0787608005179976,1.8221237390820799,0.0388946444384116
3.1206487025658611,1.8221237390820799,0.0106080318083330
0.0209439510239320,1.8640116411299441,0.0190257675751082
0.0628318530717960,1.8640116411299441,0.0534980827588253
0.1047197551196597,1.8640116411299441,0.0474137831523899
0.1466076571675237,1.8640116411299441,0.0078242153366838
0.1884955592153876,1.8640116411299441,0.0408317764540117
0.2303834612632514,1.8640116411299441,0.0704045493390330
0.2722713633111153,1.8640116411299441,0.0669435962285484
0.3141592653589793,1.8640116411299441,0.0512597778740910
0.3560471674068433,1.8640116411299441,0.0467933319395814
0.3979350694547070,1.8640116411299441,0.0160213579028606
0.4398229715025710,1.8640116411299441,0.0423542718191098
0.4817108735504350,1.8640116411299441,0.1077478075023414
0.5235987755982989,1.8640116411299441,0.1212691539157198
0.5654866776461627,1.8640116411299441,0.1907229702343763
0.6073745796940266,1.8640116411299441,0.3030483686167495
0.6492624817418906,1.8640116411299441,0.1302122689920920
0.6911503837897545,1.8640116411299441,0.0394299032879971
0.7330382858376183,1.8640116411299441,0.0179592698031744
0.7749261878854823,1.8640116411299441,0.0470659756136360
0.8168140899333461,1.8640116411299441,0.0109591403614521
0.8587019919812100,1.8640116411299441,0.0245635688721050
0.9005898940290740,1.8640116411299441,0.0279589603935249
0.9424777960769379,1.8640116411299441,0.0210483778259380
0.9843656981248019,1.8640116411299441,0.0100684272863808
1.0262536001726656,1.8640116411299441,0.0056799073419950
1.0681415022205296,1.8640116411299441,0.0163220942209981
1.1100294042683936,1.8640116411299441,0.0225586787173848
1.1519173063162575,1.8640116411299441,0.0221708582992248
1.1938052083641213,1.8640116411299441,0.0162151307977122
1.2356931104119853,1.8640116411299441,0.0081979881797424
1.2775810124598492,1.8640116411299441,0.0081147650176729
1.3194689145077132,1.8640116411299441,0.0148203961734931
1.3613568165555769,1.8640116411299441,0.0193485303533525
1.4032447186034409,1.8640116411299441,0.0202436813187926
1.4451326206513049,1.8640116411299441,0.0178876930241453
1.4870205226991688,1.8640116411299441,0.0137813904678198
1.5289084247470326,1.8640116411299441,0.0107303097877794
1.5707963267948966,1.8640116411299441,0.0114517240342733
1.6126842288427605,1.8640116411299441,0.0140371921850493
1.6545721308906245,1.8640116411299441,0.0153300953795546
1.6964600329384882,1.8640116411299441,0.0139487182665179
1.7383479349863524,1.8640116411299441,0.0098891068555149
1.7802358370342162,1.8640116411299441,0.0056828365846109
1.8221237390820799,1.8640116411299441,0.0094050729542324
1.8640116411299441,1.8640116411299441,0.0166198571577225
1.9058995431778079,1.8640116411299441,0.0220326715185438
1.9477874452256716,1.8640116411299441,0.0233987082573778
1.9896753472735358,1.8640116411299441,0.0197686995062289
2.0315632493213993,1.8640116411299441,0.0129170272188522
2.0734511513692637,1.8640116411299441,0.0122657723909141
2.1153390534171272,1.8640116411299441,0.0197517568532748
2.1572269554649912,1.8640116411299441,0.0236389912888860
2.1991148575128552,1.8640116411299441,0.0209753468576544
2.2410027595607191,1.8640116411299441,0.0145803594352651
2.2828906616085827,1.8640116411299441,0.0096678711622652
2.3247785636564471,1.8640116411299441,0.0079524830276256
2.3666664657043106,1.8640116411299441,0.0230973035534050
2.4085543677521750,1.8640116411299441,0.0344537236924801
2.4504422698000385,1.8640116411299441,0.0325269539350049
2.4923301718479025,1.8640116411299441,0.1084629620350222
2.5342180738957665,1.8640116411299441,0.1117675691681927
2.5761059759436304,1.8640116411299441,0.2541843667982381
2.6179938779914940,1.8640116411299441,0.0783228893451605
2.6598817800393584,1.8640116411299441,0.0689847342494688
2.7017696820872219,1.8640116411299441,0.0545523035029261
2.7436575841350863,1.8640116411299441,0.0496235421368322
2.7855454861829498,1.8640116411299441,0.0137081087216236
2.8274333882308138,1.8640116411299441,0.0469651474754824
2.8693212902786778,1.8640116411299441,0.0348811688419660
2.9112091923265417,1.8640116411299441,0.0105648711013403
2.9530970943744053,1.8640116411299441,0.0214249290336422
2.9949849964222697,1.8640116411299441,0.0301162645471638
3.0368728984701332,1.8640116411299441,0.0316906391150912
3.0787608005179976,1.8640116411299441,0.0234351248353723
3.1206487025658611,1.8640116411299441,0.0166013253792515
0.0209439510239320,1.9058995431778079,0.0344821653673169
0.0628318530717960,1.9058995431778079,0.0482334851187796
0.1047197551196597,1.9058995431778079,0.0608433153327955
0.1466076571675237,1.9058995431778079,0.0365770383327072
0.1884955592153876,1.9058995431778079,0.0050272654713416
0.2303834612632514,1.9058995431778079,0.0383855796243118
0.2722713633111153,1.9058995431778079,0.0438940758291435
0.3141592653589793,1.9058995431778079,0.0177289214818082
0.3560471674068433,1.9058995431778079,0.0234932870054497
0.3979350694547070,1.9058995431778079,0.0455059642111825
0.4398229715025710,1.9058995431778079,0.0594996956612651
0.4817108735504350,1.9058995431778079,0.0965535975345339
0.5235987755982989,1.9058995431778079,0.2107428952541081
0.5654866776461627,1.9058995431778079,0.2095210815759709
0.6073745796940266,1.9058995431778079,0.0940341981849447
0.6492624817418906,1.9058995431778079,0.0483205789146617
0.6911503837897545,1.9058995431778079,0.0179603604536588
0.7330382858376183,1.9058995431778079,0.0210915337317181
0.7749261878854823,1.9058995431778079,0.0599672545495132
0.8168140899333461,1.9058995431778079,0.0292822202635498
0.8587019919812100,1.9058995431778079,0.0205756541144137
0.9005898940290740,1.9058995431778079,0.0354782764682610
0.9424777960769379,1.9058995431778079,0.0270256051533426
0.9843656981248019,1.9058995431778079,0.0114007274078941
1.0262536001726656,1.9058995431778079,0.0063253000665106
1.0681415022205296,1.9058995431778079,0.0183545989984293
1.1100294042683936,1.9058995431778079,0.0246754217009482
1.1519173063162575,1.9058995431778079,0.0237867614075173
1.1938052083641213,1.9058995431778079,0.0167327998708213
1.2356931104119853,1.9058995431778079,0.0062523853157836
1.2775810124598492,1.9058995431778079,0.0064566806262715
1.3194689145077132,1.9058995431778079,0.0158365870994343
1.3613568165555769,1.9058995431778079,0.0218143683442327
1.4032447186034409,1.9058995431778079,0.0234275852089374
1.4451326206513049,1.9058995431778079,0.0209571693508646
1.4870205226991688,1.9058995431778079,0.0156988006172459
1.5289084247470326,1.9058995431778079,0.0103639005676911
1.5707963267948966,1.9058995431778079,0.0098696750635294
1.6126842288427605,1.9058995431778079,0.0137505351359472
1.6545721308906245,1.9058995431778079,0.0168979695008711
1.6964600329384882,1.9058995431778079,0.0172909374850472
1.7383479349863524,1.9058995431778079,0.0148552599677209
1.7802358370342162,1.9058995431778079,0.0115780253539382
1.8221237390820799,1.9058995431778079,0.0124328925513573
1.8640116411299441,1.9058995431778079,0.0181417020446284
1.9058995431778079,1.9058995431778079,0.0238290078962510
1.9477874452256716,1.9058995431778079,0.0261443092170514
1.9896753472735358,1.9058995431778079,0.0234023754188568
2.0315632493213993,1.9058995431778079,0.0157366210876057
2.0734511513692637,1.9058995431778079,0.0071229600352853
2.1153390534171272,1.9058995431778079,0.0113173414962771
2.1572269554649912,1.9058995431778079,0.0187167788739801
2.1991148575128552,1.9058995431778079,0.0213719961872354
2.2410027595607191,1.9058995431778079,0.0198969134333264
2.2828906616085827,1.9058995431778079,0.0186368443638769
2.3247785636564471,1.9058995431778079,0.0034653915968012
2.3666664657043106,1.9058995431778079,0.0428377275061912
2.4085543677521750,1.9058995431778079,0.0054554034543760
2.4504422698000385,1.9058995431778079,0.0515422590236965
2.4923301718479025,1.9058995431778079,0.0759583232893263
2.5342180738957665,1.9058995431778079,0.0150533677796794
2.5761059759436304,1.9058995431778079,0.2011231285376743
2.6179938779914940,1.9058995431778079,0.1260371655229638
2.6598817800393584,1.9058995431778079,0.0818215882110989
2.7017696820872219,1.9058995431778079,0.0038054956897979
2.7436575841350863,1.9058995431778079,0.0595153031226364
2.7855454861829498,1.9058995431778079,0.0538958478181435
2.8274333882308138,1.9058995431778079,0.0481697394183016
2.8693212902786778,1.9058995431778079,0.0366789378130993
2.9112091923265417,1.9058995431778079,0.0174039394639789
2.9530970943744053,1.9058995431778079,0.0065960199489366
2.9949849964222697,1.9058995431778079,0.0064516113529271
3.0368728984701332,1.9058995431778079,0.0099056844523205
3.0787608005179976,1.9058995431778079,0.0057383403101733
3.1206487025658611,1.9058995431778079,0.0230879043920844
0.0209439510239320,1.9477874452256716,0.0536048110557270
0.0628318530717960,1.9477874452256716,0.0330849307318691
0.1047197551196597,1.9477874452256716,0.0592882889903580
0.1466076571675237,1.9477874452256716,0.0482273228793052
0.1884955592153876,1.9477874452256716,0.0165096139493177
0.2303834612632514,1.9477874452256716,0.0183989543731327
0.2722713633111153,1.9477874452256716,0.0386729804084840
0.3141592653589793,1.9477874452256716,0.0499203855919497
0.3560471674068433,1.9477874452256716,0.0626006021866636
0.3979350694547070,1.9477874452256716,0.0751203024164476
0.4398229715025710,1.9477874452256716,0.1307794634875505
0.4817108735504350,1.9477874452256716,0.0831255136362856
0.5235987755982989,1.9477874452256716,0.2281804177836999
0.5654866776461627,1.9477874452256716,0.0418380882564931
0.6073745796940266,1.9477874452256716,0.2260137492722144
0.6492624817418906,1.9477874452256716,0.6250965655308236
0.6911503837897545,1.9477874452256716,0.0624921932869424
0.7330382858376183,1.9477874452256716,0.0672669170055173
0.7749261878854823,1.9477874452256716,0.0432884949619973
0.8168140899333461,1.9477874452256716,0.0576717268000092
0.8587019919812100,1.9477874452256716,0.0054024545910313
0.9005898940290740,1.9477874452256716,0.0366825851787861
0.9424777960769379,1.9477874452256716,0.0337012306147022
0.9843656981248019,1.9477874452256716,0.0151631597448653
1.0262536001726656,1.9477874452256716,0.0050632209435541
1.0681415022205296,1.9477874452256716,0.0192974735411551
1.1100294042683936,1.9477874452256716,0.0261748500005947
1.1519173063162575,1.9477874452256716,0.0250859697828112
1.1938052083641213,1.9477874452256716,0.0174371354810336
1.2356931104119853,1.9477874452256716,0.0058874578420386
1.2775810124598492,1.9477874452256716,0.0066075874458806
1.3194689145077132,1.9477874452256716,0.0170969178065625
1.3613568165555769,1.9477874452256716,0.0237331289526454
1.4032447186034409,1.9477874452256716,0.0255853576469517
1.4451326206513049,1.9477874452256716,0.0227883228777352
1.4870205226991688,1.9477874452256716,0.0164537204719418
1.5289084247470326,1.9477874452256716,0.0090468385926262
1.5707963267948966,1.9477874452256716,0.0079645583839067
1.6126842288427605,1.9477874452256716,0.0141476474143483
1.6545721308906245,1.9477874452256716,0.0193813295760192
1.6964600329384882,1.9477874452256716,0.0214899705241568
1.7383479349863524,1.9477874452256716,0.0203028367334336
1.7802358370342162,1.9477874452256716,0.0172339945408285
1.8221237390820799,1.9477874452256716,0.0158591620655324
1.8640116411299441,1.9477874452256716,0.0190813445485569
1.9058995431778079,1.9477874452256716,0.0241211859138118
1.9477874452256716,1.9477874452256716,0.0268809460676932
1.9896753472735358,1.9477874452256716,0.0249277464015549
2.0315632493213993,1.9477874452256716,0.0176632237529018
2.0734511513692637,1.9477874452256716,0.0068896976154554
2.1153390534171272,1.9477874452256716,0.0078914321097505
2.1572269554649912,1.9477874452256716,0.0172334179762342
2.1991148575128552,1.9477874452256716,0.0227222358677648
2.2410027595607191,1.9477874452256716,0.0268912716699007
2.2828906616085827,1.9477874452256716,0.0204947730530912
2.3247785636564471,1.9477874452256716,0.0233185453679131
2.3666664657043106,1.9477874452256716,0.0432385006529854
2.4085543677521750,1.9477874452256716,0.0551757163545288
2.4504422698000385,1.9477874452256716,0.0177200563911866
2.4923301718479025,1.9477874452256716,0.5168343792145379
2.5342180738957665,1.9477874452256716,0.1834244294166772
2.5761059759436304,1.9477874452256716,0.0141917104132318
2.6179938779914940,1.9477874452256716,0.1279882525051714
2.6598817800393584,1.9477874452256716,0.0831158012124509
2.7017696820872219,1.9477874452256716,0.0674965575488308
2.7436575841350863,1.9477874452256716,0.0676560041134980
2.7855454861829498,1.9477874452256716,0.0794638659132798
2.8274333882308138,1.9477874452256716,0.0549236943922936
2.8693212902786778,1.9477874452256716,0.0211604207802449
2.9112091923265417,1.9477874452256716,0.0080684707619093
2.9530970943744053,1.9477874452256716,0.0226464083078231
2.9949849964222697,1.9477874452256716,0.0258482709005929
3.0368728984701332,1.9477874452256716,0.0240739869429931
3.0787608005179976,1.9477874452256716,0.0158418551478534
3.1206487025658611,1.9477874452256716,0.0195952700801032
0.0209439510239320,1.9896753472735358,0.0618693280131699
0.0628318530717960,1.9896753472735358,0.0226230706361157
0.1047197551196597,1.9896753472735358,0.0553180135971898
0.1466076571675237,1.9896753472735358,0.0478987802395006
0.1884955592153876,1.9896753472735358,0.0169200206274487
0.2303834612632514,1.9896753472735358,0.0244129218003650
0.2722713633111153,1.9896753472735358,0.0578071936003919
0.3141592653589793,1.9896753472735358,0.0757001536984233
0.3560471674068433,1.9896753472735358,0.0649428318678178
0.3979350694547070,1.9896753472735358,0.0692458977290073
0.4398229715025710,1.9896753472735358,0.1533099594590407
0.4817108735504350,1.9896753472735358,0.1237695199771273
0.5235987755982989,1.9896753472735358,0.1800912950289731
0.5654866776461627,1.9896753472735358,0.0972468293089559
0.6073745796940266,1.9896753472735358,0.2305913676939073
0.6492624817418906,1.9896753472735358,0.2707668278047888
0.6911503837897545,1.9896753472735358,0.0975833860364664
0.7330382858376183,1.9896753472735358,0.0622356829623911
0.7749261878854823,1.9896753472735358,0.0167460136978828
0.8168140899333461,1.9896753472735358,0.0701565587622566
0.8587019919812100,1.9896753472735358,0.0320129645163652
0.9005898940290740,1.9896753472735358,0.0259921062125973
0.9424777960769379,1.9896753472735358,0.0369948381019779
0.9843656981248019,1.9896753472735358,0.0211487111268934
1.0262536001726656,1.9896753472735358,0.0010584848016346
1.0681415022205296,1.9896753472735358,0.0182748240881072
1.1100294042683936,1.9896753472735358,0.0266784218621866
1.1519173063162575,1.9896753472735358,0.0261074122658819
1.1938052083641213,1.9896753472735358,0.0184654771512253
1.2356931104119853,1.9896753472735358,0.0070680643539605
1.2775810124598492,1.9896753472735358,0.0074496068939129
1.3194689145077132,1.9896753472735358,0.0179116948144325
1.3613568165555769,1.9896753472735358,0.0247405154711467
1.4032447186034409,1.9896753472735358,0.0265718903395990
1.4451326206513049,1.9896753472735358,0.0233783301952573
1.4870205226991688,1.9896753472735358,0.0161027256285553
1.5289084247470326,1.9896753472735358,0.0067675924169205
1.5707963267948966,1.9896753472735358,0.0066144217909613
1.6126842288427605,1.9896753472735358,0.0156301500367472
1.6545721308906245,1.9896753472735358,0.0225632261594720
1.6964600329384882,1.9896753472735358,0.0258477743954846
1.7383479349863524,1.9896753472735358,0.0251813003457233
1.7802358370342162,1.9896753472735358,0.0214726962415815
1.8221237390820799,1.9896753472735358,0.0174795438932107
1.8640116411299441,1.9896753472735358,0.0175729591029700
1.9058995431778079,1.9896753472735358,0.0218711654430050
1.9477874452256716,1.9896753472735358,0.0258110418954224
1.9896753472735358,1.9896753472735358,0.0262487093300490
2.0315632493213993,1.9896753472735358,0.0225293985121978
2.0734511513692637,1.9896753472735358,0.0167047104669330
2.1153390534171272,1.9896753472735358,0.0135561741718222
2.1572269554649912,1.9896753472735358,0.0166426233197939
2.1991148575128552,1.9896753472735358,0.0256829367985442
2.2410027595607191,1.9896753472735358,0.0314872288015081
2.2828906616085827,1.9896753472735358,0.0152066138161623
2.3247785636564471,1.9896753472735358,0.0415444852045709
2.3666664657043106,1.9896753472735358,0.0063330014402479
2.4085543677521750,1.9896753472735358,0.0949739261945775
2.4504422698000385,1.9896753472735358,0.0740333142772137
2.4923301718479025,1.9896753472735358,0.0303795028605591
2.5342180738957665,1.9896753472735358,0.1505664348774209
2.5761059759436304,1.9896753472735358,0.0765162431386880
2.6179938779914940,1.9896753472735358,0.0876257377008027
2.6598817800393584,1.9896753472735358,0.0876101912702817
2.7017696820872219,1.9896753472735358,0.0955082223478987
2.7436575841350863,1.9896753472735358,0.0483602198769009
2.7855454861829498,1.9896753472735358,0.0519820208080523
2.8274333882308138,1.9896753472735358,0.0408283364176373
2.8693212902786778,1.9896753472735358,0.0275664777054045
2.9112091923265417,1.9896753472735358,0.0378136328617680
2.9530970943744053,1.9896753472735358,0.0450850529869166
2.9949849964222697,1.9896753472735358,0.0436249231920001
3.0368728984701332,1.9896753472735358,0.0393364638074324
3.0787608005179976,1.9896753472735358,0.0283892473602067
3.1206487025658611,1.9896753472735358,0.0098011126940735
0.0209439510239320,2.0315632493213993,0.0594040937242099
0.0628318530717960,2.0315632493213993,0.0260450866483280
0.1047197551196597,2.0315632493213993,0.0566721396648389
0.1466076571675237,2.0315632493213993,0.0469135092529066
0.1884955592153876,2.0315632493213993,0.0129833335148790
0.2303834612632514,2.0315632493213993,0.0304542026554918
0.2722713633111153,2.0315632493213993,0.0635569105555691
0.3141592653589793,2.0315632493213993,0.0715041674794509
0.3560471674068433,2.0315632493213993,0.0391003959277983
0.3979350694547070,2.0315632493213993,0.0326002759524017
0.4398229715025710,2.0315632493213993,0.1008013851272763
0.4817108735504350,2.0315632493213993,0.1309535160054851
0.5235987755982989,2.0315632493213993,0.1162289576017086
0.5654866776461627,2.0315632493213993,0.0739721753664849
0.6073745796940266,2.0315632493213993,0.1417620831020987
0.6492624817418906,2.0315632493213993,0.1563816985701895
0.6911503837897545,2.0315632493213993,0.3930842088738833
0.7330382858376183,2.0315632493213993,0.0537846273145879
0.7749261878854823,2.0315632493213993,0.0829791340280751
0.8168140899333461,2.0315632493213993,0.0361800001572021
0.8587019919812100,2.0315632493213993,0.0612934284474207
0.9005898940290740,2.0315632493213993,0.0162543402047843
0.9424777960769379,2.0315632493213993,0.0307391065083193
0.9843656981248019,2.0315632493213993,0.0259333041992377
1.0262536001726656,2.0315632493213993,0.0059181381817281
1.0681415022205296,2.0315632493213993,0.0145856373924900
1.1100294042683936,2.0315632493213993,0.0253474504324897
1.1519173063162575,2.0315632493213993,0.0263867893151657
1.1938052083641213,2.0315632493213993,0.0196290289102466
1.2356931104119853,2.0315632493213993,0.0090107899547447
1.2775810124598492,2.0315632493213993,0.0080630091734457
1.3194689145077132,2.0315632493213993,0.0178565092882629
1.3613568165555769,2.0315632493213993,0.0246531211846591
1.4032447186034409,2.0315632493213993,0.0264204451861915
1.4451326206513049,2.0315632493213993,0.0229650404307861
1.4870205226991688,2.0315632493213993,0.0151115265693207
1.5289084247470326,2.0315632493213993,0.0044077221488008
1.5707963267948966,2.0315632493213993,0.0073024001027219
1.6126842288427605,2.0315632493213993,0.0178919762333916
1.6545721308906245,2.0315632493213993,0.0256525873396297
1.6964600329384882,2.0315632493213993,0.0293055037630736
1.7383479349863524,2.0315632493213993,0.0283106095886550
1.7802358370342162,2.0315632493213993,0.0231025277708534
1.8221237390820799,2.0315632493213993,0.0157091524609541
1.8640116411299441,2.0315632493213993,0.0123376783471498
1.9058995431778079,2.0315632493213993,0.0182646874301315
1.9477874452256716,2.0315632493213993,0.0260159676179116
1.9896753472735358,2.0315632493213993,0.0306927915538832
2.0315632493213993,2.0315632493213993,0.0305159761780651
2.0734511513692637,2.0315632493213993,0.0249517617499660
2.1153390534171272,2.0315632493213993,0.0151275554301418
2.1572269554649912,2.0315632493213993,0.0155818213298935
2.1991148575128552,2.0315632493213993,0.0299857957811389
2.2410027595607191,2.0315632493213993,0.0276386012197398
2.2828906616085827,2.0315632493213993,0.0229931910179466
2.3247785636564471,2.0315632493213993,0.0345874397070845
2.3666664657043106,2.0315632493213993,0.0639695356364017
2.4085543677521750,2.0315632493213993,0.0232543673943915
2.4504422698000385,2.0315632493213993,0.2910216917217405
2.4923301718479025,2.0315632493213993,0.0680212045357282
2.5342180738957665,2.0315632493213993,0.0251801989405040
2.5761059759436304,2.0315632493213993,0.0469587347564955
2.6179938779914940,2.0315632493213993,0.0497021015354954
2.6598817800393584,2.0315632493213993,0.0732049206856813
2.7017696820872219,2.0315632493213993,0.0695201134536113
2.7436575841350863,2.0315632493213993,0.0307920017929734
2.7855454861829498,2.0315632493213993,0.0278123094941047
2.8274333882308138,2.0315632493213993,0.0527140191034130
2.8693212902786778,2.0315632493213993,0.0584813859307620
2.9112091923265417,2.0315632493213993,0.0521952957163909
2.9530970943744053,2.0315632493213993,0.0412371722192415
2.9949849964222697,2.0315632493213993,0.0371624547131786
3.0368728984701332,2.0315632493213993,0.0413433577801404
3.0787608005179976,2.0315632493213993,0.0359403440786848
3.1206487025658611,2.0315632493213993,0.0062552987661194
0.0209439510239320,2.0734511513692637,0.0521828599246661
0.0628318530717960,2.0734511513692637,0.0300219377942379
0.1047197551196597,2.0734511513692637,0.0567578378266859
0.1466076571675237,2.0734511513692637,0.0446043547578597
0.1884955592153876,2.0734511513692637,0.0121175790964193
0.2303834612632514,2.0734511513692637,0.0316259974250217
0.2722713633111153,2.0734511513692637,0.0607573039607380
0.3141592653589793,2.0734511513692637,0.0733430010000457
0.3560471674068433,2.0734511513692637,0.0745979672405202
0.3979350694547070,2.0734511513692637,0.0631465178876361
0.4398229715025710,2.0734511513692637,0.0165672149253206
0.4817108735504350,2.0734511513692637,0.0486861975086886
0.5235987755982989,2.0734511513692637,0.0539247401769799
0.5654866776461627,2.0734511513692637,0.0235041778562084
0.6073745796940266,2.0734511513692637,0.0458327020369511
0.6492624817418906,2.0734511513692637,0.1542953968176895
0.6911503837897545,2.0734511513692637,0.1030503140677524
0.7330382858376183,2.0734511513692637,0.1190593578553987
0.7749261878854823,2.0734511513692637,0.0492304749797552
0.8168140899333461,2.0734511513692637,0.0474193454215546
0.8587019919812100,2.0734511513692637,0.0532932987356344
0.9005898940290740,2.0734511513692637,0.0423206634361275
0.9424777960769379,2.0734511513692637,0.0150307029616773
0.9843656981248019,2.0734511513692637,0.0233726302823149
1.0262536001726656,2.0734511513692637,0.0121823744904941
1.0681415022205296,2.0734511513692637,0.0092978639617559
1.1100294042683936,2.0734511513692637,0.0214399850063775
1.1519173063162575,2.0734511513692637,0.0249753183362396
1.1938052083641213,2.0734511513692637,0.0201961229678616
1.2356931104119853,2.0734511513692637,0.0109868392275950
1.2775810124598492,2.0734511513692637,0.0084482611233949
1.3194689145077132,2.0734511513692637,0.0168992254759126
1.3613568165555769,2.0734511513692637,0.0234941374079033
1.4032447186034409,2.0734511513692637,0.0252785866374111
1.4451326206513049,2.0734511513692637,0.0218554986827540
1.4870205226991688,2.0734511513692637,0.0140042960579592
1.5289084247470326,2.0734511513692637,0.0037456275820868
1.5707963267948966,2.0734511513692637,0.0092405401295002
1.6126842288427605,2.0734511513692637,0.0198344147595050
1.6545721308906245,2.0734511513692637,0.0275316664450041
1.6964600329384882,2.0734511513692637,0.0307877255685316
1.7383479349863524,2.0734511513692637,0.0288186982030749
1.7802358370342162,2.0734511513692637,0.0216877615903035
1.8221237390820799,2.0734511513692637,0.0104960320977466
1.8640116411299441,2.0734511513692637,0.0055921830408945
1.9058995431778079,2.0734511513692637,0.0190290745655448
1.9477874452256716,2.0734511513692637,0.0308386989030651
1.9896753472735358,2.0734511513692637,0.0374947880069872
2.0315632493213993,2.0734511513692637,0.0364366460845209
2.0734511513692637,2.0734511513692637,0.0259926124895966
2.1153390534171272,2.0734511513692637,0.0082376663203410
2.1572269554649912,2.0734511513692637,0.0191064089060145
2.1991148575128552,2.0734511513692637,0.0298221961738916
2.2410027595607191,2.0734511513692637,0.0167352677144046
2.2828906616085827,2.0734511513692637,0.0316984270543636
2.3247785636564471,2.0734511513692637,0.0158008173035789
2.3666664657043106,2.0734511513692637,0.0763239592558358
2.4085543677521750,2.0734511513692637,0.1067927479819564
2.4504422698000385,2.0734511513692637,0.1388654627059402
2.4923301718479025,2.0734511513692637,0.1048821654097026
2.5342180738957665,2.0734511513692637,0.0842448119563309
2.5761059759436304,2.0734511513692637,0.0587619927919911
2.6179938779914940,2.0734511513692637,0.0358307885197024
2.6598817800393584,2.0734511513692637,0.0159468165927854
2.7017696820872219,2.0734511513692637,0.0371504523021872
2.7436575841350863,2.0734511513692637,0.0623254582888461
2.7855454861829498,2.0734511513692637,0.0648172950854434
2.8274333882308138,2.0734511513692637,0.0638546558822033
2.8693212902786778,2.0734511513692637,0.0560684802105892
2.9112091923265417,2.0734511513692637,0.0361957583246993
2.9530970943744053,2.0734511513692637,0.0103837897922737
2.9949849964222697,2.0734511513692637,0.0219230118451011
3.0368728984701332,2.0734511513692637,0.0391407818382276
3.0787608005179976,2.0734511513692637,0.0380644351303793
3.1206487025658611,2.0734511513692637,0.0106453082369095
0.0209439510239320,2.1153390534171272,0.0454859911800163
0.0628318530717960,2.1153390534171272,0.0299488879565809
0.1047197551196597,2.1153390534171272,0.0529042979000626
0.1466076571675237,2.1153390534171272,0.0412263506394788
0.1884955592153876,2.1153390534171272,0.0127283226223921
0.2303834612632514,2.1153390534171272,0.0172596612656987
0.2722713633111153,2.1153390534171272,0.0419126089629399
0.3141592653589793,2.1153390534171272,0.0664821828391059
0.3560471674068433,2.1153390534171272,0.0904464079746838
0.3979350694547070,2.1153390534171272,0.0982261920363244
0.4398229715025710,2.1153390534171272,0.0885797713673433
0.4817108735504350,2.1153390534171272,0.0661078587581917
0.5235987755982989,2.1153390534171272,0.0191928990879956
0.5654866776461627,2.1153390534171272,0.0658380526717692
0.6073745796940266,2.1153390534171272,0.0394653003184529
0.6492624817418906,2.1153390534171272,0.0517486710209369
0.6911503837897545,2.1153390534171272,0.0271266693083273
0.7330382858376183,2.1153390534171272,1.0724967023620482
0.7749261878854823,2.1153390534171272,0.1260592531149140
0.8168140899333461,2.1153390534171272,0.0876800897777554
0.8587019919812100,2.1153390534171272,0.0168578984477758
0.9005898940290740,2.1153390534171272,0.0469009272034544
0.9424777960769379,2.1153390534171272,0.0266734803620499
0.9843656981248019,2.1153390534171272,0.0103163500139650
1.0262536001726656,2.1153390534171272,0.0124259153043937
1.0681415022205296,2.1153390534171272,0.0071964748689507
1.1100294042683936,2.1153390534171272,0.0156132619425800
1.1519173063162575,2.1153390534171272,0.0211025040052197
1.1938052083641213,2.1153390534171272,0.0190294042782844
1.2356931104119853,2.1153390534171272,0.0120409619239642
1.2775810124598492,2.1153390534171272,0.0088116697279943
1.3194689145077132,2.1153390534171272,0.0153871864447604
1.3613568165555769,2.1153390534171272,0.0215072686758701
1.4032447186034409,2.1153390534171272,0.0233371253740939
1.4451326206513049,2.1153390534171272,0.0202033947929153
1.4870205226991688,2.1153390534171272,0.0128154666630397
1.5289084247470326,2.1153390534171272,0.0040166918502343
1.5707963267948966,2.1153390534171272,0.0103332425701473
1.6126842288427605,2.1153390534171272,0.0203127362030542
1.6545721308906245,2.1153390534171272,0.0273967885646225
1.6964600329384882,2.1153390534171272,0.0299013072795456
1.7383479349863524,2.1153390534171272,0.0270122884533177
1.7802358370342162,2.1153390534171272,0.0189220930823767
1.8221237390820799,2.1153390534171272,0.0079994552981292
1.8640116411299441,2.1153390534171272,0.0120486105684856
1.9058995431778079,2.1153390534171272,0.0260411846608885
1.9477874452256716,2.1153390534171272,0.0370446341144250
1.9896753472735358,2.1153390534171272,0.0409423301480331
2.0315632493213993,2.1153390534171272,0.0347724645889964
2.0734511513692637,2.1153390534171272,0.0178317776278406
2.1153390534171272,2.1153390534171272,0.0058943974542177
2.1572269554649912,2.1153390534171272,0.0236183094909331
2.1991148575128552,2.1153390534171272,0.0193833690364985
2.2410027595607191,2.1153390534171272,0.0179607139908784
2.2828906616085827,2.1153390534171272,0.0108176335013176
2.3247785636564471,2.1153390534171272,0.0610991535577920
2.3666664657043106,2.1153390534171272,0.0831848979908577
2.4085543677521750,2.1153390534171272,1.0181587865305886
2.4504422698000385,2.1153390534171272,0.1589520642026597
2.4923301718479025,2.1153390534171272,0.1464558903405482
2.5342180738957665,2.1153390534171272,0.0169745084214996
2.5761059759436304,2.1153390534171272,0.0720991391184121
2.6179938779914940,2.1153390534171272,0.0358012253599615
2.6598817800393584,2.1153390534171272,0.0533883637956002
2.7017696820872219,2.1153390534171272,0.0669626108094170
2.7436575841350863,2.1153390534171272,0.0712627469006751
2.7855454861829498,2.1153390534171272,0.0564292409969218
2.8274333882308138,2.1153390534171272,0.0323227741162956
2.8693212902786778,2.1153390534171272,0.0252941349406115
2.9112091923265417,2.1153390534171272,0.0292124945322502
2.9530970943744053,2.1153390534171272,0.0292963426171066
2.9949849964222697,2.1153390534171272,0.0310387267335575
3.0368728984701332,2.1153390534171272,0.0355915704019912
3.0787608005179976,2.1153390534171272,0.0329493920910679
3.1206487025658611,2.1153390534171272,0.0120060174032062
0.0209439510239320,2.1572269554649912,0.0396665347441416
0.0628318530717960,2.1572269554649912,0.0270364461366384
0.1047197551196597,2.1572269554649912,0.0450209228076052
0.1466076571675237,2.1572269554649912,0.0365822636340292
0.1884955592153876,2.1572269554649912,0.0229272422943641
0.2303834612632514,2.1572269554649912,0.0147325527844892
0.2722713633111153,2.1572269554649912,0.0038144352724353
0.3141592653589793,2.1572269554649912,0.0272052145156690
0.3560471674068433,2.1572269554649912,0.0536084110044517
0.3979350694547070,2.1572269554649912,0.0727716897964598
0.4398229715025710,2.1572269554649912,0.0925075065268127
0.4817108735504350,2.1572269554649912,0.1013296209655150
0.5235987755982989,2.1572269554649912,0.0609584120363582
0.5654866776461627,2.1572269554649912,0.0461577386625925
0.6073745796940266,2.1572269554649912,0.0553325975591247
0.6492624817418906,2.1572269554649912,0.1114901069242323
0.6911503837897545,2.1572269554649912,0.0613489218635253
0.7330382858376183,2.1572269554649912,0.1080297384475240
0.7749261878854823,2.1572269554649912,0.0880631690120240
0.8168140899333461,2.1572269554649912,0.0561233923834738
0.8587019919812100,2.1572269554649912,0.0861843238221935
0.9005898940290740,2.1572269554649912,0.0079932902602788
0.9424777960769379,2.1572269554649912,0.0326476672577627
0.9843656981248019,2.1572269554649912,0.0162734441510090
1.0262536001726656,2.1572269554649912,0.0025988640096611
1.0681415022205296,2.1572269554649912,0.0070110294417006
1.1100294042683936,2.1572269554649912,0.0108828893790883
1.1519173063162575,2.1572269554649912,0.0154794761213227
1.1938052083641213,2.1572269554649912,0.0154034968942604
1.2356931104119853,2.1572269554649912,0.0109742663488473
1.2775810124598492,2.1572269554649912,0.0086023067832384
1.3194689145077132,2.1572269554649912,0.0137786062489248
1.3613568165555769,2.1572269554649912,0.0191930166629690
1.4032447186034409,2.1572269554649912,0.0209682278528723
1.4451326206513049,2.1572269554649912,0.0181938764173632
1.4870205226991688,2.1572269554649912,0.0113801353062988
1.5289084247470326,2.1572269554649912,0.0030903522721335
1.5707963267948966,2.1572269554649912,0.0097939615687007
1.6126842288427605,2.1572269554649912,0.0191006043794379
1.6545721308906245,2.1572269554649912,0.0255199904838392
1.6964600329384882,2.1572269554649912,0.0275822218449415
1.7383479349863524,2.1572269554649912,0.0248381117879801
1.7802358370342162,2.1572269554649912,0.0185702525150704
1.8221237390820799,2.1572269554649912,0.0146555611725097
1.8640116411299441,2.1572269554649912,0.0211305654760189
1.9058995431778079,2.1572269554649912,0.0313387169825448
1.9477874452256716,2.1572269554649912,0.0376979133608061
1.9896753472735358,2.1572269554649912,0.0359688620406669
2.0315632493213993,2.1572269554649912,0.0246843547810608
2.0734511513692637,2.1572269554649912,0.0100516934037545
2.1153390534171272,2.1572269554649912,0.0174750287857633
2.1572269554649912,2.1572269554649912,0.0188027436968000
2.1991148575128552,2.1572269554649912,0.0064053129146930
2.2410027595607191,2.1572269554649912,0.0120026296985374
2.2828906616085827,2.1572269554649912,0.0345595558097803
2.3247785636564471,2.1572269554649912,0.0374899754597348
2.3666664657043106,2.1572269554649912,0.0354440435399271
2.4085543677521750,2.1572269554649912,0.1159158401460919
2.4504422698000385,2.1572269554649912,0.0377848288587651
2.4923301718479025,2.1572269554649912,0.1106542267660392
2.5342180738957665,2.1572269554649912,0.0462787517443975
2.5761059759436304,2.1572269554649912,0.0313469080497689
2.6179938779914940,2.1572269554649912,0.0519987697373320
2.6598817800393584,2.1572269554649912,0.0721109297852528
2.7017696820872219,2.1572269554649912,0.0598203988366885
2.7436575841350863,2.1572269554649912,0.0447130587135010
2.7855454861829498,2.1572269554649912,0.0291181879129702
2.8274333882308138,2.1572269554649912,0.0232765904905168
2.8693212902786778,2.1572269554649912,0.0424065666700515
2.9112091923265417,2.1572269554649912,0.0543270487182693
2.9530970943744053,2.1572269554649912,0.0504146427379218
2.9949849964222697,2.1572269554649912,0.0358825806410056
3.0368728984701332,2.1572269554649912,0.0237723306324480
3.0787608005179976,2.1572269554649912,0.0221650850544397
3.1206487025658611,2.1572269554649912,0.0133798758458499
0.0209439510239320,2.1991148575128552,0.0317304555214369
0.0628318530717960,2.1991148575128552,0.0251443536737946
0.1047197551196597,2.1991148575128552,0.0336843614029756
0.1466076571675237,2.1991148575128552,0.0247052017389302
0.1884955592153876,2.1991148575128552,0.0261216980684955
0.2303834612632514,2.1991148575128552,0.0336816703728001
0.2722713633111153,2.1991148575128552,0.0353714327318270
0.3141592653589793,2.1991148575128552,0.0367673325422091
0.3560471674068433,2.1991148575128552,0.0337298643186249
0.3979350694547070,2.1991148575128552,0.0102249871558529
0.4398229715025710,2.1991148575128552,0.0332866184983273
0.4817108735504350,2.1991148575128552,0.0728534168950912
0.5235987755982989,2.1991148575128552,0.0795981057592524
0.5654866776461627,2.1991148575128552,0.0423231706820375
0.6073745796940266,2.1991148575128552,0.0578875383484084
0.6492624817418906,2.1991148575128552,0.0286420836507317
0.6911503837897545,2.1991148575128552,0.1608186298736461
0.7330382858376183,2.1991148575128552,0.2241015798648417
0.7749261878854823,2.1991148575128552,0.3712284258541471
0.8168140899333461,2.1991148575128552,0.0925115465755025
0.8587019919812100,2.1991148575128552,0.0149687975890216
0.9005898940290740,2.1991148575128552,0.0749401674368441
0.9424777960769379,2.1991148575128552,0.0127695350362931
0.9843656981248019,2.1991148575128552,0.0195129872603304
1.0262536001726656,2.1991148575128552,0.0115915664640412
1.0681415022205296,2.1991148575128552,0.0056057889249627
1.1100294042683936,2.1991148575128552,0.0090462368126829
1.1519173063162575,2.1991148575128552,0.0109675143675736
1.1938052083641213,2.1991148575128552,0.0103861786369402
1.2356931104119853,2.1991148575128552,0.0072274898700712
1.2775810124598492,2.1991148575128552,0.0066956903392134
1.3194689145077132,2.1991148575128552,0.0120437633927079
1.3613568165555769,2.1991148575128552,0.0169996052445846
1.4032447186034409,2.1991148575128552,0.0187089279409910
1.4451326206513049,2.1991148575128552,0.0163184197790417
1.4870205226991688,2.1991148575128552,0.0101529110723840
1.5289084247470326,2.1991148575128552,0.0016224362488195
1.5707963267948966,2.1991148575128552,0.0084150189257007
1.6126842288427605,2.1991148575128552,0.0170605952789872
1.6545721308906245,2.1991148575128552,0.0230254430533427
1.6964600329384882,2.1991148575128552,0.0252001861635603
1.7383479349863524,2.1991148575128552,0.0235604382891161
1.7802358370342162,2.1991148575128552,0.0199375395974015
1.8221237390820799,2.1991148575128552,0.0188320576541659
1.8640116411299441,2.1991148575128552,0.0230188606760376
1.9058995431778079,2.1991148575128552,0.0281933752759416
1.9477874452256716,2.1991148575128552,0.0292900642233443
1.9896753472735358,2.1991148575128552,0.0243191016924926
2.0315632493213993,2.1991148575128552,0.0173045277481990
2.0734511513692637,2.1991148575128552,0.0181602518324309
2.1153390534171272,2.1991148575128552,0.0176352847755751
2.1572269554649912,2.1991148575128552,0.0034815383173716
2.1991148575128552,2.1991148575128552,0.0077819012218089
2.2410027595607191,2.1991148575128552,0.0188211427025207
2.2828906616085827,2.1991148575128552,0.0166343902535005
2.3247785636564471,2.1991148575128552,0.1530230175912457
2.3666664657043106,2.1991148575128552,0.3038578991407225
2.4085543677521750,2.1991148575128552,0.2470928416791422
2.4504422698000385,2.1991148575128552,0.1184360871448679
2.4923301718479025,2.1991148575128552,0.0308228262217971
2.5342180738957665,2.1991148575128552,0.0305798588827100
2.5761059759436304,2.1991148575128552,0.0273783841471735
2.6179938779914940,2.1991148575128552,0.0540479919444856
2.6598817800393584,2.1991148575128552,0.0352594500017227
2.7017696820872219,2.1991148575128552,0.0207179726452155
2.7436575841350863,2.1991148575128552,0.0507633203093364
2.7855454861829498,2.1991148575128552,0.0642451401295758
2.8274333882308138,2.1991148575128552,0.0624324930100733
2.8693212902786778,2.1991148575128552,0.0591278112662017
2.9112091923265417,2.1991148575128552,0.0564697328499627
2.9530970943744053,2.1991148575128552,0.0468746060002859
2.9949849964222697,2.1991148575128552,0.0281410912421515
3.0368728984701332,2.1991148575128552,0.0060430683749246
3.0787608005179976,2.1991148575128552,0.0140462869952847
3.1206487025658611,2.1991148575128552,0.0186870955491416
0.0209439510239320,2.2410027595607191,0.0201797565423655
0.0628318530717960,2.2410027595607191,0.0275402650210144
0.1047197551196597,2.2410027595607191,0.0250200259672879
0.1466076571675237,2.2410027595607191,0.0059961178122011
0.1884955592153876,2.2410027595607191,0.0211158841645756
0.2303834612632514,2.2410027595607191,0.0375713832943056
0.2722713633111153,2.2410027595607191,0.0514347214929081
0.3141592653589793,2.2410027595607191,0.0680032204242450
0.3560471674068433,2.2410027595607191,0.0791156409295521
0.3979350694547070,2.2410027595607191,0.0707700901753059
0.4398229715025710,2.2410027595607191,0.0365181587332884
0.4817108735504350,2.2410027595607191,0.0197065009590271
0.5235987755982989,2.2410027595607191,0.0584179388381974
0.5654866776461627,2.2410027595607191,0.0590496470769895
0.6073745796940266,2.2410027595607191,0.0349590327047528
0.6492624817418906,2.2410027595607191,0.0502777265946100
0.6911503837897545,2.2410027595607191,0.0801125622253872
0.7330382858376183,2.2410027595607191,0.1186557495666706
0.7749261878854823,2.2410027595607191,0.1719813960321129
0.8168140899333461,2.2410027595607191,0.7162120124715963
0.8587019919812100,2.2410027595607191,0.1245909214492242
0.9005898940290740,2.2410027595607191,0.0109048857093324
0.9424777960769379,2.2410027595607191,0.0613121271995712
0.9843656981248019,2.2410027595607191,0.0185828942516906
1.0262536001726656,2.2410027595607191,0.0121233941706680
1.0681415022205296,2.2410027595607191,0.0117698387878699
1.1100294042683936,2.2410027595607191,0.0095289089841860
1.1519173063162575,2.2410027595607191,0.0094017259138144
1.1938052083641213,2.2410027595607191,0.0073912280146517
1.2356931104119853,2.2410027595607191,0.0028116794985086
1.2775810124598492,2.2410027595607191,0.0038135890657027
1.3194689145077132,2.2410027595607191,0.0102858664898294
1.3613568165555769,2.2410027595607191,0.0151204266912399
1.4032447186034409,2.2410027595607191,0.0168864440334867
1.4451326206513049,2.2410027595607191,0.0149677959661298
1.4870205226991688,2.2410027595607191,0.0096310262026052
1.5289084247470326,2.2410027595607191,0.0019578986091074
1.5707963267948966,2.2410027595607191,0.0067609843772112
1.6126842288427605,2.2410027595607191,0.0145236338427767
1.6545721308906245,2.2410027595607191,0.0199430033089290
1.6964600329384882,2.2410027595607191,0.0220318615322845
1.7383479349863524,2.2410027595607191,0.0206928773703134
1.7802358370342162,2.2410027595607191,0.0171038022441611
1.8221237390820799,2.2410027595607191,0.0141295468812743
1.8640116411299441,2.2410027595607191,0.0146350386449543
1.9058995431778079,2.2410027595607191,0.0169853244393942
1.9477874452256716,2.2410027595607191,0.0185131889059332
1.9896753472735358,2.2410027595607191,0.0196165723728495
2.0315632493213993,2.2410027595607191,0.0205288342053323
2.0734511513692637,2.2410027595607191,0.0166550905522906
2.1153390534171272,2.2410027595607191,0.0065969287145149
2.1572269554649912,2.2410027595607191,0.0074464400937787
2.1991148575128552,2.2410027595607191,0.0134198483914338
2.2410027595607191,2.2410027595607191,0.0073558314265578
2.2828906616085827,2.2410027595607191,0.1686651080713437
2.3247785636564471,2.2410027595607191,0.8048103150535455
2.3666664657043106,2.2410027595607191,0.2370709024641386
2.4085543677521750,2.2410027595607191,0.0661277648406194
2.4504422698000385,2.2410027595607191,0.0154332938725032
2.4923301718479025,2.2410027595607191,0.0337911130162678
2.5342180738957665,2.2410027595607191,0.0294005779487040
2.5761059759436304,2.2410027595607191,0.0490947053255928
2.6179938779914940,2.2410027595607191,0.0281319192168284
2.6598817800393584,2.2410027595607191,0.0178278664939056
2.7017696820872219,2.2410027595607191,0.0617637557924278
2.7436575841350863,2.2410027595607191,0.0857631271616394
2.7855454861829498,2.2410027595607191,0.0840351636132430
2.8274333882308138,2.2410027595607191,0.0636243355481823
2.8693212902786778,2.2410027595607191,0.0422444575020602
2.9112091923265417,2.2410027595607191,0.0374435694181879
2.9530970943744053,2.2410027595607191,0.0386353280120295
2.9949849964222697,2.2410027595607191,0.0308840346195725
3.0368728984701332,2.2410027595607191,0.0160347564816472
3.0787608005179976,2.2410027595607191,0.0162829896611022
3.1206487025658611,2.2410027595607191,0.0281891145807524
0.0209439510239320,2.2828906616085827,0.0104480499896268
0.0628318530717960,2.2828906616085827,0.0313349434458710
0.1047197551196597,2.2828906616085827,0.0237093049459792
0.1466076571675237,2.2828906616085827,0.0136073166635070
0.1884955592153876,2.2828906616085827,0.0262963403918071
0.2303834612632514,2.2828906616085827,0.0346874820031606
0.2722713633111153,2.2828906616085827,0.0423470396294578
0.3141592653589793,2.2828906616085827,0.0587658260216041
0.3560471674068433,2.2828906616085827,0.0740316138993850
0.3979350694547070,2.2828906616085827,0.0757100829246137
0.4398229715025710,2.2828906616085827,0.0600863503444684
0.4817108735504350,2.2828906616085827,0.0278863434095432
0.5235987755982989,2.2828906616085827,0.0111742279918753
0.5654866776461627,2.2828906616085827,0.0330323824763668
0.6073745796940266,2.2828906616085827,0.0185151939254285
0.6492624817418906,2.2828906616085827,0.0396897182526045
0.6911503837897545,2.2828906616085827,0.0431244373307605
0.7330382858376183,2.2828906616085827,0.0886059716277334
0.7749261878854823,2.2828906616085827,0.0409363121325681
0.8168140899333461,2.2828906616085827,0.0127329639974150
0.8587019919812100,2.2828906616085827,0.9250991791138835
0.9005898940290740,2.2828906616085827,0.1161175098001556
0.9424777960769379,2.2828906616085827,0.0320251094578429
0.9843656981248019,2.2828906616085827,0.0420034892747908
1.0262536001726656,2.2828906616085827,0.0183727807485301
1.0681415022205296,2.2828906616085827,0.0100232167667239
1.1100294042683936,2.2828906616085827,0.0128199294685848
1.1519173063162575,2.2828906616085827,0.0102380977448560
1.1938052083641213,2.2828906616085827,0.0071226503647396
1.2356931104119853,2.2828906616085827,0.0042006666271212
1.2775810124598492,2.2828906616085827,0.0058145811668652
1.3194689145077132,2.2828906616085827,0.0107710973768910
1.3613568165555769,2.2828906616085827,0.0148995903992013
1.4032447186034409,2.2828906616085827,0.0165711238254731
1.4451326206513049,2.2828906616085827,0.0151647371018163
1.4870205226991688,2.2828906616085827,0.0109758627648684
1.5289084247470326,2.2828906616085827,0.0057122626700711
1.5707963267948966,2.2828906616085827,0.0062441168953605
1.6126842288427605,2.2828906616085827,0.0118149303006597
1.6545721308906245,2.2828906616085827,0.0161099668870209
1.6964600329384882,2.2828906616085827,0.0174726949379014
1.7383479349863524,2.2828906616085827,0.0154171669495444
1.7802358370342162,2.2828906616085827,0.0102419961464761
1.8221237390820799,2.2828906616085827,0.0028989141162415
1.8640116411299441,2.2828906616085827,0.0052411172172239
1.9058995431778079,2.2828906616085827,0.0126138111870599
1.9477874452256716,2.2828906616085827,0.0175144034926214
1.9896753472735358,2.2828906616085827,0.0180224811152831
2.0315632493213993,2.2828906616085827,0.0137812959944028
2.0734511513692637,2.2828906616085827,0.0129748669613237
2.1153390534171272,2.2828906616085827,0.0109457793091985
2.1572269554649912,2.2828906616085827,0.0152265845155975
2.1991148575128552,2.2828906616085827,0.0052586849363064
2.2410027595607191,2.2828906616085827,0.1523660146534781
2.2828906616085827,2.2828906616085827,1.1624653930611379
2.3247785636564471,2.2828906616085827,0.0993863723613213
2.3666664657043106,2.2828906616085827,0.0378331108445677
2.4085543677521750,2.2828906616085827,0.0155249109058442
2.4504422698000385,2.2828906616085827,0.0356840303136847
2.4923301718479025,2.2828906616085827,0.0245871860323985
2.5342180738957665,2.2828906616085827,0.0496989106202301
2.5761059759436304,2.2828906616085827,0.0382031785914238
2.6179938779914940,2.2828906616085827,0.0205281473965429
2.6598817800393584,2.2828906616085827,0.0541653483982494
2.7017696820872219,2.2828906616085827,0.0797930834668933
2.7436575841350863,2.2828906616085827,0.0824450498042502
2.7855454861829498,2.2828906616085827,0.0632105638435436
2.8274333882308138,2.2828906616085827,0.0305231168553745
2.8693212902786778,2.2828906616085827,0.0142982616261399
2.9112091923265417,2.2828906616085827,0.0383401719882067
2.9530970943744053,2.2828906616085827,0.0494987467740820
2.9949849964222697,2.2828906616085827,0.0430660484962935
3.0368728984701332,2.2828906616085827,0.0248614633097278
3.0787608005179976,2.2828906616085827,0.0206491870334994
3.1206487025658611,2.2828906616085827,0.0393507502302412
0.0209439510239320,2.3247785636564471,0.0174434441441947
0.0628318530717960,2.3247785636564471,0.0342434334295858
0.1047197551196597,2.3247785636564471,0.0239623760678825
0.1466076571675237,2.3247785636564471,0.0256834705863362
0.1884955592153876,2.3247785636564471,0.0402253748966819
0.2303834612632514,2.3247785636564471,0.0430435118825246
0.2722713633111153,2.3247785636564471,0.0311264095184622
0.3141592653589793,2.3247785636564471,0.0167780084684394
0.3560471674068433,2.3247785636564471,0.0326611422764356
0.3979350694547070,2.3247785636564471,0.0535938908195329
0.4398229715025710,2.3247785636564471,0.0595047823103068
0.4817108735504350,2.3247785636564471,0.0474553332286702
0.5235987755982989,2.3247785636564471,0.0289252296789764
0.5654866776461627,2.3247785636564471,0.0223515889895812
0.6073745796940266,2.3247785636564471,0.0171084116998662
0.6492624817418906,2.3247785636564471,0.0282470756913308
0.6911503837897545,2.3247785636564471,0.0683963995383818
0.7330382858376183,2.3247785636564471,0.0493698292227855
0.7749261878854823,2.3247785636564471,0.0705390747244019
0.8168140899333461,2.3247785636564471,0.0320144789540671
0.8587019919812100,2.3247785636564471,0.0668505417849688
0.9005898940290740,2.3247785636564471,0.8962018945264527
0.9424777960769379,2.3247785636564471,0.0729422001659192
0.9843656981248019,2.3247785636564471,0.0640855743225176
1.0262536001726656,2.3247785636564471,0.0166008386560052
1.0681415022205296,2.3247785636564471,0.0106249675820742
1.1100294042683936,2.3247785636564471,0.0100741173832580
1.1519173063162575,2.3247785636564471,0.0151369537562659
1.1938052083641213,2.3247785636564471,0.0108135593440807
1.2356931104119853,2.3247785636564471,0.0037583451119334
1.2775810124598492,2.3247785636564471,0.0055094891809903
1.3194689145077132,2.3247785636564471,0.0119490014852610
1.3613568165555769,2.3247785636564471,0.0167746078094979
1.4032447186034409,2.3247785636564471,0.0192065531742325
1.4451326206513049,2.3247785636564471,0.0190795371317098
1.4870205226991688,2.3247785636564471,0.0169980561478316
1.5289084247470326,2.3247785636564471,0.0145556567599444
1.5707963267948966,2.3247785636564471,0.0139603999087694
1.6126842288427605,2.3247785636564471,0.0157123964110182
1.6545721308906245,2.3247785636564471,0.0178422530382567
1.6964600329384882,2.3247785636564471,0.0184953400513630
1.7383479349863524,2.3247785636564471,0.0169632048093818
1.7802358370342162,2.3247785636564471,0.0136521216654114
1.8221237390820799,2.3247785636564471,0.0101008433968035
1.8640116411299441,2.3247785636564471,0.0085706853472191
1.9058995431778079,2.3247785636564471,0.0095890916356948
1.9477874452256716,2.3247785636564471,0.0133124594054742
1.9896753472735358,2.3247785636564471,0.0209861795149145
2.0315632493213993,2.3247785636564471,0.0259091439259954
2.0734511513692637,2.3247785636564471,0.0114488729647386
2.1153390534171272,2.3247785636564471,0.0258855571984664
2.1572269554649912,2.3247785636564471,0.0089694296219784
2.1991148575128552,2.3247785636564471,0.1211440361347355
2.2410027595607191,2.3247785636564471,0.8752203346928977
2.2828906616085827,2.3247785636564471,0.0406782101473832
2.3247785636564471,2.3247785636564471,0.0296387463322830
2.3666664657043106,2.3247785636564471,0.0303963318613166
2.4085543677521750,2.3247785636564471,0.0584437243272010
2.4504422698000385,2.3247785636564471,0.0096443711420753
2.4923301718479025,2.3247785636564471,0.0353185338643300
2.5342180738957665,2.3247785636564471,0.0407313006377793
2.5761059759436304,2.3247785636564471,0.0354137763353408
2.6179938779914940,2.3247785636564471,0.0443258389591945
2.6598817800393584,2.3247785636564471,0.0586786859864489
2.7017696820872219,2.3247785636564471,0.0636414892667974
2.7436575841350863,2.3247785636564471,0.0540159071371633
2.7855454861829498,2.3247785636564471,0.0333927672730831
2.8274333882308138,2.3247785636564471,0.0231111106159667
2.8693212902786778,2.3247785636564471,0.0415727652881249
2.9112091923265417,2.3247785636564471,0.0574461223649653
2.9530970943744053,2.3247785636564471,0.0587895175590502
2.9949849964222697,2.3247785636564471,0.0443962841762171
3.0368728984701332,2.3247785636564471,0.0210518284220802
3.0787608005179976,2.3247785636564471,0.0243185261198573
3.1206487025658611,2.3247785636564471,0.0481415320928542
0.0209439510239320,2.3666664657043106,0.0280090854050904
0.0628318530717960,2.3666664657043106,0.0368385190376252
0.1047197551196597,2.3666664657043106,0.0218467656392489
0.1466076571675237,2.3666664657043106,0.0273948515507685
0.1884955592153876,2.3666664657043106,0.0469972790718763
0.2303834612632514,2.3666664657043106,0.0543652278675931
0.2722713633111153,2.3666664657043106,0.0462965136580317
0.3141592653589793,2.3666664657043106,0.0299614052548294
0.3560471674068433,2.3666664657043106,0.0250817031756279
0.3979350694547070,2.3666664657043106,0.0349325884985377
0.4398229715025710,2.3666664657043106,0.0400227711058580
0.4817108735504350,2.3666664657043106,0.0372201381817363
0.5235987755982989,2.3666664657043106,0.0310424647193431
0.5654866776461627,2.3666664657043106,0.0272949601217575
0.6073745796940266,2.3666664657043106,0.0270729287667286
0.6492624817418906,2.3666664657043106,0.0319481455167626
0.6911503837897545,2.3666664657043106,0.0609211540749894
0.7330382858376183,2.3666664657043106,0.0963004102022394
0.7749261878854823,2.3666664657043106,0.0682632176484685
0.8168140899333461,2.3666664657043106,0.0649483867851071
0.8587019919812100,2.3666664657043106,0.0587285421728787
0.9005898940290740,2.3666664657043106,0.0346885923642046
0.9424777960769379,2.3666664657043106,0.4625927278167591
0.9843656981248019,2.3666664657043106,0.0708217110197072
1.0262536001726656,2.3666664657043106,0.0885706946942888
1.0681415022205296,2.3666664657043106,0.0117082780628036
1.1100294042683936,2.3666664657043106,0.0034585072993089
1.1519173063162575,2.3666664657043106,0.0119368079852330
1.1938052083641213,2.3666664657043106,0.0210184243691850
1.2356931104119853,2.3666664657043106,0.0184888770325552
1.2775810124598492,2.3666664657043106,0.0097638562362921
1.3194689145077132,2.3666664657043106,0.0039708688214292
1.3613568165555769,2.3666664657043106,0.0109038086821727
1.4032447186034409,2.3666664657043106,0.0167028963235502
1.4451326206513049,2.3666664657043106,0.0197420261297403
1.4870205226991688,2.3666664657043106,0.0205735997685510
1.5289084247470326,2.3666664657043106,0.0203561452781321
1.5707963267948966,2.3666664657043106,0.0202431875628249
1.6126842288427605,2.3666664657043106,0.0205554447971047
1.6545721308906245,2.3666664657043106,0.0205224993928658
1.6964600329384882,2.3666664657043106,0.0189439847791131
1.7383479349863524,2.3666664657043106,0.0148780185805852
1.7802358370342162,2.3666664657043106,0.0081119967811928
1.8221237390820799,2.3666664657043106,0.0058983052888862
1.8640116411299441,2.3666664657043106,0.0180994910613044
1.9058995431778079,2.3666664657043106,0.0321251143211928
1.9477874452256716,2.3666664657043106,0.0406591558094263
1.9896753472735358,2.3666664657043106,0.0313933711449688
2.0315632493213993,2.3666664657043106,0.0067422338293890
2.0734511513692637,2.3666664657043106,0.0456336886485811
2.1153390534171272,2.3666664657043106,0.0212371437205476
2.1572269554649912,2.3666664657043106,0.0291541461643433
2.1991148575128552,2.3666664657043106,0.5259732260360069
2.2410027595607191,2.3666664657043106,0.1143429473353787
2.2828906616085827,2.3666664657043106,0.0431408082230676
2.3247785636564471,2.3666664657043106,0.0282966735465672
2.3666664657043106,2.3666664657043106,0.0776598406176393
2.4085543677521750,2.3666664657043106,0.0289246354895320
2.4504422698000385,2.3666664657043106,0.0130999766213829
2.4923301718479025,2.3666664657043106,0.0242328827642927
2.5342180738957665,2.3666664657043106,0.0300303365647820
2.5761059759436304,2.3666664657043106,0.0383352404040495
2.6179938779914940,2.3666664657043106,0.0397825389005530
2.6598817800393584,2.3666664657043106,0.0347943285988804
2.7017696820872219,2.3666664657043106,0.0335346888713679
2.7436575841350863,2.3666664657043106,0.0411111471355937
2.7855454861829498,2.3666664657043106,0.0513153043959593
2.8274333882308138,2.3666664657043106,0.0601421986942786
2.8693212902786778,2.3666664657043106,0.0654994020223884
2.9112091923265417,2.3666664657043106,0.0640879065139748
2.9530970943744053,2.3666664657043106,0.0528936743740061
2.9949849964222697,2.3666664657043106,0.0318223800489792
3.0368728984701332,2.3666664657043106,0.0091592267917931
3.0787608005179976,2.3666664657043106,0.0290043807343582
3.1206487025658611,2.3666664657043106,0.0508330475053902
0.0209439510239320,2.4085543677521750,0.0340817081585722
0.0628318530717960,2.4085543677521750,0.0393577728695659
0.1047197551196597,2.4085543677521750,0.0204467585749563
0.1466076571675237,2.4085543677521750,0.0195988517542270
0.1884955592153876,2.4085543677521750,0.0416035422625389
0.2303834612632514,2.4085543677521750,0.0541108084437639
0.2722713633111153,2.4085543677521750,0.0545502695384755
0.3141592653589793,2.4085543677521750,0.0470142476109052
0.3560471674068433,2.4085543677521750,0.0374463849925873
0.3979350694547070,2.4085543677521750,0.0299140557222557
0.4398229715025710,2.4085543677521750,0.0246612710540982
0.4817108735504350,2.4085543677521750,0.0187986149318694
0.5235987755982989,2.4085543677521750,0.0098349879265833
0.5654866776461627,2.4085543677521750,0.0056109944345012
0.6073745796940266,2.4085543677521750,0.0159028835432575
0.6492624817418906,2.4085543677521750,0.0227353346511375
0.6911503837897545,2.4085543677521750,0.0351482291553964
0.7330382858376183,2.4085543677521750,0.0714684708259766
0.7749261878854823,2.4085543677521750,0.1058046553411573
0.8168140899333461,2.4085543677521750,0.0713460314687413
0.8587019919812100,2.4085543677521750,0.0640260107047300
0.9005898940290740,2.4085543677521750,0.0312210413990300
0.9424777960769379,2.4085543677521750,0.1445456353212758
0.9843656981248019,2.4085543677521750,0.3396132315497339
1.0262536001726656,2.4085543677521750,0.9252266918679853
1.0681415022205296,2.4085543677521750,0.0686499168596026
1.1100294042683936,2.4085543677521750,0.0375511152255818
1.1519173063162575,2.4085543677521750,0.0052458122607013
1.1938052083641213,2.4085543677521750,0.0029949534072267
1.2356931104119853,2.4085543677521750,0.0134882495830079
1.2775810124598492,2.4085543677521750,0.0219940107895376
1.3194689145077132,2.4085543677521750,0.0216952232902879
1.3613568165555769,2.4085543677521750,0.0165692439951496
1.4032447186034409,2.4085543677521750,0.0108840424589955
1.4451326206513049,2.4085543677521750,0.0071930356342152
1.4870205226991688,2.4085543677521750,0.0055490924614952
1.5289084247470326,2.4085543677521750,0.0045246427870099
1.5707963267948966,2.4085543677521750,0.0040837295082186
1.6126842288427605,2.4085543677521750,0.0054572954638649
1.6545721308906245,2.4085543677521750,0.0089642931861961
1.6964600329384882,2.4085543677521750,0.0149300308707386
1.7383479349863524,2.4085543677521750,0.0238187906595171
1.7802358370342162,2.4085543677521750,0.0349594749476702
1.8221237390820799,2.4085543677521750,0.0454331039718118
1.8640116411299441,2.4085543677521750,0.0489997641422559
1.9058995431778079,2.4085543677521750,0.0360916148150290
1.9477874452256716,2.4085543677521750,0.0012736899127945
1.9896753472735358,2.4085543677521750,0.0483719471858516
2.0315632493213993,2.4085543677521750,0.0437266365094160
2.0734511513692637,2.4085543677521750,0.0589484712558832
2.1153390534171272,2.4085543677521750,0.9977878514668201
2.1572269554649912,2.4085543677521750,0.0756612950008851
2.1991148575128552,2.4085543677521750,0.1970322112143334
2.2410027595607191,2.4085543677521750,0.0762101370975653
2.2828906616085827,2.4085543677521750,0.0240463768138046
2.3247785636564471,2.4085543677521750,0.0836778040923980
2.3666664657043106,2.4085543677521750,0.0404907944806774
2.4085543677521750,2.4085543677521750,0.0130503493945571
2.4504422698000385,2.4085543677521750,0.0119081885838107
2.4923301718479025,2.4085543677521750,0.0074960998397662
2.5342180738957665,2.4085543677521750,0.0176815742997120
2.5761059759436304,2.4085543677521750,0.0212328741537395
2.6179938779914940,2.4085543677521750,0.0138523566985061
2.6598817800393584,2.4085543677521750,0.0049388835431688
2.7017696820872219,2.4085543677521750,0.0266959153369628
2.7436575841350863,2.4085543677521750,0.0484374690157791
2.7855454861829498,2.4085543677521750,0.0637031650994014
2.8274333882308138,2.4085543677521750,0.0693332405194849
2.8693212902786778,2.4085543677521750,0.0651107140044761
2.9112091923265417,2.4085543677521750,0.0525917656728079
2.9530970943744053,2.4085543677521750,0.0338441358776443
2.9949849964222697,2.4085543677521750,0.0113071367708403
3.0368728984701332,2.4085543677521750,0.0130450766665447
3.0787608005179976,2.4085543677521750,0.0334374381155443
3.1206487025658611,2.4085543677521750,0.0459934710636536
0.0209439510239320,2.4504422698000385,0.0347227709604656
0.0628318530717960,2.4504422698000385,0.0406949124411021
0.1047197551196597,2.4504422698000385,0.0232114168753195
0.1466076571675237,2.4504422698000385,0.0062495465031714
0.1884955592153876,2.4504422698000385,0.0264796226238700
0.2303834612632514,2.4504422698000385,0.0397958074154972
0.2722713633111153,2.4504422698000385,0.0428998001098610
0.3141592653589793,2.4504422698000385,0.0381883984581312
0.3560471674068433,2.4504422698000385,0.0305003836983215
0.3979350694547070,2.4504422698000385,0.0254336851256226
0.4398229715025710,2.4504422698000385,0.0248779802316241
0.4817108735504350,2.4504422698000385,0.0253902468917842
0.5235987755982989,2.4504422698000385,0.0253258756345259
0.5654866776461627,2.4504422698000385,0.0276830366904950
0.6073745796940266,2.4504422698000385,0.0343118264891117
0.6492624817418906,2.4504422698000385,0.0394475174615125
0.6911503837897545,2.4504422698000385,0.0339323392713656
0.7330382858376183,2.4504422698000385,0.0237795180922890
0.7749261878854823,2.4504422698000385,0.0587048724893493
0.8168140899333461,2.4504422698000385,0.0955193583530363
0.8587019919812100,2.4504422698000385,0.0609063515741315
0.9005898940290740,2.4504422698000385,0.0668019999216132
0.9424777960769379,2.4504422698000385,0.0747228467555549
0.9843656981248019,2.4504422698000385,0.1894786891314645
1.0262536001726656,2.4504422698000385,0.2636036833234031
1.0681415022205296,2.4504422698000385,0.2825210382736618
1.1100294042683936,2.4504422698000385,0.2311378879915824
1.1519173063162575,2.4504422698000385,0.0562747588779573
1.1938052083641213,2.4504422698000385,0.0188214526520861
1.2356931104119853,2.4504422698000385,0.0238936991238571
1.2775810124598492,2.4504422698000385,0.0276920380204914
1.3194689145077132,2.4504422698000385,0.0157965645192247
1.3613568165555769,2.4504422698000385,0.0039071003278457
1.4032447186034409,2.4504422698000385,0.0080724848183853
1.4451326206513049,2.4504422698000385,0.0129312435676386
1.4870205226991688,2.4504422698000385,0.0155385757906708
1.5289084247470326,2.4504422698000385,0.0176317210381352
1.5707963267948966,2.4504422698000385,0.0205682545607180
1.6126842288427605,2.4504422698000385,0.0247245651596970
1.6545721308906245,2.4504422698000385,0.0294185392810779
1.6964600329384882,2.4504422698000385,0.0330133522333318
1.7383479349863524,2.4504422698000385,0.0327088535318498
1.7802358370342162,2.4504422698000385,0.0243799115818529
1.8221237390820799,2.4504422698000385,0.0037420684849457
1.8640116411299441,2.4504422698000385,0.0290082820457180
1.9058995431778079,2.4504422698000385,0.0585620214382142
1.9477874452256716,2.4504422698000385,0.0450751926389218
1.9896753472735358,2.4504422698000385,0.0369347231163212
2.0315632493213993,2.4504422698000385,0.1405291083838023
2.0734511513692637,2.4504422698000385,0.2593538401704001
2.1153390534171272,2.4504422698000385,0.2171593173365773
2.1572269554649912,2.4504422698000385,0.1261906586132739
2.1991148575128552,2.4504422698000385,0.0964133576767657
2.2410027595607191,2.4504422698000385,0.0336910675169897
2.2828906616085827,2.4504422698000385,0.0798639420728731
2.3247785636564471,2.4504422698000385,0.0358512615742537
2.3666664657043106,2.4504422698000385,0.0220242298226460
2.4085543677521750,2.4504422698000385,0.0252838132643981
2.4504422698000385,2.4504422698000385,0.0176859692175592
2.4923301718479025,2.4504422698000385,0.0095386807761436
2.5342180738957665,2.4504422698000385,0.0042206022595283
2.5761059759436304,2.4504422698000385,0.0084204248446254
2.6179938779914940,2.4504422698000385,0.0163217637546194
2.6598817800393584,2.4504422698000385,0.0251278250300858
2.7017696820872219,2.4504422698000385,0.0350826988701642
2.7436575841350863,2.4504422698000385,0.0447078764869571
2.7855454861829498,2.4504422698000385,0.0507019657198153
2.8274333882308138,2.4504422698000385,0.0500487280899957
2.8693212902786778,2.4504422698000385,0.0417174323047616
2.9112091923265417,2.4504422698000385,0.0270236659792696
2.9530970943744053,2.4504422698000385,0.0092883126701300
2.9949849964222697,2.4504422698000385,0.0109612082552592
3.0368728984701332,2.4504422698000385,0.0257210017285194
3.0787608005179976,2.4504422698000385,0.0346130392074755
3.1206487025658611,2.4504422698000385,0.0350894827414288
0.0209439510239320,2.4923301718479025,0.0310082668809128
0.0628318530717960,2.4923301718479025,0.0394241418852965
0.1047197551196597,2.4923301718479025,0.0270918251892433
0.1466076571675237,2.4923301718479025,0.0087291828991981
0.1884955592153876,2.4923301718479025,0.0135851411552801
0.2303834612632514,2.4923301718479025,0.0238114898753158
0.2722713633111153,2.4923301718479025,0.0255820795107717
0.3141592653589793,2.4923301718479025,0.0198311840110829
0.3560471674068433,2.4923301718479025,0.0110296197780751
0.3979350694547070,2.4923301718479025,0.0125961100693228
0.4398229715025710,2.4923301718479025,0.0233327308238912
0.4817108735504350,2.4923301718479025,0.0325820726491566
0.5235987755982989,2.4923301718479025,0.0386431913764309
0.5654866776461627,2.4923301718479025,0.0443223407795849
0.6073745796940266,2.4923301718479025,0.0538685226202880
0.6492624817418906,2.4923301718479025,0.0652525521783912
0.6911503837897545,2.4923301718479025,0.0693069219872051
0.7330382858376183,2.4923301718479025,0.0558070474857273
0.7749261878854823,2.4923301718479025,0.0191586046208415
0.8168140899333461,2.4923301718479025,0.0348149843279921
0.8587019919812100,2.4923301718479025,0.0787505245568590
0.9005898940290740,2.4923301718479025,0.0602839257824936
0.9424777960769379,2.4923301718479025,0.0626205597677277
0.9843656981248019,2.4923301718479025,0.1489331191312647
1.0262536001726656,2.4923301718479025,0.0418612895613170
1.0681415022205296,2.4923301718479025,0.1000870628778446
1.1100294042683936,2.4923301718479025,0.1284827716400977
1.1519173063162575,2.4923301718479025,0.8116380209368242
1.1938052083641213,2.4923301718479025,0.3892417384500424
1.2356931104119853,2.4923301718479025,0.0467009747244611
1.2775810124598492,2.4923301718479025,0.0456499280867661
1.3194689145077132,2.4923301718479025,0.0083994807535617
1.3613568165555769,2.4923301718479025,0.0413684138229131
1.4032447186034409,2.4923301718479025,0.0565144314367430
1.4451326206513049,2.4923301718479025,0.0589108482492071
1.4870205226991688,2.4923301718479025,0.0556061861109293
1.5289084247470326,2.4923301718479025,0.0509142727625148
1.5707963267948966,2.4923301718479025,0.0471424383626325
1.6126842288427605,2.4923301718479025,0.0456166595414591
1.6545721308906245,2.4923301718479025,0.0471310839440400
1.6964600329384882,2.4923301718479025,0.0516148565037576
1.7383479349863524,2.4923301718479025,0.0567763065413783
1.7802358370342162,2.4923301718479025,0.0555943777511252
1.8221237390820799,2.4923301718479025,0.0343014457291487
1.8640116411299441,2.4923301718479025,0.0206572569563197
1.9058995431778079,2.4923301718479025,0.0748556145375453
1.9477874452256716,2.4923301718479025,0.3030325094591771
1.9896753472735358,2.4923301718479025,0.2957231777542955
2.0315632493213993,2.4923301718479025,0.2790898135826559
2.0734511513692637,2.4923301718479025,0.2285007398655514
2.1153390534171272,2.4923301718479025,0.0428081092915058
2.1572269554649912,2.4923301718479025,0.0713056775606276
2.1991148575128552,2.4923301718479025,0.0575102362553519
2.2410027595607191,2.4923301718479025,0.0668684066747564
2.2828906616085827,2.4923301718479025,0.0174177027718595
2.3247785636564471,2.4923301718479025,0.0316821555009866
2.3666664657043106,2.4923301718479025,0.0386220683875599
2.4085543677521750,2.4923301718479025,0.0341988349438150
2.4504422698000385,2.4923301718479025,0.0290062951978826
2.4923301718479025,2.4923301718479025,0.0244205916037907
2.5342180738957665,2.4923301718479025,0.0223132498155318
2.5761059759436304,2.4923301718479025,0.0243399934061125
2.6179938779914940,2.4923301718479025,0.0276114500212278
2.6598817800393584,2.4923301718479025,0.0289944524997442
2.7017696820872219,2.4923301718479025,0.0277197861538090
2.7436575841350863,2.4923301718479025,0.0245629056338573
2.7855454861829498,2.4923301718479025,0.0203500630197987
2.8274333882308138,2.4923301718479025,0.0150036625354133
2.8693212902786778,2.4923301718479025,0.0089899792341869
2.9112091923265417,2.4923301718479025,0.0098193644301497
2.9530970943744053,2.4923301718479025,0.0190458813053927
2.9949849964222697,2.4923301718479025,0.0281180142269241
3.0368728984701332,2.4923301718479025,0.0330573588110391
3.0787608005179976,2.4923301718479025,0.0312603800919987
3.1206487025658611,2.4923301718479025,0.0212998695216237
0.0209439510239320,2.5342180738957665,0.0248576933000214
0.0628318530717960,2.5342180738957665,0.0348972408725268
0.1047197551196597,2.5342180738957665,0.0280364104590037
0.1466076571675237,2.5342180738957665,0.0198812118116666
0.1884955592153876,2.5342180738957665,0.0231161604627549
0.2303834612632514,2.5342180738957665,0.0294538510222251
0.2722713633111153,2.5342180738957665,0.0303801278884944
0.3141592653589793,2.5342180738957665,0.0246618279825735
0.3560471674068433,2.5342180738957665,0.0155581211406272
0.3979350694547070,2.5342180738957665,0.0153329841174234
0.4398229715025710,2.5342180738957665,0.0260975536685665
0.4817108735504350,2.5342180738957665,0.0347660241952195
0.5235987755982989,2.5342180738957665,0.0372837162437921
0.5654866776461627,2.5342180738957665,0.0377821014420815
0.6073745796940266,2.5342180738957665,0.0468585273456182
0.6492624817418906,2.5342180738957665,0.0649072132570029
0.6911503837897545,2.5342180738957665,0.0810399024491062
0.7330382858376183,2.5342180738957665,0.0854788516921612
0.7749261878854823,2.5342180738957665,0.0732202034515925
0.8168140899333461,2.5342180738957665,0.0468947542167418
0.8587019919812100,2.5342180738957665,0.0342721086428769
0.9005898940290740,2.5342180738957665,0.0607384686579003
0.9424777960769379,2.5342180738957665,0.0619922550496169
0.9843656981248019,2.5342180738957665,0.0291750590076493
1.0262536001726656,2.5342180738957665,0.1379744777810417
1.0681415022205296,2.5342180738957665,0.1305599000229891
1.1100294042683936,2.5342180738957665,0.0985443174313836
1.1519173063162575,2.5342180738957665,0.0953030067628004
1.1938052083641213,2.5342180738957665,0.2371673186906305
1.2356931104119853,2.5342180738957665,0.6109943384428868
1.2775810124598492,2.5342180738957665,0.5051141146393001
1.3194689145077132,2.5342180738957665,0.3532168583102411
1.3613568165555769,2.5342180738957665,0.0582730654285311
1.4032447186034409,2.5342180738957665,0.1153526297008293
1.4451326206513049,2.5342180738957665,0.1034237500576463
1.4870205226991688,2.5342180738957665,0.0794216614970922
1.5289084247470326,2.5342180738957665,0.0612700334276047
1.5707963267948966,2.5342180738957665,0.0539987323998463
1.6126842288427605,2.5342180738957665,0.0587117458035245
1.6545721308906245,2.5342180738957665,0.0755857456232785
1.6964600329384882,2.5342180738957665,0.1028142317071960
1.7383479349863524,2.5342180738957665,0.1293990486493477
1.7802358370342162,2.5342180738957665,0.1086326466457846
1.8221237390820799,2.5342180738957665,0.2454148267034642
1.8640116411299441,2.5342180738957665,0.7216050166609213
1.9058995431778079,2.5342180738957665,0.6438294980212808
1.9477874452256716,2.5342180738957665,0.2449715833606627
1.9896753472735358,2.5342180738957665,0.2292218482472078
2.0315632493213993,2.5342180738957665,0.0520043733568664
2.0734511513692637,2.5342180738957665,0.1056379692264070
2.1153390534171272,2.5342180738957665,0.0183534253241789
2.1572269554649912,2.5342180738957665,0.0756906784661878
2.1991148575128552,2.5342180738957665,0.0414058989596277
2.2410027595607191,2.5342180738957665,0.0183658807763167
2.2828906616085827,2.5342180738957665,0.0475593428410567
2.3247785636564471,2.5342180738957665,0.0477012518941516
2.3666664657043106,2.5342180738957665,0.0398400390172493
2.4085543677521750,2.5342180738957665,0.0346710802145068
2.4504422698000385,2.5342180738957665,0.0304219913732743
2.4923301718479025,2.5342180738957665,0.0258984868124546
2.5342180738957665,2.5342180738957665,0.0225778335195927
2.5761059759436304,2.5342180738957665,0.0206547978076624
2.6179938779914940,2.5342180738957665,0.0185743422005532
2.6598817800393584,2.5342180738957665,0.0153001173324273
2.7017696820872219,2.5342180738957665,0.0114935769559814
2.7436575841350863,2.5342180738957665,0.0103392746211558
2.7855454861829498,2.5342180738957665,0.0144693903971976
2.8274333882308138,2.5342180738957665,0.0211033368492401
2.8693212902786778,2.5342180738957665,0.0278041841015420
2.9112091923265417,2.5342180738957665,0.0333901772089575
2.9530970943744053,2.5342180738957665,0.0369339203960460
2.9949849964222697,2.5342180738957665,0.0373588638303370
3.0368728984701332,2.5342180738957665,0.0334519845538039
3.0787608005179976,2.5342180738957665,0.0241201300339481
3.1206487025658611,2.5342180738957665,0.0086727585017440
0.0209439510239320,2.5761059759436304,0.0182728480847763
0.0628318530717960,2.5761059759436304,0.0276391793418192
0.1047197551196597,2.5761059759436304,0.0246902904001048
0.1466076571675237,2.5761059759436304,0.0252394604429601
0.1884955592153876,2.5761059759436304,0.0335766419987124
0.2303834612632514,2.5761059759436304,0.0409988016000735
0.2722713633111153,2.5761059759436304,0.0425021426191293
0.3141592653589793,2.5761059759436304,0.0380515619483324
0.3560471674068433,2.5761059759436304,0.0323856064279256
0.3979350694547070,2.5761059759436304,0.0334951504410985
0.4398229715025710,2.5761059759436304,0.0408581278019847
0.4817108735504350,2.5761059759436304,0.0454062305652011
0.5235987755982989,2.5761059759436304,0.0409378293163456
0.5654866776461627,2.5761059759436304,0.0268144295733593
0.6073745796940266,2.5761059759436304,0.0155485546947277
0.6492624817418906,2.5761059759436304,0.0340484627198811
0.6911503837897545,2.5761059759436304,0.0572033565242312
0.7330382858376183,2.5761059759436304,0.0732408191999895
0.7749261878854823,2.5761059759436304,0.0795616569625494
0.8168140899333461,2.5761059759436304,0.0777341824434192
0.8587019919812100,2.5761059759436304,0.0694847056056942
0.9005898940290740,2.5761059759436304,0.0533257811455907
0.9424777960769379,2.5761059759436304,0.0371062579938198
0.9843656981248019,2.5761059759436304,0.0443478029084263
1.0262536001726656,2.5761059759436304,0.0325209400642390
1.0681415022205296,2.5761059759436304,0.0376177990182259
1.1100294042683936,2.5761059759436304,0.1207158891598203
1.1519173063162575,2.5761059759436304,0.1042621376155159
1.1938052083641213,2.5761059759436304,0.0587398173152955
1.2356931104119853,2.5761059759436304,0.1858874775266538
1.2775810124598492,2.5761059759436304,0.0066547694811341
1.3194689145077132,2.5761059759436304,0.2391475775337149
1.3613568165555769,2.5761059759436304,0.1698596458422965
1.4032447186034409,2.5761059759436304,0.5975220834515547
1.4451326206513049,2.5761059759436304,0.6127647146056538
1.4870205226991688,2.5761059759436304,1.1926702328870584
1.5289084247470326,2.5761059759436304,0.1050005253369338
1.5707963267948966,2.5761059759436304,0.4164520466986965
1.6126842288427605,2.5761059759436304,0.0518729298734044
1.6545721308906245,2.5761059759436304,1.1637823585085347
1.6964600329384882,2.5761059759436304,0.5963083214235432
1.7383479349863524,2.5761059759436304,0.6725892812343136
1.7802358370342162,2.5761059759436304,0.1613124899799978
1.8221237390820799,2.5761059759436304,0.2283825173622411
1.8640116411299441,2.5761059759436304,0.1018461060748366
1.9058995431778079,2.5761059759436304,0.2199067646821420
1.9477874452256716,2.5761059759436304,0.0260429780722231
1.9896753472735358,2.5761059759436304,0.1004690233555653
2.0315632493213993,2.5761059759436304,0.0343673713418663
2.0734511513692637,2.5761059759436304,0.0698334913884261
2.1153390534171272,2.5761059759436304,0.0665722000865477
2.1572269554649912,2.5761059759436304,0.0152385671883580
2.1991148575128552,2.5761059759436304,0.0509895565490278
2.2410027595607191,2.5761059759436304,0.0623854302932828
2.2828906616085827,2.5761059759436304,0.0478850753725479
2.3247785636564471,2.5761059759436304,0.0316546394850027
2.3666664657043106,2.5761059759436304,0.0267641441506330
2.4085543677521750,2.5761059759436304,0.0250613186744023
2.4504422698000385,2.5761059759436304,0.0201123598059231
2.4923301718479025,2.5761059759436304,0.0129817185780149
2.5342180738957665,2.5761059759436304,0.0057189014043631
2.5761059759436304,2.5761059759436304,0.0015527050290642
2.6179938779914940,2.5761059759436304,0.0083516475484164
2.6598817800393584,2.5761059759436304,0.0161832588444865
2.7017696820872219,2.5761059759436304,0.0246349327493958
2.7436575841350863,2.5761059759436304,0.0328784248823301
2.7855454861829498,2.5761059759436304,0.0399385516630272
2.8274333882308138,2.5761059759436304,0.0450069112832254
2.8693212902786778,2.5761059759436304,0.0475371747774775
2.9112091923265417,2.5761059759436304,0.0471975428007733
2.9530970943744053,2.5761059759436304,0.0437865997297778
2.9949849964222697,2.5761059759436304,0.0371990402028275
3.0368728984701332,2.5761059759436304,0.0275053636467051
3.0787608005179976,2.5761059759436304,0.0153483150958786
3.1206487025658611,2.5761059759436304,0.0077825159338955
0.0209439510239320,2.6179938779914940,0.0129764326690010
0.0628318530717960,2.6179938779914940,0.0191541692111513
0.1047197551196597,2.6179938779914940,0.0177302461483506
0.1466076571675237,2.6179938779914940,0.0242201935653460
0.1884955592153876,2.6179938779914940,0.0353604822609924
0.2303834612632514,2.6179938779914940,0.0427943438791608
0.2722713633111153,2.6179938779914940,0.0436023715046740
0.3141592653589793,2.6179938779914940,0.0394072487326655
0.3560471674068433,2.6179938779914940,0.0368277701193278
0.3979350694547070,2.6179938779914940,0.0425816248228614
0.4398229715025710,2.6179938779914940,0.0528842270219092
0.4817108735504350,2.6179938779914940,0.0597017120576868
0.5235987755982989,2.6179938779914940,0.0584228214307395
0.5654866776461627,2.6179938779914940,0.0483929523074349
0.6073745796940266,2.6179938779914940,0.0323786203759025
0.6492624817418906,2.6179938779914940,0.0176786172013570
0.6911503837897545,2.6179938779914940,0.0197233708931135
0.7330382858376183,2.6179938779914940,0.0308285397983332
0.7749261878854823,2.6179938779914940,0.0402492369051147
0.8168140899333461,2.6179938779914940,0.0498936346767611
0.8587019919812100,2.6179938779914940,0.0609801009649107
0.9005898940290740,2.6179938779914940,0.0678032715005656
0.9424777960769379,2.6179938779914940,0.0621678597209388
0.9843656981248019,2.6179938779914940,0.0372693569483385
1.0262536001726656,2.6179938779914940,0.0077623970489049
1.0681415022205296,2.6179938779914940,0.0527903581716619
1.1100294042683936,2.6179938779914940,0.0638662061627377
1.1519173063162575,2.6179938779914940,0.0231672344403310
1.1938052083641213,2.6179938779914940,0.0473387444962580
1.2356931104119853,2.6179938779914940,0.0867162076687798
1.2775810124598492,2.6179938779914940,0.0564379379108991
1.3194689145077132,2.6179938779914940,0.0349436166820435
1.3613568165555769,2.6179938779914940,0.1301294269967418
1.4032447186034409,2.6179938779914940,0.1668152581006153
1.4451326206513049,2.6179938779914940,0.1282624588687883
1.4870205226991688,2.6179938779914940,0.0543956033794283
1.5289084247470326,2.6179938779914940,0.0243153526213120
1.5707963267948966,2.6179938779914940,0.0367426925846031
1.6126842288427605,2.6179938779914940,0.0132090344539019
1.6545721308906245,2.6179938779914940,0.0737241060793808
1.6964600329384882,2.6179938779914940,0.1581564401006928
1.7383479349863524,2.6179938779914940,0.1900007756519488
1.7802358370342162,2.6179938779914940,0.1264685908927809
1.8221237390820799,2.6179938779914940,0.0103187998285835
1.8640116411299441,2.6179938779914940,0.0912641475123420
1.9058995431778079,2.6179938779914940,0.0879420849354420
1.9477874452256716,2.6179938779914940,0.0197473766959267
1.9896753472735358,2.6179938779914940,0.0701443444698005
2.0315632493213993,2.6179938779914940,0.0766054330598944
2.0734511513692637,2.6179938779914940,0.0311522328038057
2.1153390534171272,2.6179938779914940,0.0491618215901794
2.1572269554649912,2.6179938779914940,0.0751471720182160
2.1991148575128552,2.6179938779914940,0.0645684767345520
2.2410027595607191,2.6179938779914940,0.0335519043243670
2.2828906616085827,2.6179938779914940,0.0103328932205649
2.3247785636564471,2.6179938779914940,0.0249076093970530
2.3666664657043106,2.6179938779914940,0.0333275570125437
2.4085543677521750,2.6179938779914940,0.0329518814000851
2.4504422698000385,2.6179938779914940,0.0284399606090680
2.4923301718479025,2.6179938779914940,0.0240872661820035
2.5342180738957665,2.6179938779914940,0.0225460827936721
2.5761059759436304,2.6179938779914940,0.0241806794302462
2.6179938779914940,2.6179938779914940,0.0280320884433831
2.6598817800393584,2.6179938779914940,0.0332494098875185
2.7017696820872219,2.6179938779914940,0.0391234714923187
2.7436575841350863,2.6179938779914940,0.0447569567360558
2.7855454861829498,2.6179938779914940,0.0490897390325118
2.8274333882308138,2.6179938779914940,0.0511296221642879
2.8693212902786778,2.6179938779914940,0.0501707542549764
2.9112091923265417,2.6179938779914940,0.0459155997474466
2.9530970943744053,2.6179938779914940,0.0385160060937123
2.9949849964222697,2.6179938779914940,0.0286138015147618
3.0368728984701332,2.6179938779914940,0.0176005857246542
3.0787608005179976,2.6179938779914940,0.0096411429886413
3.1206487025658611,2.6179938779914940,0.0134095952707019
0.0209439510239320,2.6598817800393584,0.0102529707365545
0.0628318530717960,2.6598817800393584,0.0116101813355191
0.1047197551196597,2.6598817800393584,0.0089818114834335
0.1466076571675237,2.6598817800393584,0.0188966263440769
0.1884955592153876,2.6598817800393584,0.0297844955791760
0.2303834612632514,2.6598817800393584,0.0351108990339407
0.2722713633111153,2.6598817800393584,0.0333924018712099
0.3141592653589793,2.6598817800393584,0.0272459471206266
0.3560471674068433,2.6598817800393584,0.0259018245062527
0.3979350694547070,2.6598817800393584,0.0364490421977364
0.4398229715025710,2.6598817800393584,0.0513090990325589
0.4817108735504350,2.6598817800393584,0.0635934896940935
0.5235987755982989,2.6598817800393584,0.0704746547111715
0.5654866776461627,2.6598817800393584,0.0714164238154970
0.6073745796940266,2.6598817800393584,0.0671693501084265
0.6492624817418906,2.6598817800393584,0.0591259139790842
0.6911503837897545,2.6598817800393584,0.0487607516955121
0.7330382858376183,2.6598817800393584,0.0367856825797784
0.7749261878854823,2.6598817800393584,0.0228987041526345
0.8168140899333461,2.6598817800393584,0.0104135073520254
0.8587019919812100,2.6598817800393584,0.0171693737255133
0.9005898940290740,2.6598817800393584,0.0275441385496609
0.9424777960769379,2.6598817800393584,0.0368581919015093
0.9843656981248019,2.6598817800393584,0.0529553257961045
1.0262536001726656,2.6598817800393584,0.0617870142928851
1.0681415022205296,2.6598817800393584,0.0457854827897980
1.1100294042683936,2.6598817800393584,0.0409637726633174
1.1519173063162575,2.6598817800393584,0.0854994961503209
1.1938052083641213,2.6598817800393584,0.1130995191535921
1.2356931104119853,2.6598817800393584,0.1002079675784475
1.2775810124598492,2.6598817800393584,0.0524484049215131
1.3194689145077132,2.6598817800393584,0.0120668447880302
1.3613568165555769,2.6598817800393584,0.0664123993450936
1.4032447186034409,2.6598817800393584,0.1029403776288643
1.4451326206513049,2.6598817800393584,0.1194039303904585
1.4870205226991688,2.6598817800393584,0.1224495770256489
1.5289084247470326,2.6598817800393584,0.1209273208301217
1.5707963267948966,2.6598817800393584,0.1216720049975441
1.6126842288427605,2.6598817800393584,0.1275094537703242
1.6545721308906245,2.6598817800393584,0.1362253004571926
1.6964600329384882,2.6598817800393584,0.1400472435450228
1.7383479349863524,2.6598817800393584,0.1275284932448474
1.7802358370342162,2.6598817800393584,0.0898069896868848
1.8221237390820799,2.6598817800393584,0.0295851954901312
1.8640116411299441,2.6598817800393584,0.0340396310952408
1.9058995431778079,2.6598817800393584,0.0726437530639268
1.9477874452256716,2.6598817800393584,0.0671827794517545
1.9896753472735358,2.6598817800393584,0.0279630405532271
2.0315632493213993,2.6598817800393584,0.0437516432191506
2.0734511513692637,2.6598817800393584,0.0769835208568312
2.1153390534171272,2.6598817800393584,0.0768083294511505
2.1572269554649912,2.6598817800393584,0.0480856162771254
2.1991148575128552,2.6598817800393584,0.0129223297603469
2.2410027595607191,2.6598817800393584,0.0319935982884621
2.2828906616085827,2.6598817800393584,0.0534729267475671
2.3247785636564471,2.6598817800393584,0.0618775396664191
2.3666664657043106,2.6598817800393584,0.0607862638111892
2.4085543677521750,2.6598817800393584,0.0550604009650605
2.4504422698000385,2.6598817800393584,0.0484789219641517
2.4923301718479025,2.6598817800393584,0.0431255945065974
2.5342180738957665,2.6598817800393584,0.0395799128776537
2.5761059759436304,2.6598817800393584,0.0375570507503993
2.6179938779914940,2.6598817800393584,0.0366779733549301
2.6598817800393584,2.6598817800393584,0.0368083210705860
2.7017696820872219,2.6598817800393584,0.0378111439089789
2.7436575841350863,2.6598817800393584,0.0391877351151563
2.7855454861829498,2.6598817800393584,0.0400638039866471
2.8274333882308138,2.6598817800393584,0.0394653999027735
2.8693212902786778,2.6598817800393584,0.0366254086119699
2.9112091923265417,2.6598817800393584,0.0312270321127401
2.9530970943744053,2.6598817800393584,0.0236341450943789
2.9949849964222697,2.6598817800393584,0.0153447676860866
3.0368728984701332,2.6598817800393584,0.0104704641359270
3.0787608005179976,2.6598817800393584,0.0124826433999346
3.1206487025658611,2.6598817800393584,0.0145332632285003
0.0209439510239320,2.7017696820872219,0.0105229639306287
0.0628318530717960,2.7017696820872219,0.0079917117111410
0.1047197551196597,2.7017696820872219,0.0024883401415398
0.1466076571675237,2.7017696820872219,0.0147923104898042
0.1884955592153876,2.7017696820872219,0.0243890346320659
0.2303834612632514,2.7017696820872219,0.0284327393228182
0.2722713633111153,2.7017696820872219,0.0257604672691854
0.3141592653589793,2.7017696820872219,0.0167564431757148
0.3560471674068433,2.7017696820872219,0.0039287696241312
0.3979350694547070,2.7017696820872219,0.0149711982550325
0.4398229715025710,2.7017696820872219,0.0327372651716045
0.4817108735504350,2.7017696820872219,0.0496864666978116
0.5235987755982989,2.7017696820872219,0.0640035964857896
0.5654866776461627,2.7017696820872219,0.0740938778392372
0.6073745796940266,2.7017696820872219,0.0788637374857149
0.6492624817418906,2.7017696820872219,0.0783000748757633
0.6911503837897545,2.7017696820872219,0.0737751186239869
0.7330382858376183,2.7017696820872219,0.0676199205254139
0.7749261878854823,2.7017696820872219,0.0623654913266888
0.8168140899333461,2.7017696820872219,0.0606661857088537
0.8587019919812100,2.7017696820872219,0.0633982877490424
0.9005898940290740,2.7017696820872219,0.0638291236699330
0.9424777960769379,2.7017696820872219,0.0494442143896837
0.9843656981248019,2.7017696820872219,0.0150915912732491
1.0262536001726656,2.7017696820872219,0.0342345365518625
1.0681415022205296,2.7017696820872219,0.0688477885844154
1.1100294042683936,2.7017696820872219,0.0722418516491476
1.1519173063162575,2.7017696820872219,0.0455811857647419
1.1938052083641213,2.7017696820872219,0.0433972375849052
1.2356931104119853,2.7017696820872219,0.0876131299669851
1.2775810124598492,2.7017696820872219,0.1209795758303918
1.3194689145077132,2.7017696820872219,0.1296795684814233
1.3613568165555769,2.7017696820872219,0.1152013765586256
1.4032447186034409,2.7017696820872219,0.0855512168052430
1.4451326206513049,2.7017696820872219,0.0504679354852835
1.4870205226991688,2.7017696820872219,0.0187530123844852
1.5289084247470326,2.7017696820872219,0.0097377686787347
1.5707963267948966,2.7017696820872219,0.0211872775228259
1.6126842288427605,2.7017696820872219,0.0230868590706542
1.6545721308906245,2.7017696820872219,0.0189429407414253
1.6964600329384882,2.7017696820872219,0.0241441235267933
1.7383479349863524,2.7017696820872219,0.0406661130485118
1.7802358370342162,2.7017696820872219,0.0537562645537164
1.8221237390820799,2.7017696820872219,0.0527168694535275
1.8640116411299441,2.7017696820872219,0.0324667473687822
1.9058995431778079,2.7017696820872219,0.0040705403496792
1.9477874452256716,2.7017696820872219,0.0433209375294519
1.9896753472735358,2.7017696820872219,0.0702966799820314
2.0315632493213993,2.7017696820872219,0.0732430041417119
2.0734511513692637,2.7017696820872219,0.0524980276579485
2.1153390534171272,2.7017696820872219,0.0274167187106226
2.1572269554649912,2.7017696820872219,0.0439139297546534
2.1991148575128552,2.7017696820872219,0.0710958556230586
2.2410027595607191,2.7017696820872219,0.0862490189613523
2.2828906616085827,2.7017696820872219,0.0885555576075704
2.3247785636564471,2.7017696820872219,0.0822007561836810
2.3666664657043106,2.7017696820872219,0.0719689739717488
2.4085543677521750,2.7017696820872219,0.0612911658580083
2.4504422698000385,2.7017696820872219,0.0518765754558700
2.4923301718479025,2.7017696820872219,0.0441297979113536
2.5342180738957665,2.7017696820872219,0.0377055827395808
2.5761059759436304,2.7017696820872219,0.0320319767751354
2.6179938779914940,2.7017696820872219,0.0268379997911489
2.6598817800393584,2.7017696820872219,0.0224919717025108
2.7017696820872219,2.7017696820872219,0.0197206971062884
2.7436575841350863,2.7017696820872219,0.0185685351973572
2.7855454861829498,2.7017696820872219,0.0178754470563996
2.8274333882308138,2.7017696820872219,0.0162383448142087
2.8693212902786778,2.7017696820872219,0.0129367285321807
2.9112091923265417,2.7017696820872219,0.0083993734221775
2.9530970943744053,2.7017696820872219,0.0064098693293119
2.9949849964222697,2.7017696820872219,0.0110483594564858
3.0368728984701332,2.7017696820872219,0.0162851909552572
3.0787608005179976,2.7017696820872219,0.0175219151535638
3.1206487025658611,2.7017696820872219,0.0106488750449746
0.0209439510239320,2.7436575841350863,0.0128304629564199
0.0628318530717960,2.7436575841350863,0.0094519663055327
0.1047197551196597,2.7436575841350863,0.0073446878338623
0.1466076571675237,2.7436575841350863,0.0170630006453636
0.1884955592153876,2.7436575841350863,0.0280268231436520
0.2303834612632514,2.7436575841350863,0.0364005784020100
0.2722713633111153,2.7436575841350863,0.0404737884727888
0.3141592653589793,2.7436575841350863,0.0391869360728503
0.3560471674068433,2.7436575841350863,0.0320792950276221
0.3979350694547070,2.7436575841350863,0.0195792453346846
0.4398229715025710,2.7436575841350863,0.0058248382547029
0.4817108735504350,2.7436575841350863,0.0187185571631508
0.5235987755982989,2.7436575841350863,0.0369854869019007
0.5654866776461627,2.7436575841350863,0.0520593945892620
0.6073745796940266,2.7436575841350863,0.0617866829708845
0.6492624817418906,2.7436575841350863,0.0657970324302094
0.6911503837897545,2.7436575841350863,0.0656599316420044
0.7330382858376183,2.7436575841350863,0.0644791039065880
0.7749261878854823,2.7436575841350863,0.0656777175178445
0.8168140899333461,2.7436575841350863,0.0719501298828433
0.8587019919812100,2.7436575841350863,0.0844395574997754
0.9005898940290740,2.7436575841350863,0.0992612472525201
0.9424777960769379,2.7436575841350863,0.1055553553303098
0.9843656981248019,2.7436575841350863,0.0922904568473943
1.0262536001726656,2.7436575841350863,0.0607677617552053
1.0681415022205296,2.7436575841350863,0.0405307372121954
1.1100294042683936,2.7436575841350863,0.0569585960988768
1.1519173063162575,2.7436575841350863,0.0655081542853124
1.1938052083641213,2.7436575841350863,0.0505826969075965
1.2356931104119853,2.7436575841350863,0.0193772924074432
1.2775810124598492,2.7436575841350863,0.0193650701276198
1.3194689145077132,2.7436575841350863,0.0489725755138340
1.3613568165555769,2.7436575841350863,0.0675048091726410
1.4032447186034409,2.7436575841350863,0.0736889337177160
1.4451326206513049,2.7436575841350863,0.0699483485232595
1.4870205226991688,2.7436575841350863,0.0602218668426279
1.5289084247470326,2.7436575841350863,0.0485125805174762
1.5707963267948966,2.7436575841350863,0.0379398704551805
1.6126842288427605,2.7436575841350863,0.0301130248739633
1.6545721308906245,2.7436575841350863,0.0248779474000320
1.6964600329384882,2.7436575841350863,0.0214536292582613
1.7383479349863524,2.7436575841350863,0.0215816434878065
1.7802358370342162,2.7436575841350863,0.0293465330724508
1.8221237390820799,2.7436575841350863,0.0432684916019296
1.8640116411299441,2.7436575841350863,0.0570907076155720
1.9058995431778079,2.7436575841350863,0.0637497375141957
1.9477874452256716,2.7436575841350863,0.0576845397037613
1.9896753472735358,2.7436575841350863,0.0384943832516699
2.0315632493213993,2.7436575841350863,0.0239158531643152
2.0734511513692637,2.7436575841350863,0.0483265470910329
2.1153390534171272,2.7436575841350863,0.0786206782698081
2.1572269554649912,2.7436575841350863,0.0982853280276151
2.1991148575128552,2.7436575841350863,0.1039402798732729
2.2410027595607191,2.7436575841350863,0.0976836479840912
2.2828906616085827,2.7436575841350863,0.0842633301380394
2.3247785636564471,2.7436575841350863,0.0684863040073222
2.3666664657043106,2.7436575841350863,0.0536300118404569
2.4085543677521750,2.7436575841350863,0.0411150365837862
2.4504422698000385,2.7436575841350863,0.0310316266943136
2.4923301718479025,2.7436575841350863,0.0229045390092379
2.5342180738957665,2.7436575841350863,0.0161552046407014
2.5761059759436304,2.7436575841350863,0.0101969483509586
2.6179938779914940,2.7436575841350863,0.0050601243204700
2.6598817800393584,2.7436575841350863,0.0055137619678320
2.7017696820872219,2.7436575841350863,0.0109826032791862
2.7436575841350863,2.7436575841350863,0.0159534854368995
2.7855454861829498,2.7436575841350863,0.0187441449800510
2.8274333882308138,2.7436575841350863,0.0187791916806445
2.8693212902786778,2.7436575841350863,0.0167739094134099
2.9112091923265417,2.7436575841350863,0.0153240277147954
2.9530970943744053,2.7436575841350863,0.0174899861817190
2.9949849964222697,2.7436575841350863,0.0219403393708790
3.0368728984701332,2.7436575841350863,0.0243287969353666
3.0787608005179976,2.7436575841350863,0.0202783635889517
3.1206487025658611,2.7436575841350863,0.0079168145583352
0.0209439510239320,2.7855454861829498,0.0152178723064298
0.0628318530717960,2.7855454861829498,0.0126792623625853
0.1047197551196597,2.7855454861829498,0.0115678318095300
0.1466076571675237,2.7855454861829498,0.0206856782653458
0.1884955592153876,2.7855454861829498,0.0348399279712445
0.2303834612632514,2.7855454861829498,0.0489658539774223
0.2722713633111153,2.7855454861829498,0.0598086839366539
0.3141592653589793,2.7855454861829498,0.0649050446725703
0.3560471674068433,2.7855454861829498,0.0628694451940870
0.3979350694547070,2.7855454861829498,0.0537319939186248
0.4398229715025710,2.7855454861829498,0.0389828572866546
0.4817108735504350,2.7855454861829498,0.0212472643142213
0.5235987755982989,2.7855454861829498,0.0041826654569999
0.5654866776461627,2.7855454861829498,0.0119389906538387
0.6073745796940266,2.7855454861829498,0.0219967105464307
0.6492624817418906,2.7855454861829498,0.0266537001474544
0.6911503837897545,2.7855454861829498,0.0268659474934892
0.7330382858376183,2.7855454861829498,0.0260588344834510
0.7749261878854823,2.7855454861829498,0.0289626607184537
0.8168140899333461,2.7855454861829498,0.0378737131698321
0.8587019919812100,2.7855454861829498,0.0540063183571920
0.9005898940290740,2.7855454861829498,0.0773540276198849
0.9424777960769379,2.7855454861829498,0.1009897189294611
0.9843656981248019,2.7855454861829498,0.1127930298509296
1.0262536001726656,2.7855454861829498,0.1045951074059701
1.0681415022205296,2.7855454861829498,0.0801175719741786
1.1100294042683936,2.7855454861829498,0.0548420487244974
1.1519173063162575,2.7855454861829498,0.0432104047590816
1.1938052083641213,2.7855454861829498,0.0384747079523452
1.2356931104119853,2.7855454861829498,0.0297625015570206
1.2775810124598492,2.7855454861829498,0.0210608189770911
1.3194689145077132,2.7855454861829498,0.0228238362520849
1.3613568165555769,2.7855454861829498,0.0295715554703207
1.4032447186034409,2.7855454861829498,0.0328389234741344
1.4451326206513049,2.7855454861829498,0.0315013383549707
1.4870205226991688,2.7855454861829498,0.0281980312447708
1.5289084247470326,2.7855454861829498,0.0275988075548650
1.5707963267948966,2.7855454861829498,0.0326064262371017
1.6126842288427605,2.7855454861829498,0.0412286096156521
1.6545721308906245,2.7855454861829498,0.0503058091655569
1.6964600329384882,2.7855454861829498,0.0576877825804699
1.7383479349863524,2.7855454861829498,0.0617888302097677
1.7802358370342162,2.7855454861829498,0.0610787447930310
1.8221237390820799,2.7855454861829498,0.0539833403824065
1.8640116411299441,2.7855454861829498,0.0392442914797763
1.9058995431778079,2.7855454861829498,0.0167368551146170
1.9477874452256716,2.7855454861829498,0.0127177469680686
1.9896753472735358,2.7855454861829498,0.0437110571213881
2.0315632493213993,2.7855454861829498,0.0717727447036874
2.0734511513692637,2.7855454861829498,0.0912615585545606
2.1153390534171272,2.7855454861829498,0.0986470376452823
2.1572269554649912,2.7855454861829498,0.0936535222811984
2.1991148575128552,2.7855454861829498,0.0791621687948553
2.2410027595607191,2.7855454861829498,0.0597903349463026
2.2828906616085827,2.7855454861829498,0.0399891134879281
2.3247785636564471,2.7855454861829498,0.0227361789584327
2.3666664657043106,2.7855454861829498,0.0093713859072421
2.4085543677521750,2.7855454861829498,0.0033096758942905
2.4504422698000385,2.7855454861829498,0.0096084314710607
2.4923301718479025,2.7855454861829498,0.0160383593258387
2.5342180738957665,2.7855454861829498,0.0221177311675997
2.5761059759436304,2.7855454861829498,0.0277117509178711
2.6179938779914940,2.7855454861829498,0.0325640998512397
2.6598817800393584,2.7855454861829498,0.0367171314808293
2.7017696820872219,2.7855454861829498,0.0402973801173326
2.7436575841350863,2.7855454861829498,0.0429494549561308
2.7855454861829498,2.7855454861829498,0.0437577800173262
2.8274333882308138,2.7855454861829498,0.0418993905620287
2.8693212902786778,2.7855454861829498,0.0375172168256952
2.9112091923265417,2.7855454861829498,0.0323205577488424
2.9530970943744053,2.7855454861829498,0.0291469347808370
2.9949849964222697,2.7855454861829498,0.0288315613472933
3.0368728984701332,2.7855454861829498,0.0275038777397130
3.0787608005179976,2.7855454861829498,0.0198796210191289
3.1206487025658611,2.7855454861829498,0.0173580554556213
0.0209439510239320,2.8274333882308138,0.0151577983476596
0.0628318530717960,2.8274333882308138,0.0164990851343218
0.1047197551196597,2.8274333882308138,0.0161748632443825
0.1466076571675237,2.8274333882308138,0.0218303363056900
0.1884955592153876,2.8274333882308138,0.0355807706253750
0.2303834612632514,2.8274333882308138,0.0521026801813577
0.2722713633111153,2.8274333882308138,0.0668553556556991
0.3141592653589793,2.8274333882308138,0.0767717994933628
0.3560471674068433,2.8274333882308138,0.0802315348353358
0.3979350694547070,2.8274333882308138,0.0770770814385074
0.4398229715025710,2.8274333882308138,0.0683770121065105
0.4817108735504350,2.8274333882308138,0.0560176328658289
0.5235987755982989,2.8274333882308138,0.0424525572067513
0.5654866776461627,2.8274333882308138,0.0309481453124240
0.6073745796940266,2.8274333882308138,0.0254731235041258
0.6492624817418906,2.8274333882308138,0.0264589921640998
0.6911503837897545,2.8274333882308138,0.0293602484531721
0.7330382858376183,2.8274333882308138,0.0316599204605771
0.7749261878854823,2.8274333882308138,0.0329999877273484
0.8168140899333461,2.8274333882308138,0.0308323914783371
0.8587019919812100,2.8274333882308138,0.0204325481505907
0.9005898940290740,2.8274333882308138,0.0099312364627327
0.9424777960769379,2.8274333882308138,0.0360487496175407
0.9843656981248019,2.8274333882308138,0.0632757360927574
1.0262536001726656,2.8274333882308138,0.0772170974564186
1.0681415022205296,2.8274333882308138,0.0739207515737364
1.1100294042683936,2.8274333882308138,0.0590694965166107
1.1519173063162575,2.8274333882308138,0.0421064212031499
1.1938052083641213,2.8274333882308138,0.0274016779421111
1.2356931104119853,2.8274333882308138,0.0130932270828764
1.2775810124598492,2.8274333882308138,0.0052447444010212
1.3194689145077132,2.8274333882308138,0.0188230341935496
1.3613568165555769,2.8274333882308138,0.0300493256402017
1.4032447186034409,2.8274333882308138,0.0362797287478037
1.4451326206513049,2.8274333882308138,0.0377858915059870
1.4870205226991688,2.8274333882308138,0.0363517043735258
1.5289084247470326,2.8274333882308138,0.0344339411295905
1.5707963267948966,2.8274333882308138,0.0339052767158399
1.6126842288427605,2.8274333882308138,0.0347981908201121
1.6545721308906245,2.8274333882308138,0.0355378926299427
1.6964600329384882,2.8274333882308138,0.0343106681409928
1.7383479349863524,2.8274333882308138,0.0299941443854134
1.7802358370342162,2.8274333882308138,0.0228969270898125
1.8221237390820799,2.8274333882308138,0.0175324461353586
1.8640116411299441,2.8274333882308138,0.0240736835828932
1.9058995431778079,2.8274333882308138,0.0392679895323685
1.9477874452256716,2.8274333882308138,0.0550298128435183
1.9896753472735358,2.8274333882308138,0.0665532427349229
2.0315632493213993,2.8274333882308138,0.0704843697188237
2.0734511513692637,2.8274333882308138,0.0651457405286147
2.1153390534171272,2.8274333882308138,0.0511369633628059
2.1572269554649912,2.8274333882308138,0.0314798134961035
2.1991148575128552,2.8274333882308138,0.0124568454859450
2.2410027595607191,2.8274333882308138,0.0159480223560397
2.2828906616085827,2.8274333882308138,0.0299845049599897
2.3247785636564471,2.8274333882308138,0.0402184261987185
2.3666664657043106,2.8274333882308138,0.0463621318729448
2.4085543677521750,2.8274333882308138,0.0494872658730128
2.4504422698000385,2.8274333882308138,0.0508813896704512
2.4923301718479025,2.8274333882308138,0.0518376022916173
2.5342180738957665,2.8274333882308138,0.0532437114701188
2.5761059759436304,2.8274333882308138,0.0550973104317111
2.6179938779914940,2.8274333882308138,0.0567461267692748
2.6598817800393584,2.8274333882308138,0.0576996198106766
2.7017696820872219,2.8274333882308138,0.0579785976759785
2.7436575841350863,2.8274333882308138,0.0576076839666460
2.7855454861829498,2.8274333882308138,0.0559680395938602
2.8274333882308138,2.8274333882308138,0.0519763952143749
2.8693212902786778,2.8274333882308138,0.0450945857286094
2.9112091923265417,2.8274333882308138,0.0364388219883124
2.9530970943744053,2.8274333882308138,0.0292277245406961
2.9949849964222697,2.8274333882308138,0.0261769819505416
3.0368728984701332,2.8274333882308138,0.0236740273640782
3.0787608005179976,2.8274333882308138,0.0162710036912515
3.1206487025658611,2.8274333882308138,0.0297400922449055
0.0209439510239320,2.8693212902786778,0.0107859145716523
0.0628318530717960,2.8693212902786778,0.0212301082135270
0.1047197551196597,2.8693212902786778,0.0257562209316152
0.1466076571675237,2.8693212902786778,0.0272644398186701
0.1884955592153876,2.8693212902786778,0.0314491688288266
0.2303834612632514,2.8693212902786778,0.0410698413141532
0.2722713633111153,2.8693212902786778,0.0534331048161997
0.3141592653589793,2.8693212902786778,0.0649418628850783
0.3560471674068433,2.8693212902786778,0.0731721511838575
0.3979350694547070,2.8693212902786778,0.0767961679851023
0.4398229715025710,2.8693212902786778,0.0753834082494147
0.4817108735504350,2.8693212902786778,0.0695513487406588
0.5235987755982989,2.8693212902786778,0.0615398873032487
0.5654866776461627,2.8693212902786778,0.0556587801820190
0.6073745796940266,2.8693212902786778,0.0562731526525120
0.6492624817418906,2.8693212902786778,0.0630264412740781
0.6911503837897545,2.8693212902786778,0.0718641410169455
0.7330382858376183,2.8693212902786778,0.0802604000512899
0.7749261878854823,2.8693212902786778,0.0877786534877207
0.8168140899333461,2.8693212902786778,0.0928594901196176
0.8587019919812100,2.8693212902786778,0.0909864273652145
0.9005898940290740,2.8693212902786778,0.0776835386750964
0.9424777960769379,2.8693212902786778,0.0537806695735206
0.9843656981248019,2.8693212902786778,0.0284663267560778
1.0262536001726656,2.8693212902786778,0.0181179074519346
1.0681415022205296,2.8693212902786778,0.0184520530006168
1.1100294042683936,2.8693212902786778,0.0123781355319179
1.1519173063162575,2.8693212902786778,0.0036346593139962
1.1938052083641213,2.8693212902786778,0.0066548103990065
1.2356931104119853,2.8693212902786778,0.0089426521084070
1.2775810124598492,2.8693212902786778,0.0121854718553444
1.3194689145077132,2.8693212902786778,0.0200985112347063
1.3613568165555769,2.8693212902786778,0.0282786217584116
1.4032447186034409,2.8693212902786778,0.0331628761286233
1.4451326206513049,2.8693212902786778,0.0334626800304004
1.4870205226991688,2.8693212902786778,0.0294247790896789
1.5289084247470326,2.8693212902786778,0.0221375322058780
1.5707963267948966,2.8693212902786778,0.0130011226789850
1.6126842288427605,2.8693212902786778,0.0037354547845755
1.6545721308906245,2.8693212902786778,0.0069527660230548
1.6964600329384882,2.8693212902786778,0.0153048835151685
1.7383479349863524,2.8693212902786778,0.0226381784090438
1.7802358370342162,2.8693212902786778,0.0287789344540370
1.8221237390820799,2.8693212902786778,0.0335990070234886
1.8640116411299441,2.8693212902786778,0.0366489844963087
1.9058995431778079,2.8693212902786778,0.0370407083476740
1.9477874452256716,2.8693212902786778,0.0336461289623710
1.9896753472735358,2.8693212902786778,0.0256980765482002
2.0315632493213993,2.8693212902786778,0.0147509049357324
2.0734511513692637,2.8693212902786778,0.0161106952890439
2.1153390534171272,2.8693212902786778,0.0345153859522170
2.1572269554649912,2.8693212902786778,0.0549153111193543
2.1991148575128552,2.8693212902786778,0.0720985170574047
2.2410027595607191,2.8693212902786778,0.0834714568396564
2.2828906616085827,2.8693212902786778,0.0884443108189060
2.3247785636564471,2.8693212902786778,0.0881173753381824
2.3666664657043106,2.8693212902786778,0.0843356972307696
2.4085543677521750,2.8693212902786778,0.0787709157208743
2.4504422698000385,2.8693212902786778,0.0726959818751949
2.4923301718479025,2.8693212902786778,0.0672322267351792
2.5342180738957665,2.8693212902786778,0.0632189091692071
2.5761059759436304,2.8693212902786778,0.0605863086377168
2.6179938779914940,2.8693212902786778,0.0583298879407933
2.6598817800393584,2.8693212902786778,0.0555619930952221
2.7017696820872219,2.8693212902786778,0.0524294452120719
2.7436575841350863,2.8693212902786778,0.0497002294374480
2.7855454861829498,2.8693212902786778,0.0472789244259307
2.8274333882308138,2.8693212902786778,0.0435360608736122
2.8693212902786778,2.8693212902786778,0.0365945256945757
2.9112091923265417,2.8693212902786778,0.0262557808730532
2.9530970943744053,2.8693212902786778,0.0158198119213548
2.9949849964222697,2.8693212902786778,0.0130552128672029
3.0368728984701332,2.8693212902786778,0.0136836912357101
3.0787608005179976,2.8693212902786778,0.0094975096996851
3.1206487025658611,2.8693212902786778,0.0392965798264289
0.0209439510239320,2.9112091923265417,0.0113010167493187
0.0628318530717960,2.9112091923265417,0.0272313977577863
0.1047197551196597,2.9112091923265417,0.0401232704401317
0.1466076571675237,2.9112091923265417,0.0450558333191621
0.1884955592153876,2.9112091923265417,0.0421377816483688
0.2303834612632514,2.9112091923265417,0.0335192308823884
0.2722713633111153,2.9112091923265417,0.0247925529140924
0.3141592653589793,2.9112091923265417,0.0262311152233532
0.3560471674068433,2.9112091923265417,0.0371599271585407
0.3979350694547070,2.9112091923265417,0.0477758541433937
0.4398229715025710,2.9112091923265417,0.0530372495793248
0.4817108735504350,2.9112091923265417,0.0516794462812077
0.5235987755982989,2.9112091923265417,0.0460568867282606
0.5654866776461627,2.9112091923265417,0.0430046139670154
0.6073745796940266,2.9112091923265417,0.0493889527970295
0.6492624817418906,2.9112091923265417,0.0626058261537899
0.6911503837897545,2.9112091923265417,0.0764739135124465
0.7330382858376183,2.9112091923265417,0.0889072306513207
0.7749261878854823,2.9112091923265417,0.1013406976068908
0.8168140899333461,2.9112091923265417,0.1144054666684833
0.8587019919812100,2.9112091923265417,0.1244056443646295
0.9005898940290740,2.9112091923265417,0.1254697091364568
0.9424777960769379,2.9112091923265417,0.1151901335211699
0.9843656981248019,2.9112091923265417,0.0977913242556512
1.0262536001726656,2.9112091923265417,0.0810636531699270
1.0681415022205296,2.9112091923265417,0.0693316249854230
1.1100294042683936,2.9112091923265417,0.0622616314854548
1.1519173063162575,2.9112091923265417,0.0592179335386408
1.1938052083641213,2.9112091923265417,0.0582756942951405
1.2356931104119853,2.9112091923265417,0.0558629031326096
1.2775810124598492,2.9112091923265417,0.0505381714089503
1.3194689145077132,2.9112091923265417,0.0438861788502908
1.3613568165555769,2.9112091923265417,0.0381925543894573
1.4032447186034409,2.9112091923265417,0.0340394030356010
1.4451326206513049,2.9112091923265417,0.0301936329215608
1.4870205226991688,2.9112091923265417,0.0253412461358201
1.5289084247470326,2.9112091923265417,0.0191784443583534
1.5707963267948966,2.9112091923265417,0.0125225268770123
1.6126842288427605,2.9112091923265417,0.0080484487511553
1.6545721308906245,2.9112091923265417,0.0100048991108280
1.6964600329384882,2.9112091923265417,0.0150917618614906
1.7383479349863524,2.9112091923265417,0.0199592085804357
1.7802358370342162,2.9112091923265417,0.0241596179907122
1.8221237390820799,2.9112091923265417,0.0283421174522862
1.8640116411299441,2.9112091923265417,0.0336690181237559
1.9058995431778079,2.9112091923265417,0.0412046040787379
1.9477874452256716,2.9112091923265417,0.0513649653420877
1.9896753472735358,2.9112091923265417,0.0638297683153321
2.0315632493213993,2.9112091923265417,0.0777232349656942
2.0734511513692637,2.9112091923265417,0.0916996471610467
2.1153390534171272,2.9112091923265417,0.1039392445304213
2.1572269554649912,2.9112091923265417,0.1123385489310912
2.1991148575128552,2.9112091923265417,0.1151156280794955
2.2410027595607191,2.9112091923265417,0.1116318028051718
2.2828906616085827,2.9112091923265417,0.1028378661001171
2.3247785636564471,2.9112091923265417,0.0908694948558682
2.3666664657043106,2.9112091923265417,0.0779483464593122
2.4085543677521750,2.9112091923265417,0.0654346935153424
2.4504422698000385,2.9112091923265417,0.0539047515397503
2.4923301718479025,2.9112091923265417,0.0440358372024233
2.5342180738957665,2.9112091923265417,0.0368681269278914
2.5761059759436304,2.9112091923265417,0.0324403648716013
2.6179938779914940,2.9112091923265417,0.0287670239252700
2.6598817800393584,2.9112091923265417,0.0238636231515148
2.7017696820872219,2.9112091923265417,0.0189022860288412
2.7436575841350863,2.9112091923265417,0.0191731756456542
2.7855454861829498,2.9112091923265417,0.0250089058667908
2.8274333882308138,2.9112091923265417,0.0298118850390460
2.8693212902786778,2.9112091923265417,0.0292372344692364
2.9112091923265417,2.9112091923265417,0.0225176307247535
2.9530970943744053,2.9112091923265417,0.0133684965035035
2.9949849964222697,2.9112091923265417,0.0120375399567037
3.0368728984701332,2.9112091923265417,0.0131148591855000
3.0787608005179976,2.9112091923265417,0.0017107689966451
3.1206487025658611,2.9112091923265417,0.0430892263310515
0.0209439510239320,2.9530970943744053,0.0297635884893581
0.0628318530717960,2.9530970943744053,0.0339235746151934
0.1047197551196597,2.9530970943744053,0.0530019558207938
0.1466076571675237,2.9530970943744053,0.0666953793125525
0.1884955592153876,2.9530970943744053,0.0698548265291407
0.2303834612632514,2.9530970943744053,0.0624185681904324
0.2722713633111153,2.9530970943744053,0.0476030411131165
0.3141592653589793,2.9530970943744053,0.0325792841667204
0.3560471674068433,2.9530970943744053,0.0291525107735813
0.3979350694547070,2.9530970943744053,0.0367503868301354
0.4398229715025710,2.9530970943744053,0.0421455521221553
0.4817108735504350,2.9530970943744053,0.0393703348671972
0.5235987755982989,2.9530970943744053,0.0282480099835682
0.5654866776461627,2.9530970943744053,0.0143062066178539
0.6073745796940266,2.9530970943744053,0.0188363919300960
0.6492624817418906,2.9530970943744053,0.0340049103424136
0.6911503837897545,2.9530970943744053,0.0440972239062986
0.7330382858376183,2.9530970943744053,0.0477424441153276
0.7749261878854823,2.9530970943744053,0.0514327262413985
0.8168140899333461,2.9530970943744053,0.0637560519722617
0.8587019919812100,2.9530970943744053,0.0818603244426155
0.9005898940290740,2.9530970943744053,0.0956143319722039
0.9424777960769379,2.9530970943744053,0.0988779533282045
0.9843656981248019,2.9530970943744053,0.0933350607113149
1.0262536001726656,2.9530970943744053,0.0859981181246169
1.0681415022205296,2.9530970943744053,0.0819785101733493
1.1100294042683936,2.9530970943744053,0.0812522533357279
1.1519173063162575,2.9530970943744053,0.0824304592102654
1.1938052083641213,2.9530970943744053,0.0837603919295277
1.2356931104119853,2.9530970943744053,0.0824262849381098
1.2775810124598492,2.9530970943744053,0.0765221856756117
1.3194689145077132,2.9530970943744053,0.0664555413142889
1.3613568165555769,2.9530970943744053,0.0541830300743416
1.4032447186034409,2.9530970943744053,0.0418067460026399
1.4451326206513049,2.9530970943744053,0.0307288973561036
1.4870205226991688,2.9530970943744053,0.0215099661136999
1.5289084247470326,2.9530970943744053,0.0140775281379032
1.5707963267948966,2.9530970943744053,0.0079242111515414
1.6126842288427605,2.9530970943744053,0.0021960454047688
1.6545721308906245,2.9530970943744053,0.0041568296563745
1.6964600329384882,2.9530970943744053,0.0120666889758588
1.7383479349863524,2.9530970943744053,0.0220622018483194
1.7802358370342162,2.9530970943744053,0.0341483875889633
1.8221237390820799,2.9530970943744053,0.0478186091662609
1.8640116411299441,2.9530970943744053,0.0621393488188563
1.9058995431778079,2.9530970943744053,0.0759003217057761
1.9477874452256716,2.9530970943744053,0.0878304242410004
1.9896753472735358,2.9530970943744053,0.0968449909045126
2.0315632493213993,2.9530970943744053,0.1022290671100958
2.0734511513692637,2.9530970943744053,0.1036254357690967
2.1153390534171272,2.9530970943744053,0.1007958848866935
2.1572269554649912,2.9530970943744053,0.0934023327537506
2.1991148575128552,2.9530970943744053,0.0812135736862780
2.2410027595607191,2.9530970943744053,0.0647767771077323
2.2828906616085827,2.9530970943744053,0.0460240015869063
2.3247785636564471,2.9530970943744053,0.0283717944902757
2.3666664657043106,2.9530970943744053,0.0167910672800470
2.4085543677521750,2.9530970943744053,0.0154093696801183
2.4504422698000385,2.9530970943744053,0.0186737987642654
2.4923301718479025,2.9530970943744053,0.0223252440044937
2.5342180738957665,2.9530970943744053,0.0265779672859990
2.5761059759436304,2.9530970943744053,0.0307367373293263
2.6179938779914940,2.9530970943744053,0.0332000334291619
2.6598817800393584,2.9530970943744053,0.0338089314001492
2.7017696820872219,2.9530970943744053,0.0351827240625856
2.7436575841350863,2.9530970943744053,0.0404678982136278
2.7855454861829498,2.9530970943744053,0.0485194269135793
2.8274333882308138,2.9530970943744053,0.0547932502192886
2.8693212902786778,2.9530970943744053,0.0555132060969835
2.9112091923265417,2.9530970943744053,0.0499753935799892
2.9530970943744053,2.9530970943744053,0.0415724499068958
2.9949849964222697,2.9530970943744053,0.0357287716167634
3.0368728984701332,2.9530970943744053,0.0302494990477797
3.0787608005179976,2.9530970943744053,0.0124782499294815
3.1206487025658611,2.9530970943744053,0.0404752589170318
0.0209439510239320,2.9949849964222697,0.0526092920921039
0.0628318530717960,2.9949849964222697,0.0382552832956064
0.1047197551196597,2.9949849964222697,0.0528734639001732
0.1466076571675237,2.9949849964222697,0.0741822613290874
0.1884955592153876,2.9949849964222697,0.0873163793195232
0.2303834612632514,2.9949849964222697,0.0901911961825567
0.2722713633111153,2.9949849964222697,0.0863651623218170
0.3141592653589793,2.9949849964222697,0.0823339940017630
0.3560471674068433,2.9949849964222697,0.0832009206220086
0.3979350694547070,2.9949849964222697,0.0881804261742003
0.4398229715025710,2.9949849964222697,0.0926471355746312
0.4817108735504350,2.9949849964222697,0.0935364073164711
0.5235987755982989,2.9949849964222697,0.0916416194527507
0.5654866776461627,2.9949849964222697,0.0906869379097960
0.6073745796940266,2.9949849964222697,0.0935600661095370
0.6492624817418906,2.9949849964222697,0.0983705024732788
0.6911503837897545,2.9949849964222697,0.0995479321916909
0.7330382858376183,2.9949849964222697,0.0922238383301596
0.7749261878854823,2.9949849964222697,0.0755111954772712
0.8168140899333461,2.9949849964222697,0.0545118882276952
0.8587019919812100,2.9949849964222697,0.0408633685802786
0.9005898940290740,2.9949849964222697,0.0402605066356323
0.9424777960769379,2.9949849964222697,0.0392814351540464
0.9843656981248019,2.9949849964222697,0.0295112884404672
1.0262536001726656,2.9949849964222697,0.0150477810764284
1.0681415022205296,2.9949849964222697,0.0075972029499298
1.1100294042683936,2.9949849964222697,0.0100960077172067
1.1519173063162575,2.9949849964222697,0.0147721811888124
1.1938052083641213,2.9949849964222697,0.0235794197703893
1.2356931104119853,2.9949849964222697,0.0312357222540074
1.2775810124598492,2.9949849964222697,0.0329586508157519
1.3194689145077132,2.9949849964222697,0.0276613700424745
1.3613568165555769,2.9949849964222697,0.0168829932015942
1.4032447186034409,2.9949849964222697,0.0032415529720879
1.4451326206513049,2.9949849964222697,0.0107850005621149
1.4870205226991688,2.9949849964222697,0.0230545726740816
1.5289084247470326,2.9949849964222697,0.0321566917557531
1.5707963267948966,2.9949849964222697,0.0371476508647785
1.6126842288427605,2.9949849964222697,0.0375370413363947
1.6545721308906245,2.9949849964222697,0.0332769539442845
1.6964600329384882,2.9949849964222697,0.0247931691059865
1.7383479349863524,2.9949849964222697,0.0130342061310036
1.7802358370342162,2.9949849964222697,0.0018557035125677
1.8221237390820799,2.9949849964222697,0.0146964193364978
1.8640116411299441,2.9949849964222697,0.0265719479767134
1.9058995431778079,2.9949849964222697,0.0347171847006197
1.9477874452256716,2.9949849964222697,0.0377333290750030
1.9896753472735358,2.9949849964222697,0.0350565532367647
2.0315632493213993,2.9949849964222697,0.0271769097810553
2.0734511513692637,2.9949849964222697,0.0161057845152749
2.1153390534171272,2.9949849964222697,0.0106927151689443
2.1572269554649912,2.9949849964222697,0.0223560781664835
2.1991148575128552,2.9949849964222697,0.0385681483495234
2.2410027595607191,2.9949849964222697,0.0556774138421242
2.2828906616085827,2.9949849964222697,0.0725756820494270
2.3247785636564471,2.9949849964222697,0.0875769684674746
2.3666664657043106,2.9949849964222697,0.0986762402502497
2.4085543677521750,2.9949849964222697,0.1046043791111548
2.4504422698000385,2.9949849964222697,0.1055592822300889
2.4923301718479025,2.9949849964222697,0.1030673322064480
2.5342180738957665,2.9949849964222697,0.0990278822544946
2.5761059759436304,2.9949849964222697,0.0946045751935142
2.6179938779914940,2.9949849964222697,0.0900075817458439
2.6598817800393584,2.9949849964222697,0.0854864292678392
2.7017696820872219,2.9949849964222697,0.0823194818638905
2.7436575841350863,2.9949849964222697,0.0820317807283183
2.7855454861829498,2.9949849964222697,0.0839856549679138
2.8274333882308138,2.9949849964222697,0.0847048458635515
2.8693212902786778,2.9949849964222697,0.0804271408072683
2.9112091923265417,2.9949849964222697,0.0702873611808716
2.9530970943744053,2.9949849964222697,0.0582358022915477
2.9949849964222697,2.9949849964222697,0.0506867597771746
3.0368728984701332,2.9949849964222697,0.0447562701192226
3.0787608005179976,2.9949849964222697,0.0236625889867789
3.1206487025658611,2.9949849964222697,0.0344690606211230
0.0209439510239320,3.0368728984701332,0.0668248526338205
0.0628318530717960,3.0368728984701332,0.0377288975283810
0.1047197551196597,3.0368728984701332,0.0227268342533923
0.1466076571675237,3.0368728984701332,0.0432214870123128
0.1884955592153876,3.0368728984701332,0.0620017872309056
0.2303834612632514,3.0368728984701332,0.0711192286216368
0.2722713633111153,3.0368728984701332,0.0736670914302647
0.3141592653589793,3.0368728984701332,0.0761313439827936
0.3560471674068433,3.0368728984701332,0.0829732540414790
0.3979350694547070,3.0368728984701332,0.0928514624669805
0.4398229715025710,3.0368728984701332,0.1017451733494889
0.4817108735504350,3.0368728984701332,0.1076333326727385
0.5235987755982989,3.0368728984701332,0.1120252087476353
0.5654866776461627,3.0368728984701332,0.1186089167545372
0.6073745796940266,3.0368728984701332,0.1296724075298579
0.6492624817418906,3.0368728984701332,0.1433468894101137
0.6911503837897545,3.0368728984701332,0.1549035589176809
0.7330382858376183,3.0368728984701332,0.1602215806476936
0.7749261878854823,3.0368728984701332,0.1585415489309630
0.8168140899333461,3.0368728984701332,0.1534076754276227
0.8587019919812100,3.0368728984701332,0.1503551372439455
0.9005898940290740,3.0368728984701332,0.1515477804312119
0.9424777960769379,3.0368728984701332,0.1540152350312481
0.9843656981248019,3.0368728984701332,0.1546497613075251
1.0262536001726656,3.0368728984701332,0.1530695593636728
1.0681415022205296,3.0368728984701332,0.1484498291330942
1.1100294042683936,3.0368728984701332,0.1380276228664712
1.1519173063162575,3.0368728984701332,0.1209305408782693
1.1938052083641213,3.0368728984701332,0.1008890679663744
1.2356931104119853,3.0368728984701332,0.0840635755078091
1.2775810124598492,3.0368728984701332,0.0747159521896644
1.3194689145077132,3.0368728984701332,0.0731801326121994
1.3613568165555769,3.0368728984701332,0.0777936701858332
1.4032447186034409,3.0368728984701332,0.0867916274630379
1.4451326206513049,3.0368728984701332,0.0981798823527547
1.4870205226991688,3.0368728984701332,0.1096637919347474
1.5289084247470326,3.0368728984701332,0.1191085518065939
1.5707963267948966,3.0368728984701332,0.1249255310631113
1.6126842288427605,3.0368728984701332,0.1262398649493400
1.6545721308906245,3.0368728984701332,0.1229387646757845
1.6964600329384882,3.0368728984701332,0.1156577811229671
1.7383479349863524,3.0368728984701332,0.1057001499234405
1.7802358370342162,3.0368728984701332,0.0948738522145320
1.8221237390820799,3.0368728984701332,0.0852752258018292
1.8640116411299441,3.0368728984701332,0.0790805851438021
1.9058995431778079,3.0368728984701332,0.0782289622098158
1.9477874452256716,3.0368728984701332,0.0836663757480239
1.9896753472735358,3.0368728984701332,0.0946016845352694
2.0315632493213993,3.0368728984701332,0.1088895850408126
2.0734511513692637,3.0368728984701332,0.1241507954765977
2.1153390534171272,3.0368728984701332,0.1385005451391396
2.1572269554649912,3.0368728984701332,0.1507149780994234
2.1991148575128552,3.0368728984701332,0.1601813001590564
2.2410027595607191,3.0368728984701332,0.1667119619461779
2.2828906616085827,3.0368728984701332,0.1701090856488039
2.3247785636564471,3.0368728984701332,0.1697739548002151
2.3666664657043106,3.0368728984701332,0.1649157801025979
2.4085543677521750,3.0368728984701332,0.1553204818542999
2.4504422698000385,3.0368728984701332,0.1419742044905696
2.4923301718479025,3.0368728984701332,0.1269280226976558
2.5342180738957665,3.0368728984701332,0.1123584689573189
2.5761059759436304,3.0368728984701332,0.0994361031793683
2.6179938779914940,3.0368728984701332,0.0881135614374315
2.6598817800393584,3.0368728984701332,0.0783576261792076
2.7017696820872219,3.0368728984701332,0.0715042578006713
2.7436575841350863,3.0368728984701332,0.0692326972379509
2.7855454861829498,3.0368728984701332,0.0701307158068373
2.8274333882308138,3.0368728984701332,0.0692337754538480
2.8693212902786778,3.0368728984701332,0.0620556261196122
2.9112091923265417,3.0368728984701332,0.0490247949457363
2.9530970943744053,3.0368728984701332,0.0401316881831114
2.9949849964222697,3.0368728984701332,0.0464396902273673
3.0368728984701332,3.0368728984701332,0.0522275069990993
3.0787608005179976,3.0368728984701332,0.0332341467192955
3.1206487025658611,3.0368728984701332,0.0344432065685840
0.0209439510239320,3.0787608005179976,0.0569823594609092
0.0628318530717960,3.0787608005179976,0.0614336696418117
0.1047197551196597,3.0787608005179976,0.0642047788274395
0.1466076571675237,3.0787608005179976,0.0687207463245029
0.1884955592153876,3.0787608005179976,0.0714494495496499
0.2303834612632514,3.0787608005179976,0.0686016841379718
0.2722713633111153,3.0787608005179976,0.0611130660524434
0.3141592653589793,3.0787608005179976,0.0548264352073212
0.3560471674068433,3.0787608005179976,0.0558040417297916
0.3979350694547070,3.0787608005179976,0.0620518526866514
0.4398229715025710,3.0787608005179976,0.0661394226484382
0.4817108735504350,3.0787608005179976,0.0627294756717469
0.5235987755982989,3.0787608005179976,0.0502149228111151
0.5654866776461627,3.0787608005179976,0.0305024769328447
0.6073745796940266,3.0787608005179976,0.0135194594730728
0.6492624817418906,3.0787608005179976,0.0265558956383008
0.6911503837897545,3.0787608005179976,0.0437378550214102
0.7330382858376183,3.0787608005179976,0.0514877908057120
0.7749261878854823,3.0787608005179976,0.0480305863899156
0.8168140899333461,3.0787608005179976,0.0401878245653620
0.8587019919812100,3.0787608005179976,0.0454634160003889
0.9005898940290740,3.0787608005179976,0.0651733206908346
0.9424777960769379,3.0787608005179976,0.0848724418839290
0.9843656981248019,3.0787608005179976,0.0997352902326413
1.0262536001726656,3.0787608005179976,0.1123596776627662
1.0681415022205296,3.0787608005179976,0.1228839424374066
1.1100294042683936,3.0787608005179976,0.1255269206061775
1.1519173063162575,3.0787608005179976,0.1156002803520563
1.1938052083641213,3.0787608005179976,0.0951134590419445
1.2356931104119853,3.0787608005179976,0.0717520402961875
1.2775810124598492,3.0787608005179976,0.0546071707956802
1.3194689145077132,3.0787608005179976,0.0488286594801611
1.3613568165555769,3.0787608005179976,0.0520203306434184
1.4032447186034409,3.0787608005179976,0.0597698343706264
1.4451326206513049,3.0787608005179976,0.0699403875725085
1.4870205226991688,3.0787608005179976,0.0809991116124341
1.5289084247470326,3.0787608005179976,0.0911044922894698
1.5707963267948966,3.0787608005179976,0.0985371088610767
1.6126842288427605,3.0787608005179976,0.1021915117419097
1.6545721308906245,3.0787608005179976,0.1017725068988516
1.6964600329384882,3.0787608005179976,0.0977517692031434
1.7383479349863524,3.0787608005179976,0.0911757299145191
1.7802358370342162,3.0787608005179976,0.0834647422838367
1.8221237390820799,3.0787608005179976,0.0764150278075991
1.8640116411299441,3.0787608005179976,0.0723444775227035
1.9058995431778079,3.0787608005179976,0.0734147733857968
1.9477874452256716,3.0787608005179976,0.0795412026791968
1.9896753472735358,3.0787608005179976,0.0876500701100431
2.0315632493213993,3.0787608005179976,0.0938890340678792
2.0734511513692637,3.0787608005179976,0.0958720449315727
2.1153390534171272,3.0787608005179976,0.0931818202908805
2.1572269554649912,3.0787608005179976,0.0865977515204952
2.1991148575128552,3.0787608005179976,0.0772056232865589
2.2410027595607191,3.0787608005179976,0.0660430200964519
2.2828906616085827,3.0787608005179976,0.0538004738698368
2.3247785636564471,3.0787608005179976,0.0402478561513624
2.3666664657043106,3.0787608005179976,0.0243047212847398
2.4085543677521750,3.0787608005179976,0.0056511274527691
2.4504422698000385,3.0787608005179976,0.0170407728921369
2.4923301718479025,3.0787608005179976,0.0388065203265750
2.5342180738957665,3.0787608005179976,0.0576704389268399
2.5761059759436304,3.0787608005179976,0.0707309464928079
2.6179938779914940,3.0787608005179976,0.0765836387344226
2.6598817800393584,3.0787608005179976,0.0760429687546584
2.7017696820872219,3.0787608005179976,0.0721734631506278
2.7436575841350863,3.0787608005179976,0.0686880414746880
2.7855454861829498,3.0787608005179976,0.0666555654227474
2.8274333882308138,3.0787608005179976,0.0634748914756745
2.8693212902786778,3.0787608005179976,0.0573104236935677
2.9112091923265417,3.0787608005179976,0.0535462602392257
2.9530970943744053,3.0787608005179976,0.0624341526230415
2.9949849964222697,3.0787608005179976,0.0787920335894054
3.0368728984701332,3.0787608005179976,0.0834424852387398
3.0787608005179976,3.0787608005179976,0.0580565046583525
3.1206487025658611,3.0787608005179976,0.0592435012618606
0.0209439510239320,3.1206487025658611,0.0667078568875467
0.0628318530717960,3.1206487025658611,0.1622477708897674
0.1047197551196597,3.1206487025658611,0.2324381723616449
0.1466076571675237,3.1206487025658611,0.2826247941113396
0.1884955592153876,3.1206487025658611,0.3188148045642358
0.2303834612632514,3.1206487025658611,0.3458153255334231
0.2722713633111153,3.1206487025658611,0.3678594006043128
0.3141592653589793,3.1206487025658611,0.3883336863083653
0.3560471674068433,3.1206487025658611,0.4090250250262697
0.3979350694547070,3.1206487025658611,0.4298427645787925
0.4398229715025710,3.1206487025658611,0.4494671606602054
0.4817108735504350,3.1206487025658611,0.4665280322223385
0.5235987755982989,3.1206487025658611,0.4806115134034032
0.5654866776461627,3.1206487025658611,0.4926466991412160
0.6073745796940266,3.1206487025658611,0.5045665024631916
0.6492624817418906,3.1206487025658611,0.5184112395343845
0.6911503837897545,3.1206487025658611,0.5353237406770817
0.7330382858376183,3.1206487025658611,0.5550161079729501
0.7749261878854823,3.1206487025658611,0.5759284165897967
0.8168140899333461,3.1206487025658611,0.5955885414436803
0.8587019919812100,3.1206487025658611,0.6105009383753207
0.9005898940290740,3.1206487025658611,0.6159408889191931
0.9424777960769379,3.1206487025658611,0.6073636062945010
0.9843656981248019,3.1206487025658611,0.5842089207651237
1.0262536001726656,3.1206487025658611,0.5531856962885893
1.0681415022205296,3.1206487025658611,0.5260978095131266
1.1100294042683936,3.1206487025658611,0.5121126780215725
1.1519173063162575,3.1206487025658611,0.5124703536804992
1.1938052083641213,3.1206487025658611,0.5228793864409109
1.2356931104119853,3.1206487025658611,0.5378387106446818
1.2775810124598492,3.1206487025658611,0.5521619269600643
1.3194689145077132,3.1206487025658611,0.5615928054292960
1.3613568165555769,3.1206487025658611,0.5637702900920154
1.4032447186034409,3.1206487025658611,0.5586686762770520
1.4451326206513049,3.1206487025658611,0.5481310784913568
1.4870205226991688,3.1206487025658611,0.5349736308711546
1.5289084247470326,3.1206487025658611,0.5221492729222461
1.5707963267948966,3.1206487025658611,0.5121351957430651
1.6126842288427605,3.1206487025658611,0.5065147846104952
1.6545721308906245,3.1206487025658611,0.5057227232419736
1.6964600329384882,3.1206487025658611,0.5090006390860710
1.7383479349863524,3.1206487025658611,0.5146461435701009
1.7802358370342162,3.1206487025658611,0.5205706338376358
1.8221237390820799,3.1206487025658611,0.5250404824159440
1.8640116411299441,3.1206487025658611,0.5273376208395301
1.9058995431778079,3.1206487025658611,0.5280342763237206
1.9477874452256716,3.1206487025658611,0.5287331041580343
1.9896753472735358,3.1206487025658611,0.5314190016572942
2.0315632493213993,3.1206487025658611,0.5376772047407553
2.0734511513692637,3.1206487025658611,0.5478812585176972
2.1153390534171272,3.1206487025658611,0.5606123826148444
2.1572269554649912,3.1206487025658611,0.5729820388870377
2.1991148575128552,3.1206487025658611,0.5820234650037321
2.2410027595607191,3.1206487025658611,0.5861389925747622
2.2828906616085827,3.1206487025658611,0.5855117274399186
2.3247785636564471,3.1206487025658611,0.5814810131013095
2.3666664657043106,3.1206487025658611,0.5756002976103557
2.4085543677521750,3.1206487025658611,0.5688884266781767
2.4504422698000385,3.1206487025658611,0.5613886955573654
2.4923301718479025,3.1206487025658611,0.5520936673029032
2.5342180738957665,3.1206487025658611,0.5393259971968024
2.5761059759436304,3.1206487025658611,0.5214903287245091
2.6179938779914940,3.1206487025658611,0.4978717585046441
2.6598817800393584,3.1206487025658611,0.4690897309661030
2.7017696820872219,3.1206487025658611,0.4369422340366364
2.7436575841350863,3.1206487025658611,0.4036414510752881
2.7855454861829498,3.1206487025658611,0.3708479061724815
2.8274333882308138,3.1206487025658611,0.3392595532854498
2.8693212902786778,3.1206487025658611,0.3092188583052184
2.9112091923265417,3.1206487025658611,0.2815509810969021
2.9530970943744053,3.1206487025658611,0.2566206175413385
2.9949849964222697,3.1206487025658611,0.2306549987895050
3.0368728984701332,3.1206487025658611,0.1930047477366892
3.0787608005179976,3.1206487025658611,0.1350262407790977
3.1206487025658611,3.1206487025658611,0.1316091126498594
