a,b,c
0.0209439510239320,0.0209439510239320,-0.0153532684854705
0.0628318530717960,0.0209439510239320,-0.0446074790277797
0.1047197551196597,0.0209439510239320,-0.0717757638107656
0.1466076571675237,0.0209439510239320,-0.0966915215434538
0.1884955592153876,0.0209439510239320,-0.1192291201724939
0.2303834612632514,0.0209439510239320,-0.1393348563183317
0.2722713633111153,0.0209439510239320,-0.1570485923828215
0.3141592653589793,0.0209439510239320,-0.1725038531799841
0.3560471674068433,0.0209439510239320,-0.1859024570410866
0.3979350694547070,0.0209439510239320,-0.1974730928342674
0.4398229715025710,0.0209439510239320,-0.2074314358493786
0.4817108735504350,0.0209439510239320,-0.2159560927737031
0.5235987755982989,0.0209439510239320,-0.2231839723889465
0.5654866776461627,0.0209439510239320,-0.2292194605386546
0.6073745796940266,0.0209439510239320,-0.2341487388373163
0.6492624817418906,0.0209439510239320,-0.2380525112924800
0.6911503837897545,0.0209439510239320,-0.2410139693832302
0.7330382858376183,0.0209439510239320,-0.2431217538041090
0.7749261878854823,0.0209439510239320,-0.2444692537742642
0.8168140899333461,0.0209439510239320,-0.2451520077047560
0.8587019919812100,0.0209439510239320,-0.2452646843410902
0.9005898940290740,0.0209439510239320,-0.2448985560819702
0.9424777960769379,0.0209439510239320,-0.2441398231901954
0.9843656981248019,0.0209439510239320,-0.2430687602782932
1.0262536001726656,0.0209439510239320,-0.2417594652146573
1.0681415022205296,0.0209439510239320,-0.2402799533124848
1.1100294042683936,0.0209439510239320,-0.2386923899926238
1.1519173063162575,0.0209439510239320,-0.2370533348734154
1.1938052083641213,0.0209439510239320,-0.2354139425022890
1.2356931104119853,0.0209439510239320,-0.2338201135720964
1.2775810124598492,0.0209439510239320,-0.2323126137650428
1.3194689145077132,0.0209439510239320,-0.2309271811131103
1.3613568165555769,0.0209439510239320,-0.2296946349908428
1.4032447186034409,0.0209439510239320,-0.2286409878354767
1.4451326206513049,0.0209439510239320,-0.2277875496581882
1.4870205226991688,0.0209439510239320,-0.2271510084223808
1.5289084247470326,0.0209439510239320,-0.2267434676987560
1.5707963267948966,0.0209439510239320,-0.2265724267241130
1.6126842288427605,0.0209439510239320,-0.2266406963973775
1.6545721308906245,0.0209439510239320,-0.2269462566430064
1.6964600329384882,0.0209439510239320,-0.2274820742966974
1.7383479349863524,0.0209439510239320,-0.2282359140226383
1.7802358370342162,0.0209439510239320,-0.2291901849861852
1.8221237390820799,0.0209439510239320,-0.2303218699336761
1.8640116411299441,0.0209439510239320,-0.2316025780158169
1.9058995431778079,0.0209439510239320,-0.2329987463349036
1.9477874452256716,0.0209439510239320,-0.2344719883269643
1.9896753472735358,0.0209439510239320,-0.2359795534868565
2.0315632493213993,0.0209439510239320,-0.2374748297522694
2.0734511513692637,0.0209439510239320,-0.2389077964620608
2.1153390534171272,0.0209439510239320,-0.2402253314342392
2.1572269554649912,0.0209439510239320,-0.2413712963932349
2.1991148575128552,0.0209439510239320,-0.2422863706691186
2.2410027595607191,0.0209439510239320,-0.2429076658946648
2.2828906616085827,0.0209439510239320,-0.2431682183416342
2.3247785636564471,0.0209439510239320,-0.2429964979374866
2.3666664657043106,0.0209439510239320,-0.2423160682214238
2.4085543677521750,0.0209439510239320,-0.2410454575333679
2.4504422698000385,0.0209439510239320,-0.2390981510110408
2.4923301718479025,0.0209439510239320,-0.2363824062625684
2.5342180738957665,0.0209439510239320,-0.2328003947069772
2.5761059759436304,0.0209439510239320,-0.2282460838807926
2.6179938779914940,0.0209439510239320,-0.2226014534801416
2.6598817800393584,0.0209439510239320,-0.2157312536172219
2.7017696820872219,0.0209439510239320,-0.2074777077307813
2.7436575841350863,0.0209439510239320,-0.1976582488960054
2.7855454861829498,0.0209439510239320,-0.1860708234764251
2.8274333882308138,0.0209439510239320,-0.1725107412760224
2.8693212902786778,0.0209439510239320,-0.1567984995089803
2.9112091923265417,0.0209439510239320,-0.1388101716771956
2.9530970943744053,0.0209439510239320,-0.1184967279637070
2.9949849964222697,0.0209439510239320,-0.0958829192670591
3.0368728984701332,0.0209439510239320,-0.0710485260157249
3.0787608005179976,0.0209439510239320,-0.0441040955906319
3.1206487025658611,0.0209439510239320,-0.0151722162422515
0.0209439510239320,0.0628318530717960,-0.0449259149641293
0.0628318530717960,0.0628318530717960,-0.1299688663522355
0.1047197551196597,0.0628318530717960,-0.2081559870784104
0.1466076571675237,0.0628318530717960,-0.2790667104831979
0.1884955592153876,0.0628318530717960,-0.3424979279142377
0.2303834612632514,0.0628318530717960,-0.3985368923101819
0.2722713633111153,0.0628318530717960,-0.4475670224788674
0.3141592653589793,0.0628318530717960,-0.4901892595636037
0.3560471674068433,0.0628318530717960,-0.5270875524586754
0.3979350694547070,0.0628318530717960,-0.5588996376182450
0.4398229715025710,0.0628318530717960,-0.5861445855929484
0.4817108735504350,0.0628318530717960,-0.6092179398774952
0.5235987755982989,0.0628318530717960,-0.6284299926947622
0.5654866776461627,0.0628318530717960,-0.6440538088837143
0.6073745796940266,0.0628318530717960,-0.6563607902148436
0.6492624817418906,0.0628318530717960,-0.6656370531148897
0.6911503837897545,0.0628318530717960,-0.6721841169593789
0.7330382858376183,0.0628318530717960,-0.6763109818007006
0.7749261878854823,0.0628318530717960,-0.6783239591537186
0.8168140899333461,0.0628318530717960,-0.6785182148819305
0.8587019919812100,0.0628318530717960,-0.6771725702779207
0.9005898940290740,0.0628318530717960,-0.6745474328950786
0.9424777960769379,0.0628318530717960,-0.6708849125091824
0.9843656981248019,0.0628318530717960,-0.6664100219957645
1.0262536001726656,0.0628318530717960,-0.6613320821751019
1.0681415022205296,0.0628318530717960,-0.6558458013470821
1.1100294042683936,0.0628318530717960,-0.6501318307323044
1.1519173063162575,0.0628318530717960,-0.6443568348373989
1.1938052083641213,0.0628318530717960,-0.6386732453618807
1.2356931104119853,0.0628318530717960,-0.6332189037963954
1.2775810124598492,0.0628318530717960,-0.6281167691309464
1.3194689145077132,0.0628318530717960,-0.6234748026027869
1.3613568165555769,0.0628318530717960,-0.6193860663273439
1.4032447186034409,0.0628318530717960,-0.6159290050537732
1.4451326206513049,0.0628318530717960,-0.6131678307898658
1.4870205226991688,0.0628318530717960,-0.6111529030086602
1.5289084247470326,0.0628318530717960,-0.6099209926703458
1.5707963267948966,0.0628318530717960,-0.6094953341975744
1.6126842288427605,0.0628318530717960,-0.6098854028343313
1.6545721308906245,0.0628318530717960,-0.6110864022075924
1.6964600329384882,0.0628318530717960,-0.6130785044047332
1.7383479349863524,0.0628318530717960,-0.6158259467015779
1.7802358370342162,0.0628318530717960,-0.6192761464630598
1.8221237390820799,0.0628318530717960,-0.6233590364453259
1.8640116411299441,0.0628318530717960,-0.6279868321696099
1.9058995431778079,0.0628318530717960,-0.6330544077324726
1.9477874452256716,0.0628318530717960,-0.6384403695287829
1.9896753472735358,0.0628318530717960,-0.6440087847841202
2.0315632493213993,0.0628318530717960,-0.6496113658975163
2.0734511513692637,0.0628318530717960,-0.6550897695967443
2.1153390534171272,0.0628318530717960,-0.6602775853721016
2.1572269554649912,0.0628318530717960,-0.6650015969569771
2.1991148575128552,0.0628318530717960,-0.6690820191753718
2.2410027595607191,0.0628318530717960,-0.6723316261519016
2.2828906616085827,0.0628318530717960,-0.6745539514688824
2.3247785636564471,0.0628318530717960,-0.6755409882998450
2.3666664657043106,0.0628318530717960,-0.6750709656688756
2.4085543677521750,0.0628318530717960,-0.6729067417134312
2.4504422698000385,0.0628318530717960,-0.6687950693340847
2.4923301718479025,0.0628318530717960,-0.6624664376934597
2.5342180738957665,0.0628318530717960,-0.6536344584181615
2.5761059759436304,0.0628318530717960,-0.6419930839647480
2.6179938779914940,0.0628318530717960,-0.6272097357644172
2.6598817800393584,0.0628318530717960,-0.6089132688921978
2.7017696820872219,0.0628318530717960,-0.5866782681829438
2.7436575841350863,0.0628318530717960,-0.5600118110624633
2.7855454861829498,0.0628318530717960,-0.5283544532945527
2.8274333882308138,0.0628318530717960,-0.4911094321164352
2.8693212902786778,0.0628318530717960,-0.4477057847046524
2.9112091923265417,0.0628318530717960,-0.3976802865652009
2.9530970943744053,0.0628318530717960,-0.3407438648834353
2.9949849964222697,0.0628318530717960,-0.2768027397552068
3.0368728984701332,0.0628318530717960,-0.2059340224383670
3.0787608005179976,0.0628318530717960,-0.1283414567644878
3.1206487025658611,0.0628318530717960,-0.0443164278620487
0.0209439510239320,0.1047197551196597,-0.0726209454498137
0.0628318530717960,0.1047197551196597,-0.2090634927385391
0.1047197551196597,0.1047197551196597,-0.3331657501358244
0.1466076571675237,0.1047197551196597,-0.4445408228949331
0.1884955592153876,0.1047197551196597,-0.5432985676420297
0.2303834612632514,0.1047197551196597,-0.6300480389412813
0.2722713633111153,0.1047197551196597,-0.7057547500277034
0.3141592653589793,0.1047197551196597,-0.7715090227291734
0.3560471674068433,0.1047197551196597,-0.8283153185305653
0.3979350694547070,0.1047197551196597,-0.8769885624101520
0.4398229715025710,0.1047197551196597,-0.9181662432072621
0.4817108735504350,0.1047197551196597,-0.9523833576419842
0.5235987755982989,0.1047197551196597,-0.9801485120883859
0.5654866776461627,0.1047197551196597,-1.0019874311455954
0.6073745796940266,0.1047197551196597,-1.0184512058293580
0.6492624817418906,0.1047197551196597,-1.0301028595931265
0.6911503837897545,0.1047197551196597,-1.0374975267409967
0.7330382858376183,0.1047197551196597,-1.0411661670940349
0.7749261878854823,0.1047197551196597,-1.0416065475507423
0.8168140899333461,0.1047197551196597,-1.0392810456273971
0.8587019919812100,0.1047197551196597,-1.0346190002768763
0.9005898940290740,0.1047197551196597,-1.0280211190317665
0.9424777960769379,0.1047197551196597,-1.0198640077099992
0.9843656981248019,0.1047197551196597,-1.0105036458763710
1.0262536001726656,0.1047197551196597,-1.0002773060693506
1.0681415022205296,0.1047197551196597,-0.9895039152443196
1.1100294042683936,0.1047197551196597,-0.9784831777187935
1.1519173063162575,0.1047197551196597,-0.9674939419431634
1.1938052083641213,0.1047197551196597,-0.9567923260794018
1.2356931104119853,0.1047197551196597,-0.9466100503392233
1.2775810124598492,0.1047197551196597,-0.9371532921343725
1.3194689145077132,0.1047197551196597,-0.9286022197173028
1.3613568165555769,0.1047197551196597,-0.9211112036919326
1.4032447186034409,0.1047197551196597,-0.9148095772444731
1.4451326206513049,0.1047197551196597,-0.9098027278758546
1.4870205226991688,0.1047197551196597,-0.9061732587139670
1.5289084247470326,0.1047197551196597,-0.9039819527120071
1.5707963267948966,0.1047197551196597,-0.9032683024181739
1.6126842288427605,0.1047197551196597,-0.9040504264660042
1.6545721308906245,0.1047197551196597,-0.9063242783582439
1.6964600329384882,0.1047197551196597,-0.9100621613728999
1.7383479349863524,0.1047197551196597,-0.9152106914560529
1.7802358370342162,0.1047197551196597,-0.9216884876685216
1.8221237390820799,0.1047197551196597,-0.9293839971303364
1.8640116411299441,0.1047197551196597,-0.9381539474179748
1.9058995431778079,0.1047197551196597,-0.9478229260318392
1.9477874452256716,0.1047197551196597,-0.9581844799091738
1.9896753472735358,0.1047197551196597,-0.9690038945307524
2.0315632493213993,0.1047197551196597,-0.9800224751656750
2.0734511513692637,0.1047197551196597,-0.9909627789438189
2.1153390534171272,0.1047197551196597,-1.0015339352327013
2.1572269554649912,0.1047197551196597,-1.0114360460990777
2.1991148575128552,0.1047197551196597,-1.0203627465004612
2.2410027595607191,0.1047197551196597,-1.0280013286787368
2.2828906616085827,0.1047197551196597,-1.0340303289159294
2.3247785636564471,0.1047197551196597,-1.0381150159478378
2.3666664657043106,0.1047197551196597,-1.0399016661494531
2.4085543677521750,0.1047197551196597,-1.0390117279151212
2.4504422698000385,0.1047197551196597,-1.0350368675272716
2.4923301718479025,0.1047197551196597,-1.0275354137706867
2.5342180738957665,0.1047197551196597,-1.0160299423615551
2.5761059759436304,0.1047197551196597,-1.0000048683440668
2.6179938779914940,0.1047197551196597,-0.9789022885004943
2.6598817800393584,0.1047197551196597,-0.9521143705035576
2.7017696820872219,0.1047197551196597,-0.9189718673793894
2.7436575841350863,0.1047197551196597,-0.8787316431500459
2.7855454861829498,0.1047197551196597,-0.8305719597881903
2.8274333882308138,0.1047197551196597,-0.7736102995824035
2.8693212902786778,0.1047197551196597,-0.7069565631808337
2.9112091923265417,0.1047197551196597,-0.6297969977134750
2.9530970943744053,0.1047197551196597,-0.5414806191921466
2.9949849964222697,0.1047197551196597,-0.4415761405639561
3.0368728984701332,0.1047197551196597,-0.3298915588714200
3.0787608005179976,0.1047197551196597,-0.2064725443820253
3.1206487025658611,0.1047197551196597,-0.0715934274375853
0.0209439510239320,0.1466076571675237,-0.0980205838018125
0.0628318530717960,0.1466076571675237,-0.2807508846278040
0.1047197551196597,0.1466076571675237,-0.4452833559257853
0.1466076571675237,0.1466076571675237,-0.5917267013566045
0.1884955592153876,0.1466076571675237,-0.7209030369803550
0.2303834612632514,0.1466076571675237,-0.8341200784056508
0.2722713633111153,0.1466076571675237,-0.9328302870098494
0.3141592653589793,0.1466076571675237,-1.0183468834955967
0.3560471674068433,0.1466076571675237,-1.0917318280087520
0.3979350694547070,0.1466076571675237,-1.1538461726666243
0.4398229715025710,0.1466076571675237,-1.2054684236467945
0.4817108735504350,0.1466076571675237,-1.2473894935981502
0.5235987755982989,0.1466076571675237,-1.2804467141994897
0.5654866776461627,0.1466076571675237,-1.3055078905095903
0.6073745796940266,0.1466076571675237,-1.3234347810362304
0.6492624817418906,0.1466076571675237,-1.3350500860643961
0.6911503837897545,0.1466076571675237,-1.3411187229420121
0.7330382858376183,0.1466076571675237,-1.3423435062936713
0.7749261878854823,0.1466076571675237,-1.3393704386378968
0.8168140899333461,0.1466076571675237,-1.3327982991878828
0.8587019919812100,0.1466076571675237,-1.3231886723081299
0.9005898940290740,0.1466076571675237,-1.3110742591569204
0.9424777960769379,0.1466076571675237,-1.2969645580594358
0.9843656981248019,0.1466076571675237,-1.2813487325936097
1.0262536001726656,0.1466076571675237,-1.2646958984403276
1.0681415022205296,0.1466076571675237,-1.2474533192573085
1.1100294042683936,0.1466076571675237,-1.2300431798040117
1.1519173063162575,0.1466076571675237,-1.2128586994045607
1.1938052083641213,0.1466076571675237,-1.1962603377665670
1.2356931104119853,0.1466076571675237,-1.1805727233774175
1.2775810124598492,0.1466076571675237,-1.1660827274456167
1.3194689145077132,0.1466076571675237,-1.1530388596843493
1.3613568165555769,0.1466076571675237,-1.1416519251510782
1.4032447186034409,0.1466076571675237,-1.1320966907625218
1.4451326206513049,0.1466076571675237,-1.1245141840533619
1.4870205226991688,0.1466076571675237,-1.1190141859959726
1.5289084247470326,0.1466076571675237,-1.1156774743237001
1.5707963267948966,0.1466076571675237,-1.1145574111000955
1.6126842288427605,0.1466076571675237,-1.1156805391249169
1.6545721308906245,0.1466076571675237,-1.1190459538865238
1.6964600329384882,0.1466076571675237,-1.1246233552635145
1.7383479349863524,0.1466076571675237,-1.1323498621466868
1.7802358370342162,0.1466076571675237,-1.1421258937362362
1.8221237390820799,0.1466076571675237,-1.1538106676318032
1.8640116411299441,0.1466076571675237,-1.1672180965789216
1.9058995431778079,0.1466076571675237,-1.1821140163847605
1.9477874452256716,0.1466076571675237,-1.1982156661269763
1.9896753472735358,0.1466076571675237,-1.2151941004284661
2.0315632493213993,0.1466076571675237,-1.2326797251915345
2.0734511513692637,0.1466076571675237,-1.2502704788558350
2.1153390534171272,0.1466076571675237,-1.2675414852120934
2.1572269554649912,0.1466076571675237,-1.2840544862461298
2.1991148575128552,0.1466076571675237,-1.2993652070205164
2.2410027595607191,0.1466076571675237,-1.3130270905704728
2.2828906616085827,0.1466076571675237,-1.3245905067954931
2.3247785636564471,0.1466076571675237,-1.3335973982085281
2.3666664657043106,0.1466076571675237,-1.3395721369222851
2.4085543677521750,0.1466076571675237,-1.3420099273052222
2.4504422698000385,0.1466076571675237,-1.3403643012976536
2.4923301718479025,0.1466076571675237,-1.3340351699098516
2.5342180738957665,0.1466076571675237,-1.3223587118796265
2.5761059759436304,0.1466076571675237,-1.3046003543504534
2.6179938779914940,0.1466076571675237,-1.2799522934769181
2.6598817800393584,0.1466076571675237,-1.2475369232665947
2.7017696820872219,0.1466076571675237,-1.2064161921489132
2.7436575841350863,0.1466076571675237,-1.1556040816779580
2.7855454861829498,0.1466076571675237,-1.0940776243954362
2.8274333882308138,0.1466076571675237,-1.0207852241220607
2.8693212902786778,0.1466076571675237,-0.9346586510725365
2.9112091923265417,0.1466076571675237,-0.8346384708687129
2.9530970943744053,0.1466076571675237,-0.7197175688946787
2.9949849964222697,0.1466076571675237,-0.5890031413795964
3.0368728984701332,0.1466076571675237,-0.4417994043253302
3.0787608005179976,0.1466076571675237,-0.2777074999969202
3.1206487025658611,0.1466076571675237,-0.0967172232217748
0.0209439510239320,0.1884955592153876,-0.1208213074134432
0.0628318530717960,0.1884955592153876,-0.3444318665675674
0.1047197551196597,0.1884955592153876,-0.5441439030270822
0.1466076571675237,0.1884955592153876,-0.7209664900020741
0.1884955592153876,0.1884955592153876,-0.8765496787499867
0.2303834612632514,0.1884955592153876,-1.0127154667382416
0.2722713633111153,0.1884955592153876,-1.1310874301068485
0.3141592653589793,0.1884955592153876,-1.2329691470985529
0.3560471674068433,0.1884955592153876,-1.3194396851450552
0.3979350694547070,0.1884955592153876,-1.3915220869225053
0.4398229715025710,0.1884955592153876,-1.4502983680006847
0.4817108735504350,0.1884955592153876,-1.4969306639077999
0.5235987755982989,0.1884955592153876,-1.5326173852201217
0.5654866776461627,0.1884955592153876,-1.5585322843662879
0.6073745796940266,0.1884955592153876,-1.5757790449958569
0.6492624817418906,0.1884955592153876,-1.5853714007400339
0.6911503837897545,0.1884955592153876,-1.5882340248230986
0.7330382858376183,0.1884955592153876,-1.5852146937388600
0.7749261878854823,0.1884955592153876,-1.5770997163926954
0.8168140899333461,0.1884955592153876,-1.5646280469523743
0.8587019919812100,0.1884955592153876,-1.5485023194312675
0.9005898940290740,0.1884955592153876,-1.5293965236161293
0.9424777960769379,0.1884955592153876,-1.5079605007590104
0.9843656981248019,0.1884955592153876,-1.4848214668298840
1.0262536001726656,0.1884955592153876,-1.4605828020032900
1.0681415022205296,0.1884955592153876,-1.4358205276818983
1.1100294042683936,0.1884955592153876,-1.4110781672378325
1.1519173063162575,0.1884955592153876,-1.3868609143802257
1.1938052083641213,0.1884955592153876,-1.3636301010843894
1.2356931104119853,0.1884955592153876,-1.3417988304928441
1.2775810124598492,0.1884955592153876,-1.3217293597728847
1.3194689145077132,0.1884955592153876,-1.3037324662893865
1.3613568165555769,0.1884955592153876,-1.2880686929002962
1.4032447186034409,0.1884955592153876,-1.2749511047962023
1.4451326206513049,0.1884955592153876,-1.2645490261451868
1.4870205226991688,0.1884955592153876,-1.2569921548607101
1.5289084247470326,0.1884955592153876,-1.2523744556082843
1.5707963267948966,0.1884955592153876,-1.2507572784094827
1.6126842288427605,0.1884955592153876,-1.2521712235627154
1.6545721308906245,0.1884955592153876,-1.2566163672368660
1.6964600329384882,0.1884955592153876,-1.2640605855377272
1.7383479349863524,0.1884955592153876,-1.2744358896926895
1.7802358370342162,0.1884955592153876,-1.2876329352882028
1.8221237390820799,0.1884955592153876,-1.3034942043008158
1.8640116411299441,0.1884955592153876,-1.3218067553881649
1.9058995431778079,0.1884955592153876,-1.3422958191561216
1.9477874452256716,0.1884955592153876,-1.3646207521768237
1.9896753472735358,0.1884955592153876,-1.3883748042702626
2.0315632493213993,0.1884955592153876,-1.4130896830960429
2.0734511513692637,0.1884955592153876,-1.4382450151870469
2.1153390534171272,0.1884955592153876,-1.4632816615625834
2.1572269554649912,0.1884955592153876,-1.4876167531750109
2.1991148575128552,0.1884955592153876,-1.5106576193952330
2.2410027595607191,0.1884955592153876,-1.5318117459649985
2.2828906616085827,0.1884955592153876,-1.5504905500034190
2.3247785636564471,0.1884955592153876,-1.5661058828308245
2.3666664657043106,0.1884955592153876,-1.5780593969046683
2.4085543677521750,0.1884955592153876,-1.5857258941664032
2.4504422698000385,0.1884955592153876,-1.5884323684566419
2.4923301718479025,0.1884955592153876,-1.5854348488934460
2.5342180738957665,0.1884955592153876,-1.5758958419931492
2.5761059759436304,0.1884955592153876,-1.5588666971007927
2.6179938779914940,0.1884955592153876,-1.5332814603798619
2.6598817800393584,0.1884955592153876,-1.4979699529484520
2.7017696820872219,0.1884955592153876,-1.4516943062792100
2.7436575841350863,0.1884955592153876,-1.3932023170456262
2.7855454861829498,0.1884955592153876,-1.3212764348948487
2.8274333882308138,0.1884955592153876,-1.2347509589238517
2.8693212902786778,0.1884955592153876,-1.1324831374479130
2.9112091923265417,0.1884955592153876,-1.0132927059456309
2.9530970943744053,0.1884955592153876,-0.8759117406659200
2.9949849964222697,0.1884955592153876,-0.7189972164294627
3.0368728984701332,0.1884955592153876,-0.5412443321195667
3.0787608005179976,0.1884955592153876,-0.3415955873999845
3.1206487025658611,0.1884955592153876,-0.1194813081613971
0.0209439510239320,0.2303834612632514,-0.1409260597304312
0.0628318530717960,0.2303834612632514,-0.4002305315198397
0.1047197551196597,0.2303834612632514,-0.6305347122132662
0.1466076571675237,0.2303834612632514,-0.8338204108228848
0.1884955592153876,0.2303834612632514,-1.0123193485742317
0.2303834612632514,0.2303834612632514,-1.1680338836336064
0.2722713633111153,0.2303834612632514,-1.3025783820158683
0.3141592653589793,0.2303834612632514,-1.4172961697776694
0.3560471674068433,0.2303834612632514,-1.5134666600404343
0.3979350694547070,0.2303834612632514,-1.5924437168669403
0.4398229715025710,0.2303834612632514,-1.6556776236444462
0.4817108735504350,0.2303834612632514,-1.7046599563521567
0.5235987755982989,0.2303834612632514,-1.7408515542680649
0.5654866776461627,0.2303834612632514,-1.7656314628088370
0.6073745796940266,0.2303834612632514,-1.7802759325329200
0.6492624817418906,0.2303834612632514,-1.7859598856616425
0.6911503837897545,0.2303834612632514,-1.7837693374174484
0.7330382858376183,0.2303834612632514,-1.7747161722618032
0.7749261878854823,0.2303834612632514,-1.7597511615481749
0.8168140899333461,0.2303834612632514,-1.7397743763436169
0.8587019919812100,0.2303834612632514,-1.7156434872735564
0.9005898940290740,0.2303834612632514,-1.6881803601428953
0.9424777960769379,0.2303834612632514,-1.6581757509248620
0.9843656981248019,0.2303834612632514,-1.6263914948884117
1.0262536001726656,0.2303834612632514,-1.5935596748265370
1.0681415022205296,0.2303834612632514,-1.5603787677357928
1.1100294042683936,0.2303834612632514,-1.5275074312561183
1.1519173063162575,0.2303834612632514,-1.4955571109119481
1.1938052083641213,0.2303834612632514,-1.4650848495770963
1.2356931104119853,0.2303834612632514,-1.4365875361043423
1.2775810124598492,0.2303834612632514,-1.4104984345428191
1.3194689145077132,0.2303834612632514,-1.3871863353768157
1.3613568165555769,0.2303834612632514,-1.3669572015138260
1.4032447186034409,0.2303834612632514,-1.3500578314434455
1.4451326206513049,0.2303834612632514,-1.3366808602937437
1.4870205226991688,0.2303834612632514,-1.3269703519446328
1.5289084247470326,0.2303834612632514,-1.3210272628562993
1.5707963267948966,0.2303834612632514,-1.3189141360185406
1.6126842288427605,0.2303834612632514,-1.3206584746492556
1.6545721308906245,0.2303834612632514,-1.3262543302361851
1.6964600329384882,0.2303834612632514,-1.3356617211569710
1.7383479349863524,0.2303834612632514,-1.3488036042939027
1.7802358370342162,0.2303834612632514,-1.3655603017140550
1.8221237390820799,0.2303834612632514,-1.3857615925368905
1.8640116411299441,0.2303834612632514,-1.4091771474001338
1.9058995431778079,0.2303834612632514,-1.4355065751290372
1.9477874452256716,0.2303834612632514,-1.4643709345157319
1.9896753472735358,0.2303834612632514,-1.4953079077235010
2.0315632493213993,0.2303834612632514,-1.5277726733232986
2.0734511513692637,0.2303834612632514,-1.5611456865299633
2.1153390534171272,0.2303834612632514,-1.5947471261322368
2.1572269554649912,0.2303834612632514,-1.6278560359233041
2.1991148575128552,0.2303834612632514,-1.6597307033092579
2.2410027595607191,0.2303834612632514,-1.6896260942167931
2.2828906616085827,0.2303834612632514,-1.7168044605781210
2.3247785636564471,0.2303834612632514,-1.7405364235419134
2.3666664657043106,0.2303834612632514,-1.7600914542223836
2.4085543677521750,0.2303834612632514,-1.7747181893308677
2.4504422698000385,0.2303834612632514,-1.7836161525722189
2.4923301718479025,0.2303834612632514,-1.7859014519887138
2.5342180738957665,0.2303834612632514,-1.7805706954868019
2.5761059759436304,0.2303834612632514,-1.7664706119016786
2.6179938779914940,0.2303834612632514,-1.7422854296143580
2.6598817800393584,0.2303834612632514,-1.7065568003151141
2.7017696820872219,0.2303834612632514,-1.6577456243227573
2.7436575841350863,0.2303834612632514,-1.5943264212980039
2.7855454861829498,0.2303834612632514,-1.5148779803734451
2.8274333882308138,0.2303834612632514,-1.4181183742602463
2.8693212902786778,0.2303834612632514,-1.3028491336540209
2.9112091923265417,0.2303834612632514,-1.1678219184339329
2.9530970943744053,0.2303834612632514,-1.0115937435469200
2.9949849964222697,0.2303834612632514,-0.8324623199612422
3.0368728984701332,0.2303834612632514,-0.6285570800073491
3.0787608005179976,0.2303834612632514,-0.3981037826997865
3.1206487025658611,0.2303834612632514,-0.1397950164815711
0.0209439510239320,0.2722713633111153,-0.1584688959235179
0.0628318530717960,0.2722713633111153,-0.4488613316874503
0.1047197551196597,0.2722713633111153,-0.7058472434518486
0.1466076571675237,0.2722713633111153,-0.9320943089961788
0.1884955592153876,0.2722713633111153,-1.1300649343090448
0.2303834612632514,0.2722713633111153,-1.3017937118729892
0.2722713633111153,0.2722713633111153,-1.4489929469485627
0.3141592653589793,0.2722713633111153,-1.5732661498204090
0.3560471674068433,0.2722713633111153,-1.6762512158548053
0.3979350694547070,0.2722713633111153,-1.7596477601467959
0.4398229715025710,0.2722713633111153,-1.8251743492921113
0.4817108735504350,0.2722713633111153,-1.8745141217096379
0.5235987755982989,0.2722713633111153,-1.9092791625614096
0.5654866776461627,0.2722713633111153,-1.9309969139660870
0.6073745796940266,0.2722713633111153,-1.9411101037998446
0.6492624817418906,0.2722713633111153,-1.9409812167688840
0.6911503837897545,0.2722713633111153,-1.9318964781574439
0.7330382858376183,0.2722713633111153,-1.9150683885599489
0.7749261878854823,0.2722713633111153,-1.8916382415399817
0.8168140899333461,0.2722713633111153,-1.8626804513680273
0.8587019919812100,0.2722713633111153,-1.8292094543722788
0.9005898940290740,0.2722713633111153,-1.7921883757596069
0.9424777960769379,0.2722713633111153,-1.7525374738365269
0.9843656981248019,0.2722713633111153,-1.7111400901603810
1.0262536001726656,0.2722713633111153,-1.6688444581497532
1.0681415022205296,0.2722713633111153,-1.6264608966277083
1.1100294042683936,0.2722713633111153,-1.5847551462066409
1.1519173063162575,0.2722713633111153,-1.5444394866702302
1.1938052083641213,0.2722713633111153,-1.5061636035053314
1.2356931104119853,0.2722713633111153,-1.4705069742254600
1.2775810124598492,0.2722713633111153,-1.4379739924863246
1.3194689145077132,0.2722713633111153,-1.4089923606109902
1.3613568165555769,0.2722713633111153,-1.3839146454850229
1.4032447186034409,0.2722713633111153,-1.3630224219098579
1.4451326206513049,0.2722713633111153,-1.3465321598224715
1.4870205226991688,0.2722713633111153,-1.3346019306354970
1.5289084247470326,0.2722713633111153,-1.3273380656567175
1.5707963267948966,0.2722713633111153,-1.3248010372331056
1.6126842288427605,0.2722713633111153,-1.3270099944568803
1.6545721308906245,0.2722713633111153,-1.3339455251331349
1.6964600329384882,0.2722713633111153,-1.3455503089512866
1.7383479349863524,0.2722713633111153,-1.3617273766361886
1.7802358370342162,0.2722713633111153,-1.3823357372258731
1.8221237390820799,0.2722713633111153,-1.4071832619002431
1.8640116411299441,0.2722713633111153,-1.4360170225406883
1.9058995431778079,0.2722713633111153,-1.4685118540597115
1.9477874452256716,0.2722713633111153,-1.5042587125526816
1.9896753472735358,0.2722713633111153,-1.5427552288727462
2.0315632493213993,0.2722713633111153,-1.5834013257665625
2.0734511513692637,0.2722713633111153,-1.6255024495338073
2.1153390534171272,0.2722713633111153,-1.6682816342752458
2.1572269554649912,0.2722713633111153,-1.7108994522308534
2.1991148575128552,0.2722713633111153,-1.7524785318172731
2.2410027595607191,0.2722713633111153,-1.7921275725807280
2.2828906616085827,0.2722713633111153,-1.8289592887765891
2.3247785636564471,0.2722713633111153,-1.8620975966722553
2.3666664657043106,0.2722713633111153,-1.8906712012965656
2.4085543677521750,0.2722713633111153,-1.9137928475754669
2.4504422698000385,0.2722713633111153,-1.9305254121494257
2.4923301718479025,0.2722713633111153,-1.9398379356951123
2.5342180738957665,0.2722713633111153,-1.9405576170018333
2.5761059759436304,0.2722713633111153,-1.9313287831463410
2.6179938779914940,0.2722713633111153,-1.9105962554174625
2.6598817800393584,0.2722713633111153,-1.8766336477984313
2.7017696820872219,0.2722713633111153,-1.8276283580542212
2.7436575841350863,0.2722713633111153,-1.7618084729832171
2.7855454861829498,0.2722713633111153,-1.6775611058833844
2.8274333882308138,0.2722713633111153,-1.5734735735786776
2.8693212902786778,0.2722713633111153,-1.4482542291710281
2.9112091923265417,0.2722713633111153,-1.3005528522261436
2.9530970943744053,0.2722713633111153,-1.1287607730270461
2.9949849964222697,0.2722713633111153,-0.9308925913295634
3.0368728984701332,0.2722713633111153,-0.7046330510298394
3.0787608005179976,0.2722713633111153,-0.4475868018310678
3.1206487025658611,0.2722713633111153,-0.1576963758844745
0.0209439510239320,0.3141592653589793,-0.1737406546149635
0.0628318530717960,0.3141592653589793,-0.4912485373558201
0.1047197551196597,0.3141592653589793,-0.7714100939345786
0.1466076571675237,0.3141592653589793,-1.0171959443924927
0.1884955592153876,0.3141592653589793,-1.2311428503777262
0.2303834612632514,0.3141592653589793,-1.4154363009845794
0.2722713633111153,0.3141592653589793,-1.5721130858165968
0.3141592653589793,0.3141592653589793,-1.7031797061780432
0.3560471674068433,0.3141592653589793,-1.8106170624965732
0.3979350694547070,0.3141592653589793,-1.8963438961999250
0.4398229715025710,0.3141592653589793,-1.9621998823951747
0.4817108735504350,0.3141592653589793,-2.0099568080256867
0.5235987755982989,0.3141592653589793,-2.0413384778443810
0.5654866776461627,0.3141592653589793,-2.0580323735193455
0.6073745796940266,0.3141592653589793,-2.0616874518992612
0.6492624817418906,0.3141592653589793,-2.0539005587796604
0.6911503837897545,0.3141592653589793,-2.0361976801484256
0.7330382858376183,0.3141592653589793,-2.0100170192088527
0.7749261878854823,0.3141592653589793,-1.9766994288957189
0.8168140899333461,0.3141592653589793,-1.9374887876794458
0.8587019919812100,0.3141592653589793,-1.8935415535294413
0.9005898940290740,0.3141592653589793,-1.8459420566060356
0.9424777960769379,0.3141592653589793,-1.7957188148030316
0.9843656981248019,0.3141592653589793,-1.7438574380613054
1.0262536001726656,0.3141592653589793,-1.6913071733287419
1.0681415022205296,0.3141592653589793,-1.6389801776715531
1.1100294042683936,0.3141592653589793,-1.5877445126039147
1.1519173063162575,0.3141592653589793,-1.5384131469820781
1.1938052083641213,0.3141592653589793,-1.4917317548979210
1.2356931104119853,0.3141592653589793,-1.4483678789982337
1.2775810124598492,0.3141592653589793,-1.4089033310566954
1.3194689145077132,0.3141592653589793,-1.3738307888679981
1.3613568165555769,0.3141592653589793,-1.3435546509172782
1.4032447186034409,0.3141592653589793,-1.3183954880054229
1.4451326206513049,0.3141592653589793,-1.2985969707978757
1.4870205226991688,0.3141592653589793,-1.2843339726601275
1.5289084247470326,0.3141592653589793,-1.2757206103603842
1.5707963267948966,0.3141592653589793,-1.2728172167572036
1.6126842288427605,0.3141592653589793,-1.2756355521500518
1.6545721308906245,0.3141592653589793,-1.2841418746248860
1.6964600329384882,0.3141592653589793,-1.2982577426619444
1.7383479349863524,0.3141592653589793,-1.3178585755042185
1.7802358370342162,0.3141592653589793,-1.3427700362850026
1.8221237390820799,0.3141592653589793,-1.3727622624192424
1.8640116411299441,0.3141592653589793,-1.4075419468107566
1.9058995431778079,0.3141592653589793,-1.4467424379646747
1.9477874452256716,0.3141592653589793,-1.4899125467093000
1.9896753472735358,0.3141592653589793,-1.5365056559599917
2.0315632493213993,0.3141592653589793,-1.5858717725589750
2.0734511513692637,0.3141592653589793,-1.6372557664233212
2.1153390534171272,0.3141592653589793,-1.6898045549157901
2.1572269554649912,0.3141592653589793,-1.7425840965745345
2.1991148575128552,0.3141592653589793,-1.7946041398802683
2.2410027595607191,0.3141592653589793,-1.8448457524335349
2.2828906616085827,0.3141592653589793,-1.8922848897579658
2.3247785636564471,0.3141592653589793,-1.9359053055612612
2.3666664657043106,0.3141592653589793,-1.9746958010990965
2.4085543677521750,0.3141592653589793,-2.0076294329047739
2.4504422698000385,0.3141592653589793,-2.0336251933229499
2.4923301718479025,0.3141592653589793,-2.0514959341287637
2.5342180738957665,0.3141592653589793,-2.0598908968316274
2.5761059759436304,0.3141592653589793,-2.0572480381143174
2.6179938779914940,0.3141592653589793,-2.0417788325740447
2.6598817800393584,0.3141592653589793,-2.0115098931019073
2.7017696820872219,0.3141592653589793,-1.9643914845862487
2.7436575841350863,0.3141592653589793,-1.8984483521943689
2.7855454861829498,0.3141592653589793,-1.8119075311533295
2.8274333882308138,0.3141592653589793,-1.7032247179640780
2.8693212902786778,0.3141592653589793,-1.5709718961863806
2.9112091923265417,0.3141592653589793,-1.4136264094236179
2.9530970943744053,0.3141592653589793,-1.2293581016233657
2.9949849964222697,0.3141592653589793,-1.0159093627251421
3.0368728984701332,0.3141592653589793,-0.7706249551460755
3.0787608005179976,0.3141592653589793,-0.4906557417201393
3.1206487025658611,0.3141592653589793,-0.1733333757213746
0.0209439510239320,0.3560471674068433,-0.1870602765238676
0.0628318530717960,0.3560471674068433,-0.5281750395746180
0.1047197551196597,0.3560471674068433,-0.8281721634991580
0.1466076571675237,0.3560471674068433,-1.0901207247170681
0.1884955592153876,0.3560471674068433,-1.3167214020953144
0.2303834612632514,0.3560471674068433,-1.5105184454026461
0.2722713633111153,0.3560471674068433,-1.6739972435220134
0.3141592653589793,0.3560471674068433,-1.8095357330848030
0.3560471674068433,0.3560471674068433,-1.9193279905622305
0.3979350694547070,0.3560471674068433,-2.0053787025459857
0.4398229715025710,0.3560471674068433,-2.0695701836481435
0.4817108735504350,0.3560471674068433,-2.1137466925435069
0.5235987755982989,0.3560471674068433,-2.1397698244564567
0.5654866776461627,0.3560471674068433,-2.1495312677075038
0.6073745796940266,0.3560471674068433,-2.1449305917828809
0.6492624817418906,0.3560471674068433,-2.1278329903441264
0.6911503837897545,0.3560471674068433,-2.1000227142590893
0.7330382858376183,0.3560471674068433,-2.0631656631961808
0.7749261878854823,0.3560471674068433,-2.0187897332082274
0.8168140899333461,0.3560471674068433,-1.9682852601140741
0.8587019919812100,0.3560471674068433,-1.9129222024786199
0.9005898940290740,0.3560471674068433,-1.8538770450958433
0.9424777960769379,0.3560471674068433,-1.7922612793749535
0.9843656981248019,0.3560471674068433,-1.7291444179359441
1.0262536001726656,0.3560471674068433,-1.6655670340215027
1.0681415022205296,0.3560471674068433,-1.6025423483863455
1.1100294042683936,0.3560471674068433,-1.5410476202783501
1.1519173063162575,0.3560471674068433,-1.4820085329650465
1.1938052083641213,0.3560471674068433,-1.4262807033124452
1.2356931104119853,0.3560471674068433,-1.3746324180459255
1.2775810124598492,0.3560471674068433,-1.3277318717953150
1.3194689145077132,0.3560471674068433,-1.2861408176145581
1.3613568165555769,0.3560471674068433,-1.2503149842939008
1.4032447186034409,0.3560471674068433,-1.2206102368719720
1.4451326206513049,0.3560471674068433,-1.1972925495261049
1.4870205226991688,0.3560471674068433,-1.1805495424594428
1.5289084247470326,0.3560471674068433,-1.1705015318490262
1.5707963267948966,0.3560471674068433,-1.1672105531750603
1.6126842288427605,0.3560471674068433,-1.1706864239587933
1.6545721308906245,0.3560471674068433,-1.1808894610670342
1.6964600329384882,0.3560471674068433,-1.1977299048372723
1.7383479349863524,0.3560471674068433,-1.2210644365454895
1.7802358370342162,0.3560471674068433,-1.2506904217384498
1.8221237390820799,0.3560471674068433,-1.2863386457800869
1.8640116411299441,0.3560471674068433,-1.3276652802408615
1.9058995431778079,0.3560471674068433,-1.3742436344308180
1.9477874452256716,0.3560471674068433,-1.4255560569902228
1.9896753472735358,0.3560471674068433,-1.4809864474629904
2.0315632493213993,0.3560471674068433,-1.5398144474601068
2.0734511513692637,0.3560471674068433,-1.6012133624125604
2.1153390534171272,0.3560471674068433,-1.6642545440301455
2.1572269554649912,0.3560471674068433,-1.7279204224489468
2.1991148575128552,0.3560471674068433,-1.7911261412214534
2.2410027595607191,0.3560471674068433,-1.8527463577664474
2.2828906616085827,0.3560471674068433,-1.9116406458598332
2.3247785636564471,0.3560471674068433,-1.9666695214812728
2.3666664657043106,0.3560471674068433,-2.0166940033868621
2.4085543677521750,0.3560471674068433,-2.0605544011869648
2.4504422698000385,0.3560471674068433,-2.0970279524840136
2.4923301718479025,0.3560471674068433,-2.1247698541106814
2.5342180738957665,0.3560471674068433,-2.1422488325083293
2.5761059759436304,0.3560471674068433,-2.1476969334489961
2.6179938779914940,0.3560471674068433,-2.1391007791129808
2.6598817800393584,0.3560471674068433,-2.1142600534467126
2.7017696820872219,0.3560471674068433,-2.0709183334608778
2.7436575841350863,0.3560471674068433,-2.0069302510837530
2.7855454861829498,0.3560471674068433,-1.9203867743907077
2.8274333882308138,0.3560471674068433,-1.8096148238849412
2.8693212902786778,0.3560471674068433,-1.6730241625397646
2.9112091923265417,0.3560471674068433,-1.5088665223184177
2.9530970943744053,0.3560471674068433,-1.3150268814497872
2.9949849964222697,0.3560471674068433,-1.0889400073987272
3.0368728984701332,0.3560471674068433,-0.8276521454401330
3.0787608005179976,0.3560471674068433,-0.5280034030413769
3.1206487025658611,0.3560471674068433,-0.1869195219483238
0.0209439510239320,0.3979350694547070,-0.1986771485010486
0.0628318530717960,0.3979350694547070,-0.5601647410128389
0.1047197551196597,0.3979350694547070,-0.8767855026865479
0.1466076571675237,0.3979350694547070,-1.1517391156345589
0.1884955592153876,0.3979350694547070,-1.3880681640421559
0.2303834612632514,0.3979350694547070,-1.5887832330993050
0.2722713633111153,0.3979350694547070,-1.7567761786898028
0.3141592653589793,0.3979350694547070,-1.8946667466718867
0.3560471674068433,0.3979350694547070,-2.0047457466697223
0.3979350694547070,0.3979350694547070,-2.0890548516568046
0.4398229715025710,0.3979350694547070,-2.1495332911326410
0.4817108735504350,0.3979350694547070,-2.1881441874445615
0.5235987755982989,0.3979350694547070,-2.2069372430229874
0.5654866776461627,0.3979350694547070,-2.2080475320931789
0.6073745796940266,0.3979350694547070,-2.1936483020563200
0.6492624817418906,0.3979350694547070,-2.1658796006756895
0.6911503837897545,0.3979350694547070,-2.1267750241211996
0.7330382858376183,0.3979350694547070,-2.0782060593877576
0.7749261878854823,0.3979350694547070,-2.0218559420509634
0.8168140899333461,0.3979350694547070,-1.9592250276409524
0.8587019919812100,0.3979350694547070,-1.8916611600073534
0.9005898940290740,0.3979350694547070,-1.8204036478502799
0.9424777960769379,0.3979350694547070,-1.7466284597941142
0.9843656981248019,0.3979350694547070,-1.6714841976514210
1.0262536001726656,0.3979350694547070,-1.5961120750751452
1.0681415022205296,0.3979350694547070,-1.5216474315157400
1.1100294042683936,0.3979350694547070,-1.4492044513974631
1.1519173063162575,0.3979350694547070,-1.3798491452334383
1.1938052083641213,0.3979350694547070,-1.3145677635075719
1.2356931104119853,0.3979350694547070,-1.2542382078739422
1.2775810124598492,0.3979350694547070,-1.1996105203054754
1.3194689145077132,0.3979350694547070,-1.1512995719877972
1.3613568165555769,0.3979350694547070,-1.1097896168264294
1.4032447186034409,0.3979350694547070,-1.0754475891140909
1.4451326206513049,0.3979350694547070,-1.0485407118623471
1.4870205226991688,0.3979350694547070,-1.0292542282839452
1.5289084247470326,0.3979350694547070,-1.0177063347237487
1.5707963267948966,0.3979350694547070,-1.0139589064284489
1.6126842288427605,0.3979350694547070,-1.0180237590387340
1.6545721308906245,0.3979350694547070,-1.0298647302393305
1.6964600329384882,0.3979350694547070,-1.0493958970056738
1.7383479349863524,0.3979350694547070,-1.0764760845204531
1.7802358370342162,0.3979350694547070,-1.1108998460569721
1.8221237390820799,0.3979350694547070,-1.1523855357412940
1.8640116411299441,0.3979350694547070,-1.2005618881347833
1.9058995431778079,0.3979350694547070,-1.2549552503897159
1.9477874452256716,0.3979350694547070,-1.3149797637858598
1.9896753472735358,0.3979350694547070,-1.3799321542675009
2.0315632493213993,0.3979350694547070,-1.4489917485194250
2.0734511513692637,0.3979350694547070,-1.5212256238703727
2.1153390534171272,0.3979350694547070,-1.5955988514008919
2.1572269554649912,0.3979350694547070,-1.6709901765940078
2.1991148575128552,0.3979350694547070,-1.7462131333344548
2.2410027595607191,0.3979350694547070,-1.8200407291585698
2.2828906616085827,0.3979350694547070,-1.8912288771996482
2.3247785636564471,0.3979350694547070,-1.9585312129500123
2.3666664657043106,0.3979350694547070,-2.0206974258021893
2.4085543677521750,0.3979350694547070,-2.0764494105501372
2.4504422698000385,0.3979350694547070,-2.1244341167688701
2.4923301718479025,0.3979350694547070,-2.1631585734593473
2.5342180738957665,0.3979350694547070,-2.1909211354824571
2.5761059759436304,0.3979350694547070,-2.2057625238637768
2.6179938779914940,0.3979350694547070,-2.2054662681912292
2.6598817800393584,0.3979350694547070,-2.1876322642142814
2.7017696820872219,0.3979350694547070,-2.1498218640663391
2.7436575841350863,0.3979350694547070,-2.0897309115743155
2.7855454861829498,0.3979350694547070,-2.0053081062422446
2.8274333882308138,0.3979350694547070,-1.8947342051884539
2.8693212902786778,0.3979350694547070,-1.7562386292136556
2.9112091923265417,0.3979350694547070,-1.5878307867349652
2.9530970943744053,0.3979350694547070,-1.3870877137191824
2.9949849964222697,0.3979350694547070,-1.1511072926122381
3.0368728984701332,0.3979350694547070,-0.8766312664004599
3.0787608005179976,0.3979350694547070,-0.5602583453610962
3.1206487025658611,0.3979350694547070,-0.1986813707080245
0.0209439510239320,0.4398229715025710,-0.2087494088675560
0.0628318530717960,0.4398229715025710,-0.5875648406348771
0.1047197551196597,0.4398229715025710,-0.9178194130318827
0.1466076571675237,0.4398229715025710,-1.2029891782673912
0.1884955592153876,0.4398229715025710,-1.4465617098149424
0.2303834612632514,0.4398229715025710,-1.6519708070666463
0.2722713633111153,0.4398229715025710,-1.8223810965214362
0.3141592653589793,0.4398229715025710,-1.9605388950796785
0.3560471674068433,0.4398229715025710,-2.0687973278608820
0.3979350694547070,0.4398229715025710,-2.1492750789604633
0.4398229715025710,0.4398229715025710,-2.2040413906482930
0.4817108735504350,0.4398229715025710,-2.2352459337905590
0.5235987755982989,0.4398229715025710,-2.2451693356454054
0.5654866776461627,0.4398229715025710,-2.2362051531140508
0.6073745796940266,0.4398229715025710,-2.2107927111469117
0.6492624817418906,0.4398229715025710,-2.1713228727460985
0.6911503837897545,0.4398229715025710,-2.1200432398357885
0.7330382858376183,0.4398229715025710,-2.0589887158608287
0.7749261878854823,0.4398229715025710,-1.9899537584243385
0.8168140899333461,0.4398229715025710,-1.9145084598644042
0.8587019919812100,0.4398229715025710,-1.8340484269800803
0.9005898940290740,0.4398229715025710,-1.7498616937093352
0.9424777960769379,0.4398229715025710,-1.6631945759278171
0.9843656981248019,0.4398229715025710,-1.5753009988638880
1.0262536001726656,0.4398229715025710,-1.4874649668295734
1.0681415022205296,0.4398229715025710,-1.4009925243162018
1.1100294042683936,0.4398229715025710,-1.3171769183271262
1.1519173063162575,0.4398229715025710,-1.2372474218474523
1.1938052083641213,0.4398229715025710,-1.1623165035851815
1.2356931104119853,0.4398229715025710,-1.0933398466777173
1.2775810124598492,0.4398229715025710,-1.0310986289817561
1.3194689145077132,0.4398229715025710,-0.9762053313201403
1.3613568165555769,0.4398229715025710,-0.9291267116268559
1.4032447186034409,0.4398229715025710,-0.8902136841711948
1.4451326206513049,0.4398229715025710,-0.8597286314983310
1.4870205226991688,0.4398229715025710,-0.8378646406963426
1.5289084247470326,0.4398229715025710,-0.8247556961088627
1.5707963267948966,0.4398229715025710,-0.8204799816965321
1.6126842288427605,0.4398229715025710,-0.8250595502765832
1.6545721308906245,0.4398229715025710,-0.8384591528917017
1.6964600329384882,0.4398229715025710,-0.8605856529006048
1.7383479349863524,0.4398229715025710,-0.8912876162420741
1.7802358370342162,0.4398229715025710,-0.9303528318655970
1.8221237390820799,0.4398229715025710,-0.9775005446598295
1.8640116411299441,0.4398229715025710,-1.0323661246939260
1.9058995431778079,0.4398229715025710,-1.0944790246812104
1.9477874452256716,0.4398229715025710,-1.1632389014706002
1.9896753472735358,0.4398229715025710,-1.2378972802706871
2.0315632493213993,0.4398229715025710,-1.3175512914957126
2.0734511513692637,0.4398229715025710,-1.4011521699006542
2.1153390534171272,0.4398229715025710,-1.4875267336533606
2.1572269554649912,0.4398229715025710,-1.5754072833117994
2.1991148575128552,0.4398229715025710,-1.6634647382660557
2.2410027595607191,0.4398229715025710,-1.7503401147476996
2.2828906616085827,0.4398229715025710,-1.8346692814674657
2.3247785636564471,0.4398229715025710,-1.9150951112563634
2.3666664657043106,0.4398229715025710,-1.9902607599452693
2.4085543677521750,0.4398229715025710,-2.0587793583787244
2.4504422698000385,0.4398229715025710,-2.1191798873169683
2.4923301718479025,0.4398229715025710,-2.1698365278230005
2.5342180738957665,0.4398229715025710,-2.2088984063490393
2.5761059759436304,0.4398229715025710,-2.2342454406555112
2.6179938779914940,0.4398229715025710,-2.2434980838159619
2.6598817800393584,0.4398229715025710,-2.2340977510931679
2.7017696820872219,0.4398229715025710,-2.2034494201963906
2.7436575841350863,0.4398229715025710,-2.1490845101239588
2.7855454861829498,0.4398229715025710,-2.0687717050123915
2.8274333882308138,0.4398229715025710,-1.9604968239516674
2.8693212902786778,0.4398229715025710,-1.8222795739959001
2.9112091923265417,0.4398229715025710,-1.6518926476288927
2.9530970943744053,0.4398229715025710,-1.4466314430382281
2.9949849964222697,0.4398229715025710,-1.2032723471375626
3.0368728984701332,0.4398229715025710,-0.9182448855730039
3.0787608005179976,0.4398229715025710,-0.5879116634296467
3.1206487025658611,0.4398229715025710,-0.2088175769637805
0.0209439510239320,0.4817108735504350,-0.2173767183230519
0.0628318530717960,0.4817108735504350,-0.6106730718213176
0.1047197551196597,0.4817108735504350,-0.9518819340897225
0.1466076571675237,0.4817108735504350,-1.2448692448785024
0.1884955592153876,0.4817108735504350,-1.4935421535944755
0.2303834612632514,0.4817108735504350,-1.7016253863750139
0.2722713633111153,0.4817108735504350,-1.8724288811241765
0.3141592653589793,0.4817108735504350,-2.0087809642621917
0.3560471674068433,0.4817108735504350,-2.1131407993595746
0.3979350694547070,0.4817108735504350,-2.1877949260352882
0.4398229715025710,0.4817108735504350,-2.2350332170075671
0.4817108735504350,0.4817108735504350,-2.2572519474976969
0.5235987755982989,0.4817108735504350,-2.2569826480482797
0.5654866776461627,0.4817108735504350,-2.2368622405406740
0.6073745796940266,0.4817108735504350,-2.1995570010552616
0.6492624817418906,0.4817108735504350,-2.1476566110360280
0.6911503837897545,0.4817108735504350,-2.0835666782174118
0.7330382858376183,0.4817108735504350,-2.0094325826945982
0.7749261878854823,0.4817108735504350,-1.9271166910099480
0.8168140899333461,0.4817108735504350,-1.8382318631906895
0.8587019919812100,0.4817108735504350,-1.7442171014165357
0.9005898940290740,0.4817108735504350,-1.6464313601265472
0.9424777960769379,0.4817108735504350,-1.5462391276122631
0.9843656981248019,0.4817108735504350,-1.4450648545862841
1.0262536001726656,0.4817108735504350,-1.3444014840782068
1.0681415022205296,0.4817108735504350,-1.2457705525411347
1.1100294042683936,0.4817108735504350,-1.1506460725217607
1.1519173063162575,0.4817108735504350,-1.0603676168196614
1.1938052083641213,0.4817108735504350,-0.9760732350574404
1.2356931104119853,0.4817108735504350,-0.8986750737452982
1.2775810124598492,0.4817108735504350,-0.8288816895120203
1.3194689145077132,0.4817108735504350,-0.7672505654973182
1.3613568165555769,0.4817108735504350,-0.7142436693084955
1.4032447186034409,0.4817108735504350,-0.6702635043686453
1.4451326206513049,0.4817108735504350,-0.6356627099043320
1.4870205226991688,0.4817108735504350,-0.6107356328960936
1.5289084247470326,0.4817108735504350,-0.5957055869788217
1.5707963267948966,0.4817108735504350,-0.5907159599639318
1.6126842288427605,0.4817108735504350,-0.5958247250609265
1.6545721308906245,0.4817108735504350,-0.6109984522034886
1.6964600329384882,0.4817108735504350,-0.6361054827099799
1.7383479349863524,0.4817108735504350,-0.6709139458828206
1.7802358370342162,0.4817108735504350,-0.7151016010503181
1.8221237390820799,0.4817108735504350,-0.7682769694795429
1.8640116411299441,0.4817108735504350,-0.8299991981328059
1.9058995431778079,0.4817108735504350,-0.8997786875577028
1.9477874452256716,0.4817108735504350,-0.9770489551070572
1.9896753472735358,0.4817108735504350,-1.0611176339421740
2.0315632493213993,0.4817108735504350,-1.1511182836199019
2.0734511513692637,0.4817108735504350,-1.2459855056561213
2.1153390534171272,0.4817108735504350,-1.3444643708205901
2.1572269554649912,0.4817108735504350,-1.4451500124411947
2.1991148575128552,0.4817108735504350,-1.5465433624223262
2.2410027595607191,0.4817108735504350,-1.6471070581883265
2.2828906616085827,0.4817108735504350,-1.7453083397050391
2.3247785636564471,0.4817108735504350,-1.8396395621354442
2.3666664657043106,0.4817108735504350,-1.9286106118149062
2.4085543677521750,0.4817108735504350,-2.0107116780255305
2.4504422698000385,0.4817108735504350,-2.0843505647507343
2.4923301718479025,0.4817108735504350,-2.1477765728621288
2.5342180738957665,0.4817108735504350,-2.1990115778707606
2.5761059759436304,0.4817108735504350,-2.2358137073587043
2.6179938779914940,0.4817108735504350,-2.2556939058162930
2.6598817800393584,0.4817108735504350,-2.2559897152117050
2.7017696820872219,0.4817108735504350,-2.2339823789447566
2.7436575841350863,0.4817108735504350,-2.1870295785135832
2.7855454861829498,0.4817108735504350,-2.1126681730180095
2.8274333882308138,0.4817108735504350,-2.0086197732133844
2.8693212902786778,0.4817108735504350,-1.8726468058267298
2.9112091923265417,0.4817108735504350,-1.7022890163455457
2.9530970943744053,0.4817108735504350,-1.4946127462966727
2.9949849964222697,0.4817108735504350,-1.2461355889283030
3.0368728984701332,0.4817108735504350,-0.9530009040669455
3.0787608005179976,0.4817108735504350,-0.6113179621094026
3.1206487025658611,0.4817108735504350,-0.2174808548293136
0.0209439510239320,0.5235987755982989,-0.2246417406329992
0.0628318530717960,0.5235987755982989,-0.6298062715823524
0.1047197551196597,0.5235987755982989,-0.9796144441606998
0.1466076571675237,0.5235987755982989,-1.2783350946102239
0.1884955592153876,0.5235987755982989,-1.5301809280768273
0.2303834612632514,0.5235987755982989,-1.7390297985960825
0.2722713633111153,0.5235987755982989,-1.9082680066884894
0.3141592653589793,0.5235987755982989,-2.0408297038465393
0.3560471674068433,0.5235987755982989,-2.1393660437157860
0.3979350694547070,0.5235987755982989,-2.2064324661262567
0.4398229715025710,0.5235987755982989,-2.2446180792627457
0.4817108735504350,0.5235987755982989,-2.2566022108266801
0.5235987755982989,0.5235987755982989,-2.2451584879370241
0.5654866776461627,0.5235987755982989,-2.2131220449762075
0.6073745796940266,0.5235987755982989,-2.1633196196915230
0.6492624817418906,0.5235987755982989,-2.0984675514357498
0.6911503837897545,0.5235987755982989,-2.0210649038470470
0.7330382858376183,0.5235987755982989,-1.9333210200587743
0.7749261878854823,0.5235987755982989,-1.8371457163943874
0.8168140899333461,0.5235987755982989,-1.7342055632028073
0.8587019919812100,0.5235987755982989,-1.6260264511913500
0.9005898940290740,0.5235987755982989,-1.5141087604522336
0.9424777960769379,0.5235987755982989,-1.4000177142569270
0.9843656981248019,0.5235987755982989,-1.2854168594303768
1.0262536001726656,0.5235987755982989,-1.1720277059911286
1.0681415022205296,0.5235987755982989,-1.0615244915645148
1.1100294042683936,0.5235987755982989,-0.9554048200158913
1.1519173063162575,0.5235987755982989,-0.8548984086228448
1.1938052083641213,0.5235987755982989,-0.7609672615514493
1.2356931104119853,0.5235987755982989,-0.6744041760436791
1.2775810124598492,0.5235987755982989,-0.5959702009997965
1.3194689145077132,0.5235987755982989,-0.5264685924300981
1.3613568165555769,0.5235987755982989,-0.4666859309831257
1.4032447186034409,0.5235987755982989,-0.4172468899557503
1.4451326206513049,0.5235987755982989,-0.3785248896660502
1.4870205226991688,0.5235987755982989,-0.3506940291562877
1.5289084247470326,0.5235987755982989,-0.3338486531459541
1.5707963267948966,0.5235987755982989,-0.3280681698702990
1.6126842288427605,0.5235987755982989,-0.3334103317561190
1.6545721308906245,0.5235987755982989,-0.3498986489581252
1.6964600329384882,0.5235987755982989,-0.3775359468576540
1.7383479349863524,0.5235987755982989,-0.4162931307151160
1.7802358370342162,0.5235987755982989,-0.4660055775654852
1.8221237390820799,0.5235987755982989,-0.5262275482149757
1.8640116411299441,0.5235987755982989,-0.5962037298367785
1.9058995431778079,0.5235987755982989,-0.6750165874114327
1.9477874452256716,0.5235987755982989,-0.7617761065676777
1.9896753472735358,0.5235987755982989,-0.8556905764526567
2.0315632493213993,0.5235987755982989,-0.9559893726117186
2.0734511513692637,0.5235987755982989,-1.0617827527345995
2.1153390534171272,0.5235987755982989,-1.1719560264425206
2.1572269554649912,0.5235987755982989,-1.2851447836353906
2.1991148575128552,0.5235987755982989,-1.3997829621563376
2.2410027595607191,0.5235987755982989,-1.5141864935427056
2.2828906616085827,0.5235987755982989,-1.6266340363850438
2.3247785636564471,0.5235987755982989,-1.7354190842045394
2.3666664657043106,0.5235987755982989,-1.8388613306567507
2.4085543677521750,0.5235987755982989,-1.9352761973031742
2.4504422698000385,0.5235987755982989,-2.0229119211266990
2.4923301718479025,0.5235987755982989,-2.0998738323767077
2.5342180738957665,0.5235987755982989,-2.1640619665710039
2.5761059759436304,0.5235987755982989,-2.2131451331651624
2.6179938779914940,0.5235987755982989,-2.2445788983929114
2.6598817800393584,0.5235987755982989,-2.2556556359225519
2.7017696820872219,0.5235987755982989,-2.2435717018409198
2.7436575841350863,0.5235987755982989,-2.2055108826649401
2.7855454861829498,0.5235987755982989,-2.1387370481576542
2.8274333882308138,0.5235987755982989,-2.0406432811258113
2.8693212902786778,0.5235987755982989,-1.9086793156951234
2.9112091923265417,0.5235987755982989,-1.7401396225050569
2.9530970943744053,0.5235987755982989,-1.5319083501373589
2.9949849964222697,0.5235987755982989,-1.2803283904111808
3.0368728984701332,0.5235987755982989,-0.9813221371722520
3.0787608005179976,0.5235987755982989,-0.6307437998484227
3.1206487025658611,0.5235987755982989,-0.2247826890841477
0.0209439510239320,0.5654866776461627,-0.2306332448509831
0.0628318530717960,0.5654866776461627,-0.6453020829939567
0.1047197551196597,0.5654866776461627,-1.0016314874394681
0.1466076571675237,0.5654866776461627,-1.3042180327810156
0.1884955592153876,0.5654866776461627,-1.5574452682948645
0.2303834612632514,0.5654866776461627,-1.7652522766123584
0.2722713633111153,0.5654866776461627,-1.9310960066980971
0.3141592653589793,0.5654866776461627,-2.0580801705663569
0.3560471674068433,0.5654866776461627,-2.1491395094146726
0.3979350694547070,0.5654866776461627,-2.2071800861327997
0.4398229715025710,0.5654866776461627,-2.2351383434946146
0.4817108735504350,0.5654866776461627,-2.2359808916901036
0.5235987755982989,0.5654866776461627,-2.2126849742533201
0.5654866776461627,0.5654866776461627,-2.1682137319125570
0.6073745796940266,0.5654866776461627,-2.1054703330311098
0.6492624817418906,0.5654866776461627,-2.0272202853207046
0.6911503837897545,0.5654866776461627,-1.9360038469528131
0.7330382858376183,0.5654866776461627,-1.8340809874650528
0.7749261878854823,0.5654866776461627,-1.7234399533297395
0.8168140899333461,0.5654866776461627,-1.6058708204693193
0.8587019919812100,0.5654866776461627,-1.4830784245519884
0.9005898940290740,0.5654866776461627,-1.3567923596220042
0.9424777960769379,0.5654866776461627,-1.2288245601407859
0.9843656981248019,0.5654866776461627,-1.1010331454029614
1.0262536001726656,0.5654866776461627,-0.9751888705045489
1.0681415022205296,0.5654866776461627,-0.8528104652010501
1.1100294042683936,0.5654866776461627,-0.7351056656913689
1.1519173063162575,0.5654866776461627,-0.6231545329498481
1.1938052083641213,0.5654866776461627,-0.5182948153633992
1.2356931104119853,0.5654866776461627,-0.4222547138834490
1.2775810124598492,0.5654866776461627,-0.3363329375389745
1.3194689145077132,0.5654866776461627,-0.2602123353221527
1.3613568165555769,0.5654866776461627,-0.1935178085740945
1.4032447186034409,0.5654866776461627,-0.1388287598457498
1.4451326206513049,0.5654866776461627,-0.0971306823071408
1.4870205226991688,0.5654866776461627,-0.0648249179645202
1.5289084247470326,0.5654866776461627,-0.0443207053793901
1.5707963267948966,0.5654866776461627,-0.0376362792688634
1.6126842288427605,0.5654866776461627,-0.0438865909143841
1.6545721308906245,0.5654866776461627,-0.0640111878211626
1.6964600329384882,0.5654866776461627,-0.0956683488643880
1.7383479349863524,0.5654866776461627,-0.1368742466077742
1.7802358370342162,0.5654866776461627,-0.1915088936434240
1.8221237390820799,0.5654866776461627,-0.2581736768782430
1.8640116411299441,0.5654866776461627,-0.3344699705627229
1.9058995431778079,0.5654866776461627,-0.4210606569305710
1.9477874452256716,0.5654866776461627,-0.5179901203731218
1.9896753472735358,0.5654866776461627,-0.6235507743300807
2.0315632493213993,0.5654866776461627,-0.7358151248228970
2.0734511513692637,0.5654866776461627,-0.8534369066517441
2.1153390534171272,0.5654866776461627,-0.9754393785865739
2.1572269554649912,0.5654866776461627,-1.1007927027134403
2.1991148575128552,0.5654866776461627,-1.2281911477357479
2.2410027595607191,0.5654866776461627,-1.3560461382030140
2.2828906616085827,0.5654866776461627,-1.4825825988582213
2.3247785636564471,0.5654866776461627,-1.6059390218074663
2.3666664657043106,0.5654866776461627,-1.7242223278715894
2.4085543677521750,0.5654866776461627,-1.8355098231182592
2.4504422698000385,0.5654866776461627,-1.9378128829279742
2.4923301718479025,0.5654866776461627,-2.0290274363257126
2.5342180738957665,0.5654866776461627,-2.1068977928840678
2.5761059759436304,0.5654866776461627,-2.1690087265471560
2.6179938779914940,0.5654866776461627,-2.2127972832435563
2.6598817800393584,0.5654866776461627,-2.2355596503399129
2.7017696820872219,0.5654866776461627,-2.2344470074227094
2.7436575841350863,0.5654866776461627,-2.2064861566787197
2.7855454861829498,0.5654866776461627,-2.1486583352760538
2.8274333882308138,0.5654866776461627,-2.0579952234277092
2.8693212902786778,0.5654866776461627,-1.9315908048519395
2.9112091923265417,0.5654866776461627,-1.7664678723251965
2.9530970943744053,0.5654866776461627,-1.5593485395654352
2.9949849964222697,0.5654866776461627,-1.3064728380428259
3.0368728984701332,0.5654866776461627,-1.0036251358428288
3.0787608005179976,0.5654866776461627,-0.6464307903856751
3.1206487025658611,0.5654866776461627,-0.2308116639368188
0.0209439510239320,0.6073745796940266,-0.2354495890507134
0.0628318530717960,0.6073745796940266,-0.6574921030652999
0.1047197551196597,0.6073745796940266,-1.0184745194736782
0.1466076571675237,0.6073745796940266,-1.3232074893157597
0.1884955592153876,0.6073745796940266,-1.5761405420723376
0.2303834612632514,0.6073745796940266,-1.7812410155450882
0.2722713633111153,0.6073745796940266,-1.9420744295910104
0.3141592653589793,0.6073745796940266,-2.0619869357836307
0.3560471674068433,0.6073745796940266,-2.1442670564794275
0.3979350694547070,0.6073745796940266,-2.1922150889214076
0.4398229715025710,0.6073745796940266,-2.2091217477218690
0.4817108735504350,0.6073745796940266,-2.1982099365252585
0.5235987755982989,0.6073745796940266,-2.1625966916501889
0.5654866776461627,0.6073745796940266,-2.1052888102512619
0.6073745796940266,0.6073745796940266,-2.0291811823923420
0.6492624817418906,0.6073745796940266,-1.9370290284854306
0.6911503837897545,0.6073745796940266,-1.8314041837067445
0.7330382858376183,0.6073745796940266,-1.7146695228796964
0.7749261878854823,0.6073745796940266,-1.5889933986797926
0.8168140899333461,0.6073745796940266,-1.4564035089502090
0.8587019919812100,0.6073745796940266,-1.3188628250143493
0.9005898940290740,0.6073745796940266,-1.1783242335250961
0.9424777960769379,0.6073745796940266,-1.0366969455350863
0.9843656981248019,0.6073745796940266,-0.8956987778483176
1.0262536001726656,0.6073745796940266,-0.7567226165862315
1.0681415022205296,0.6073745796940266,-0.6210564080513000
1.1100294042683936,0.6073745796940266,-0.4906941057049371
1.1519173063162575,0.6073745796940266,-0.3684712048802532
1.1938052083641213,0.6073745796940266,-0.2542340500298896
1.2356931104119853,0.6073745796940266,-0.1475629610035853
1.2775810124598492,0.6073745796940266,-0.0502637673610907
1.3194689145077132,0.6073745796940266,0.0110392779904331
1.3613568165555769,0.6073745796940266,0.0467372852062189
1.4032447186034409,0.6073745796940266,0.0765325702277218
1.4451326206513049,0.6073745796940266,0.1003548108002778
1.4870205226991688,0.6073745796940266,0.1174746292537781
1.5289084247470326,0.6073745796940266,0.1277628346639194
1.5707963267948966,0.6073745796940266,0.1312454399973028
1.6126842288427605,0.6073745796940266,0.1279203559170620
1.6545721308906245,0.6073745796940266,0.1177428370559298
1.6964600329384882,0.6073745796940266,0.1006657004395133
1.7383479349863524,0.6073745796940266,0.0768550803823854
1.7802358370342162,0.6073745796940266,0.0472073892487610
1.8221237390820799,0.6073745796940266,0.0120638598289625
1.8640116411299441,0.6073745796940266,-0.0497389882091510
1.9058995431778079,0.6073745796940266,-0.1463812927749047
1.9477874452256716,0.6073745796940266,-0.2532186788915178
1.9896753472735358,0.6073745796940266,-0.3676685746686562
2.0315632493213993,0.6073745796940266,-0.4907210630826495
2.0734511513692637,0.6073745796940266,-0.6217610222449618
2.1153390534171272,0.6073745796940266,-0.7575558332440985
2.1572269554649912,0.6073745796940266,-0.8961354148172861
2.1991148575128552,0.6073745796940266,-1.0364309724813585
2.2410027595607191,0.6073745796940266,-1.1773571650853960
2.2828906616085827,0.6073745796940266,-1.3174837058116617
2.3247785636564471,0.6073745796940266,-1.4550641953416126
2.3666664657043106,0.6073745796940266,-1.5881321514342435
2.4085543677521750,0.6073745796940266,-1.7145517303499385
2.4504422698000385,0.6073745796940266,-1.8320329243119182
2.4923301718479025,0.6073745796940266,-1.9381547975809008
2.5342180738957665,0.6073745796940266,-2.0304117721255870
2.5761059759436304,0.6073745796940266,-2.1062580516573886
2.6179938779914940,0.6073745796940266,-2.1631118049158644
2.6598817800393584,0.6073745796940266,-2.1982980634516394
2.7017696820872219,0.6073745796940266,-2.2089564195456610
2.7436575841350863,0.6073745796940266,-2.1919926273165316
2.7855454861829498,0.6073745796940266,-2.1441375504329128
2.8274333882308138,0.6073745796940266,-2.0620766840676357
2.8693212902786778,0.6073745796940266,-1.9425367101903386
2.9112091923265417,0.6073745796940266,-1.7822421506232247
2.9530970943744053,0.6073745796940266,-1.5777443779523423
2.9949849964222697,0.6073745796940266,-1.3252168723848192
3.0368728984701332,0.6073745796940266,-1.0203728869294943
3.0787608005179976,0.6073745796940266,-0.6586459776148229
3.1206487025658611,0.6073745796940266,-0.2356510901473703
0.0209439510239320,0.6492624817418906,-0.2391933678666721
0.0628318530717960,0.6492624817418906,-0.6666812230728351
0.1047197551196597,0.6492624817418906,-1.0306051100879663
0.1466076571675237,0.6492624817418906,-1.3358859027813175
0.1884955592153876,0.6492624817418906,-1.5869857877908387
0.2303834612632514,0.6492624817418906,-1.7879157783944084
0.2722713633111153,0.6492624817418906,-1.9424060329692123
0.3141592653589793,0.6492624817418906,-2.0541025240777149
0.3560471674068433,0.6492624817418906,-2.1266788934994159
0.3979350694547070,0.6492624817418906,-2.1638253546767441
0.4398229715025710,0.6492624817418906,-2.1691498329968919
0.4817108735504350,0.6492624817418906,-2.1460694526726005
0.5235987755982989,0.6492624817418906,-2.0977630254576090
0.5654866776461627,0.6492624817418906,-2.0272002044358866
0.6073745796940266,0.6492624817418906,-1.9372063872518790
0.6492624817418906,0.6492624817418906,-1.8305166596222089
0.6911503837897545,0.6492624817418906,-1.7098028830498655
0.7330382858376183,0.6492624817418906,-1.5776682822180321
0.7749261878854823,0.6492624817418906,-1.4366041349673919
0.8168140899333461,0.6492624817418906,-1.2889382726894500
0.8587019919812100,0.6492624817418906,-1.1368067708299687
0.9005898940290740,0.6492624817418906,-0.9820974598241287
0.9424777960769379,0.6492624817418906,-0.8263260728846245
0.9843656981248019,0.6492624817418906,-0.6707397878482848
1.0262536001726656,0.6492624817418906,-0.5173973481113688
1.0681415022205296,0.6492624817418906,-0.3702275964079678
1.1100294042683936,0.6492624817418906,-0.2283657769059147
1.1519173063162575,0.6492624817418906,-0.0947367903055133
1.1938052083641213,0.6492624817418906,0.0106877446776669
1.2356931104119853,0.6492624817418906,0.0676623385500348
1.2775810124598492,0.6492624817418906,0.1201103964948965
1.3194689145077132,0.6492624817418906,0.1655987816782771
1.3613568165555769,0.6492624817418906,0.2041502417960288
1.4032447186034409,0.6492624817418906,0.2361483440292366
1.4451326206513049,0.6492624817418906,0.2614361138951393
1.4870205226991688,0.6492624817418906,0.2797670593370324
1.5289084247470326,0.6492624817418906,0.2909571117491794
1.5707963267948966,0.6492624817418906,0.2948829099307262
1.6126842288427605,0.6492624817418906,0.2914648687622775
1.6545721308906245,0.6492624817418906,0.2806654659911216
1.6964600329384882,0.6492624817418906,0.2625065515520126
1.7383479349863524,0.6492624817418906,0.2371053554200190
1.7802358370342162,0.6492624817418906,0.2047026671043270
1.8221237390820799,0.6492624817418906,0.1655418157786298
1.8640116411299441,0.6492624817418906,0.1194246699431486
1.9058995431778079,0.6492624817418906,0.0666575208797622
1.9477874452256716,0.6492624817418906,0.0101324959949594
1.9896753472735358,0.6492624817418906,-0.0958650956195785
2.0315632493213993,0.6492624817418906,-0.2289413534248599
2.0734511513692637,0.6492624817418906,-0.3705231512209178
2.1153390534171272,0.6492624817418906,-0.5181777681815715
2.1572269554649912,0.6492624817418906,-0.6717612175843720
2.1991148575128552,0.6492624817418906,-0.8269510542386603
2.2410027595607191,0.6492624817418906,-0.9818137390938541
2.2828906616085827,0.6492624817418906,-1.1354742570043728
2.3247785636564471,0.6492624817418906,-1.2868280620532611
2.3666664657043106,0.6492624817418906,-1.4342611638625475
2.4085543677521750,0.6492624817418906,-1.5756832358024195
2.4504422698000385,0.6492624817418906,-1.7085833307766196
2.4923301718479025,0.6492624817418906,-1.8301449177446438
2.5342180738957665,0.6492624817418906,-1.9374619725979261
2.5761059759436304,0.6492624817418906,-2.0277360241400277
2.6179938779914940,0.6492624817418906,-2.0983077514948376
2.6598817800393584,0.6492624817418906,-2.1465196272724172
2.7017696820872219,0.6492624817418906,-2.1695205450304655
2.7436575841350863,0.6492624817418906,-2.1641464323795372
2.7855454861829498,0.6492624817418906,-2.1269496645324439
2.8274333882308138,0.6492624817418906,-2.0543347125557063
2.8693212902786778,0.6492624817418906,-1.9426911871772967
2.9112091923265417,0.6492624817418906,-1.7884360301247786
2.9530970943744053,0.6492624817418906,-1.5879258725435483
2.9949849964222697,0.6492624817418906,-1.3372607629136715
3.0368728984701332,0.6492624817418906,-1.0320969543139535
3.0787608005179976,0.6492624817418906,-0.6676939361787564
3.1206487025658611,0.6492624817418906,-0.2393840941489388
0.0209439510239320,0.6911503837897545,-0.2419670132022969
0.0628318530717960,0.6911503837897545,-0.6731472817179479
0.1047197551196597,0.6911503837897545,-1.0384317146716786
0.1466076571675237,0.6911503837897545,-1.3427872729971393
0.1884955592153876,0.6911503837897545,-1.5906872851388680
0.2303834612632514,0.6911503837897545,-1.7862308480187052
0.2722713633111153,0.6911503837897545,-1.9333638574254937
0.3141592653589793,0.6911503837897545,-2.0360566173234425
0.3560471674068433,0.6911503837897545,-2.0983515610911940
0.3979350694547070,0.6911503837897545,-2.1242760478890417
0.4398229715025710,0.6911503837897545,-2.1176808488496381
0.4817108735504350,0.6911503837897545,-2.0820970692556382
0.5235987755982989,0.6911503837897545,-2.0206914679563646
0.5654866776461627,0.6911503837897545,-1.9363428467752197
0.6073745796940266,0.6911503837897545,-1.8317990678737095
0.6492624817418906,0.6911503837897545,-1.7098500849285228
0.6911503837897545,0.6911503837897545,-1.5734369461939812
0.7330382858376183,0.6911503837897545,-1.4255882565635238
0.7749261878854823,0.6911503837897545,-1.2691718223002568
0.8168140899333461,0.6911503837897545,-1.1066333445909338
0.8587019919812100,0.6911503837897545,-0.9398298441996760
0.9005898940290740,0.6911503837897545,-0.7699849342627193
0.9424777960769379,0.6911503837897545,-0.5984179538330116
0.9843656981248019,0.6911503837897545,-0.4290274889981342
1.0262536001726656,0.6911503837897545,-0.2646355072055273
1.0681415022205296,0.6911503837897545,-0.1045844146334074
1.1100294042683936,0.6911503837897545,0.0207446504259861
1.1519173063162575,0.6911503837897545,0.0927684177460973
1.1938052083641213,0.6911503837897545,0.1606643437787481
1.2356931104119853,0.6911503837897545,0.2218084159861254
1.2775810124598492,0.6911503837897545,0.2771817043540842
1.3194689145077132,0.6911503837897545,0.3262455151225959
1.3613568165555769,0.6911503837897545,0.3683719564850644
1.4032447186034409,0.6911503837897545,0.4032277368401670
1.4451326206513049,0.6911503837897545,0.4306295212001681
1.4870205226991688,0.6911503837897545,0.4504493389797552
1.5289084247470326,0.6911503837897545,0.4625827052016490
1.5707963267948966,0.6911503837897545,0.4669412604862910
1.6126842288427605,0.6911503837897545,0.4634533686315512
1.6545721308906245,0.6911503837897545,0.4520679693676844
1.6964600329384882,0.6911503837897545,0.4327609511647012
1.7383479349863524,0.6911503837897545,0.4055452965517671
1.7802358370342162,0.6911503837897545,0.3704907424148842
1.8221237390820799,0.6911503837897545,0.3277718483137144
1.8640116411299441,0.6911503837897545,0.2777863553510980
1.9058995431778079,0.6911503837897545,0.2213268730007377
1.9477874452256716,0.6911503837897545,0.1591774582111852
1.9896753472735358,0.6911503837897545,0.0906689114055460
2.0315632493213993,0.6911503837897545,0.0189010741099947
2.0734511513692637,0.6911503837897545,-0.1069756945732990
2.1153390534171272,0.6911503837897545,-0.2659202769298323
2.1572269554649912,0.6911503837897545,-0.4299220717646390
2.1991148575128552,0.6911503837897545,-0.5994052049800906
2.2410027595607191,0.6911503837897545,-0.7705847714517423
2.2828906616085827,0.6911503837897545,-0.9393938472166359
2.3247785636564471,0.6911503837897545,-1.1048651350955951
2.3666664657043106,0.6911503837897545,-1.2663179541349960
2.4085543677521750,0.6911503837897545,-1.4223087637062193
2.4504422698000385,0.6911503837897545,-1.5705002247306090
2.4923301718479025,0.6911503837897545,-1.7077947413703767
2.5342180738957665,0.6911503837897545,-1.8307535771040686
2.5761059759436304,0.6911503837897545,-1.9361229060530629
2.6179938779914940,0.6911503837897545,-2.0210282753633448
2.6598817800393584,0.6911503837897545,-2.0827705042169171
2.7017696820872219,0.6911503837897545,-2.1185096957284144
2.7436575841350863,0.6911503837897545,-2.1250694510843156
2.7855454861829498,0.6911503837897545,-2.0989215136008550
2.8274333882308138,0.6911503837897545,-2.0362922144739746
2.8693212902786778,0.6911503837897545,-1.9333049819660757
2.9112091923265417,0.6911503837897545,-1.7860912978850860
2.9530970943744053,0.6911503837897545,-1.5907920032428897
2.9949849964222697,0.6911503837897545,-1.3433756935773458
3.0368728984701332,0.6911503837897545,-1.0393677818452134
3.0787608005179976,0.6911503837897545,-0.6738800906752493
3.1206487025658611,0.6911503837897545,-0.2420970869581654
0.0209439510239320,0.7330382858376183,-0.2438721657355968
0.0628318530717960,0.7330382858376183,-0.6771582304097058
0.1047197551196597,0.7330382858376183,-1.0423541128521605
0.1466076571675237,0.7330382858376183,-1.3444568690204044
0.1884955592153876,0.7330382858376183,-1.5879915624523857
0.2303834612632514,0.7330382858376183,-1.7772001739477841
0.2722713633111153,0.7330382858376183,-1.9162731034268017
0.3141592653589793,0.7330382858376183,-2.0094869100297057
0.3560471674068433,0.7330382858376183,-2.0611891393330546
0.3979350694547070,0.7330382858376183,-2.0756528406241759
0.4398229715025710,0.7330382858376183,-2.0568767721263947
0.4817108735504350,0.7330382858376183,-2.0084286240074904
0.5235987755982989,0.7330382858376183,-1.9334167983014823
0.5654866776461627,0.7330382858376183,-1.8346284409192490
0.6073745796940266,0.7330382858376183,-1.7148090283091824
0.6492624817418906,0.7330382858376183,-1.5769879355324341
0.6911503837897545,0.7330382858376183,-1.4246126725104657
0.7330382858376183,0.7330382858376183,-1.2612153266077306
0.7749261878854823,0.7330382858376183,-1.0897651956010435
0.8168140899333461,0.7330382858376183,-0.9121894580151583
0.8587019919812100,0.7330382858376183,-0.7294139831449089
0.9005898940290740,0.7330382858376183,-0.5431660031554119
0.9424777960769379,0.7330382858376183,-0.3594693655610313
0.9843656981248019,0.7330382858376183,-0.1762414999904680
1.0262536001726656,0.7330382858376183,-0.0052593145618313
1.0681415022205296,0.7330382858376183,0.0826134565244064
1.1100294042683936,0.7330382858376183,0.1653577522620025
1.1519173063162575,0.7330382858376183,0.2423812510986642
1.1938052083641213,0.7330382858376183,0.3147443876365752
1.2356931104119853,0.7330382858376183,0.3811761578590863
1.2775810124598492,0.7330382858376183,0.4407509319051404
1.3194689145077132,0.7330382858376183,0.4930668403422417
1.3613568165555769,0.7330382858376183,0.5378764835130153
1.4032447186034409,0.7330382858376183,0.5749724134526331
1.4451326206513049,0.7330382858376183,0.6041726936774640
1.4870205226991688,0.7330382858376183,0.6253226275177862
1.5289084247470326,0.7330382858376183,0.6382951076828506
1.5707963267948966,0.7330382858376183,0.6429896935931604
1.6126842288427605,0.7330382858376183,0.6393328974094100
1.6545721308906245,0.7330382858376183,0.6272813239023197
1.6964600329384882,0.7330382858376183,0.6068281002290441
1.7383479349863524,0.7330382858376183,0.5780118571381948
1.7802358370342162,0.7330382858376183,0.5409263964899150
1.8221237390820799,0.7330382858376183,0.4957287353250607
1.8640116411299441,0.7330382858376183,0.4426468918712430
1.9058995431778079,0.7330382858376183,0.3820096500524258
1.9477874452256716,0.7330382858376183,0.3143896137687549
1.9896753472735358,0.7330382858376183,0.2409882673600384
2.0315632493213993,0.7330382858376183,0.1632795133057058
2.0734511513692637,0.7330382858376183,0.0803276823732755
2.1153390534171272,0.7330382858376183,-0.0077211105045474
2.1572269554649912,0.7330382858376183,-0.1783484578572160
2.1991148575128552,0.7330382858376183,-0.3602087155586105
2.2410027595607191,0.7330382858376183,-0.5437752924517187
2.2828906616085827,0.7330382858376183,-0.7297074649087091
2.3247785636564471,0.7330382858376183,-0.9114703440647023
2.3666664657043106,0.7330382858376183,-1.0875887583373800
2.4085543677521750,0.7330382858376183,-1.2578355308126168
2.4504422698000385,0.7330382858376183,-1.4208559731976997
2.4923301718479025,0.7330382858376183,-1.5737932644438388
2.5342180738957665,0.7330382858376183,-1.7127504876440440
2.5761059759436304,0.7330382858376183,-1.8337914884523159
2.6179938779914940,0.7330382858376183,-1.9335981441619283
2.6598817800393584,0.7330382858376183,-2.0093113767918886
2.7017696820872219,0.7330382858376183,-2.0580782394120241
2.7436575841350863,0.7330382858376183,-2.0767604520360892
2.7855454861829498,0.7330382858376183,-2.0618516408919931
2.8274333882308138,0.7330382858376183,-2.0095190886982648
2.8693212902786778,0.7330382858376183,-1.9157216114200164
2.9112091923265417,0.7330382858376183,-1.7763646711338255
2.9530970943744053,0.7330382858376183,-1.5873507998978342
2.9949849964222697,0.7330382858376183,-1.3443649178306161
3.0368728984701332,0.7330382858376183,-1.0427011008265183
3.0787608005179976,0.7330382858376183,-0.6774955063399385
3.1206487025658611,0.7330382858376183,-0.2438980113237777
0.0209439510239320,0.7749261878854823,-0.2450060971043813
0.0628318530717960,0.7749261878854823,-0.6789891463288830
0.1047197551196597,0.7749261878854823,-1.0428078725066927
0.1466076571675237,0.7749261878854823,-1.3415003940262686
0.1884955592153876,0.7749261878854823,-1.5797126371916632
0.2303834612632514,0.7749261878854823,-1.7618858445707084
0.2722713633111153,0.7749261878854823,-1.8924544163619565
0.3141592653589793,0.7749261878854823,-1.9759402220700859
0.3560471674068433,0.7749261878854823,-2.0168949282326194
0.3979350694547070,0.7749261878854823,-2.0197264006305513
0.4398229715025710,0.7749261878854823,-1.9884903233130653
0.4817108735504350,0.7749261878854823,-1.9267411223218249
0.5235987755982989,0.7749261878854823,-1.8375325720877489
0.5654866776461627,0.7749261878854823,-1.7236336498165883
0.6073745796940266,0.7749261878854823,-1.5879656855989190
0.6492624817418906,0.7749261878854823,-1.4340732969622034
0.6911503837897545,0.7749261878854823,-1.2660640560726204
0.7330382858376183,0.7749261878854823,-1.0876592992357217
0.7749261878854823,0.7749261878854823,-0.9010971578558005
0.8168140899333461,0.7749261878854823,-0.7070610216738992
0.8587019919812100,0.7749261878854823,-0.5077912076681672
0.9005898940290740,0.7749261878854823,-0.3106606131760544
0.9424777960769379,0.7749261878854823,-0.1136285876367494
0.9843656981248019,0.7749261878854823,0.0388219779012597
1.0262536001726656,0.7749261878854823,0.1336339588879654
1.0681415022205296,0.7749261878854823,0.2250261955935797
1.1100294042683936,0.7749261878854823,0.3130520515094574
1.1519173063162575,0.7749261878854823,0.3964171286232903
1.1938052083641213,0.7749261878854823,0.4735732323984905
1.2356931104119853,0.7749261878854823,0.5439240870260227
1.2775810124598492,0.7749261878854823,0.6070803666601711
1.3194689145077132,0.7749261878854823,0.6626717048449294
1.3613568165555769,0.7749261878854823,0.7103603195163725
1.4032447186034409,0.7749261878854823,0.7498631334150605
1.4451326206513049,0.7749261878854823,0.7809554222031997
1.4870205226991688,0.7749261878854823,0.8034632337060091
1.5289084247470326,0.7749261878854823,0.8172530774596150
1.5707963267948966,0.7749261878854823,0.8222239760480364
1.6126842288427605,0.7749261878854823,0.8183042497468974
1.6545721308906245,0.7749261878854823,0.8054538663275436
1.6964600329384882,0.7749261878854823,0.7836723848418656
1.7383479349863524,0.7749261878854823,0.7530119132163617
1.7802358370342162,0.7749261878854823,0.7135935885746211
1.8221237390820799,0.7749261878854823,0.6656244438537912
1.8640116411299441,0.7749261878854823,0.6094089792795083
1.9058995431778079,0.7749261878854823,0.5453474242490591
1.9477874452256716,0.7749261878854823,0.4739173657039598
1.9896753472735358,0.7749261878854823,0.3956779683027093
2.0315632493213993,0.7749261878854823,0.3115022585226873
2.0734511513692637,0.7749261878854823,0.2232469177267275
2.1153390534171272,0.7749261878854823,0.1319549679139970
2.1572269554649912,0.7749261878854823,0.0374285012954366
2.1991148575128552,0.7749261878854823,-0.1154426568832585
2.2410027595607191,0.7749261878854823,-0.3106938296630194
2.2828906616085827,0.7749261878854823,-0.5077444369338154
2.3247785636564471,0.7749261878854823,-0.7069466196182763
2.3666664657043106,0.7749261878854823,-0.9001633174067786
2.4085543677521750,0.7749261878854823,-1.0853487884478479
2.4504422698000385,0.7749261878854823,-1.2627457462223444
2.4923301718479025,0.7749261878854823,-1.4307912012239203
2.5342180738957665,0.7749261878854823,-1.5856900002094729
2.5761059759436304,0.7749261878854823,-1.7227496821114270
2.6179938779914940,0.7749261878854823,-1.8379139709880450
2.6598817800393584,0.7749261878854823,-1.9279765450518977
2.7017696820872219,0.7749261878854823,-1.9900128039093752
2.7436575841350863,0.7749261878854823,-2.0209510674473465
2.7855454861829498,0.7749261878854823,-2.0173907977515699
2.8274333882308138,0.7749261878854823,-1.9755523338322531
2.8693212902786778,0.7749261878854823,-1.8913494194864140
2.9112091923265417,0.7749261878854823,-1.7605390683602380
2.9530970943744053,0.7749261878854823,-1.5786674772761855
2.9949849964222697,0.7749261878854823,-1.3409186913008102
3.0368728984701332,0.7749261878854823,-1.0425433526630052
3.0787608005179976,0.7749261878854823,-0.6788745009876226
3.1206487025658611,0.7749261878854823,-0.2449199639007050
0.0209439510239320,0.8168140899333461,-0.2454480493715379
0.0628318530717960,0.8168140899333461,-0.6789025964582621
0.1047197551196597,0.8168140899333461,-1.0402730522973664
0.1466076571675237,0.8168140899333461,-1.3346113848596339
0.1884955592153876,0.8168140899333461,-1.5667389529542857
0.2303834612632514,0.8168140899333461,-1.7413624259971152
0.2722713633111153,0.8168140899333461,-1.8631481574277560
0.3141592653589793,0.8168140899333461,-1.9367734875997660
0.3560471674068433,0.8168140899333461,-1.9668742206526930
0.3979350694547070,0.8168140899333461,-1.9578868732859451
0.4398229715025710,0.8168140899333461,-1.9138616461169780
0.4817108735504350,0.8168140899333461,-1.8383373879133957
0.5235987755982989,0.8168140899333461,-1.7343799036293837
0.5654866776461627,0.8168140899333461,-1.6048960337544957
0.6073745796940266,0.8168140899333461,-1.4532552553532150
0.6492624817418906,0.8168140899333461,-1.2837683371583384
0.6911503837897545,0.8168140899333461,-1.1009673982641039
0.7330382858376183,0.8168140899333461,-0.9077751639991648
0.7749261878854823,0.8168140899333461,-0.7047615119315835
0.8168140899333461,0.8168140899333461,-0.4942729600651725
0.8587019919812100,0.8168140899333461,-0.2845107555004102
0.9005898940290740,0.8168140899333461,-0.0733494456218511
0.9424777960769379,0.8168140899333461,0.0670957381594331
0.9843656981248019,0.8168140899333461,0.1708615786493403
1.0262536001726656,0.8168140899333461,0.2716779210077395
1.0681415022205296,0.8168140899333461,0.3702529555078205
1.1100294042683936,0.8168140899333461,0.4640711467868813
1.1519173063162575,0.8168140899333461,0.5520317173860086
1.1938052083641213,0.8168140899333461,0.6336058827680736
1.2356931104119853,0.8168140899333461,0.7082259757163823
1.2775810124598492,0.8168140899333461,0.7753141452262627
1.3194689145077132,0.8168140899333461,0.8343654810852744
1.3613568165555769,0.8168140899333461,0.8849799815228507
1.4032447186034409,0.8168140899333461,0.9268571622039512
1.4451326206513049,0.8168140899333461,0.9597754503966675
1.4870205226991688,0.8168140899333461,0.9835701951698932
1.5289084247470326,0.8168140899333461,0.9981165540331246
1.5707963267948966,0.8168140899333461,1.0033191251803526
1.6126842288427605,0.8168140899333461,0.9991083314202938
1.6545721308906245,0.8168140899333461,0.9854431021457879
1.6964600329384882,0.8168140899333461,0.9623195003130217
1.7383479349863524,0.8168140899333461,0.9297851052748809
1.7802358370342162,0.8168140899333461,0.8879588460292337
1.8221237390820799,0.8168140899333461,0.8370551580007932
1.8640116411299441,0.8168140899333461,0.7774091572733463
1.9058995431778079,0.8168140899333461,0.7094952635526021
1.9477874452256716,0.8168140899333461,0.6339254209562611
1.9896753472735358,0.8168140899333461,0.5514084799655254
2.0315632493213993,0.8168140899333461,0.4626700056539549
2.0734511513692637,0.8168140899333461,0.3684675707279443
2.1153390534171272,0.8168140899333461,0.2702298232643666
2.1572269554649912,0.8168140899333461,0.1702434526882532
2.1991148575128552,0.8168140899333461,0.0669563160196152
2.2410027595607191,0.8168140899333461,-0.0736206568704844
2.2828906616085827,0.8168140899333461,-0.2834685582477666
2.3247785636564471,0.8168140899333461,-0.4936198658092147
2.3666664657043106,0.8168140899333461,-0.7044943909431840
2.4085543677521750,0.8168140899333461,-0.9069745893037868
2.4504422698000385,0.8168140899333461,-1.0991040391743061
2.4923301718479025,0.8168140899333461,-1.2815020497729366
2.5342180738957665,0.8168140899333461,-1.4517272969053305
2.5761059759436304,0.8168140899333461,-1.6047297114431565
2.6179938779914940,0.8168140899333461,-1.7354726883487055
2.6598817800393584,0.8168140899333461,-1.8401495299315482
2.7017696820872219,0.8168140899333461,-1.9156643454504381
2.7436575841350863,0.8168140899333461,-1.9590075185417819
2.7855454861829498,0.8168140899333461,-1.9669327607859775
2.8274333882308138,0.8168140899333461,-1.9358045217920867
2.8693212902786778,0.8168140899333461,-1.8616131940970901
2.9112091923265417,0.8168140899333461,-1.7399338853077591
2.9530970943744053,0.8168140899333461,-1.5656237727447744
2.9949849964222697,0.8168140899333461,-1.3335903223047541
3.0368728984701332,0.8168140899333461,-1.0394053029910146
3.0787608005179976,0.8168140899333461,-0.6783987438646865
3.1206487025658611,0.8168140899333461,-0.2452991577570632
0.0209439510239320,0.8587019919812100,-0.2452623932799565
0.0628318530717960,0.8587019919812100,-0.6771002606701315
0.1047197551196597,0.8587019919812100,-1.0351858977539983
0.1466076571675237,0.8587019919812100,-1.3245247240766376
0.1884955592153876,0.8587019919812100,-1.5500222117383564
0.2303834612632514,0.8587019919812100,-1.7166852172708520
0.2722713633111153,0.8587019919812100,-1.8294549887773504
0.3141592653589793,0.8587019919812100,-1.8930952898238531
0.3560471674068433,0.8587019919812100,-1.9122116018288733
0.3979350694547070,0.8587019919812100,-1.8911869651985980
0.4398229715025710,0.8587019919812100,-1.8340467372085323
0.4817108735504350,0.8587019919812100,-1.7443640479398854
0.5235987755982989,0.8587019919812100,-1.6253412962127276
0.5654866776461627,0.8587019919812100,-1.4802486603396150
0.6073745796940266,0.8587019919812100,-1.3131996043084251
0.6492624817418906,0.8587019919812100,-1.1292304251336285
0.6911503837897545,0.8587019919812100,-0.9323219133157429
0.7330382858376183,0.8587019919812100,-0.7232989685108089
0.7749261878854823,0.8587019919812100,-0.5037764324649293
0.8168140899333461,0.8587019919812100,-0.2828258181000064
0.8587019919812100,0.8587019919812100,-0.0575724462688881
0.9005898940290740,0.8587019919812100,0.0820510682724342
0.9424777960769379,0.8587019919812100,0.1938364904787156
0.9843656981248019,0.8587019919812100,0.3039198187465871
1.0262536001726656,0.8587019919812100,0.4122055841083247
1.0681415022205296,0.8587019919812100,0.5160983399884920
1.1100294042683936,0.8587019919812100,0.6148497929847524
1.1519173063162575,0.8587019919812100,0.7078482154660659
1.1938052083641213,0.8587019919812100,0.7942802529096314
1.2356931104119853,0.8587019919812100,0.8733245699765554
1.2775810124598492,0.8587019919812100,0.9442875823473776
1.3194689145077132,0.8587019919812100,1.0066398345126404
1.3613568165555769,0.8587019919812100,1.0599972857013105
1.4032447186034409,0.8587019919812100,1.1040847447751609
1.4451326206513049,0.8587019919812100,1.1387013692874721
1.4870205226991688,0.8587019919812100,1.1636952584437421
1.5289084247470326,0.8587019919812100,1.1789476085557495
1.5707963267948966,0.8587019919812100,1.1843647801246338
1.6126842288427605,0.8587019919812100,1.1798766300725880
1.6545721308906245,0.8587019919812100,1.1654400895372816
1.6964600329384882,0.8587019919812100,1.1410475752852012
1.7383479349863524,0.8587019919812100,1.1067402791723913
1.7802358370342162,0.8587019919812100,1.0626267154355431
1.8221237390820799,0.8587019919812100,1.0089070139754213
1.8640116411299441,0.8587019919812100,0.9459027820324182
1.9058995431778079,0.8587019919812100,0.8740896979944881
1.9477874452256716,0.8587019919812100,0.7941237019378676
1.9896753472735358,0.8587019919812100,0.7068409643533263
2.0315632493213993,0.8587019919812100,0.6131998669768997
2.0734511513692637,0.8587019919812100,0.5141365690000781
2.1153390534171272,0.8587019919812100,0.4104119460499242
2.1572269554649912,0.8587019919812100,0.3030323549699734
2.1991148575128552,0.8587019919812100,0.1943826996195562
2.2410027595607191,0.8587019919812100,0.0831611901061744
2.2828906616085827,0.8587019919812100,-0.0563174411860950
2.3247785636564471,0.8587019919812100,-0.2808930769754358
2.3666664657043106,0.8587019919812100,-0.5030329915604945
2.4085543677521750,0.8587019919812100,-0.7234117602451250
2.4504422698000385,0.8587019919812100,-0.9321798891040294
2.4923301718479025,0.8587019919812100,-1.1286544993459888
2.5342180738957665,0.8587019919812100,-1.3131347042884145
2.5761059759436304,0.8587019919812100,-1.4814144879302544
2.6179938779914940,0.8587019919812100,-1.6275614249689450
2.6598817800393584,0.8587019919812100,-1.7468998602205665
2.7017696820872219,0.8587019919812100,-1.8360222127585930
2.7436575841350863,0.8587019919812100,-1.8919430403301829
2.7855454861829498,0.8587019919812100,-1.9115837428132720
2.8274333882308138,0.8587019919812100,-1.8915306525316173
2.8693212902786778,0.8587019919812100,-1.8278855895331394
2.9112091923265417,0.8587019919812100,-1.7155724219065203
2.9530970943744053,0.8587019919812100,-1.5488160814526288
2.9949849964222697,0.8587019919812100,-1.3230204765729272
3.0368728984701332,0.8587019919812100,-1.0338668291600537
3.0787608005179976,0.8587019919812100,-0.6764318446728780
3.1206487025658611,0.8587019919812100,-0.2451552360826925
0.0209439510239320,0.9005898940290740,-0.2445364589190049
0.0628318530717960,0.9005898940290740,-0.6737794270295345
0.1047197551196597,0.9005898940290740,-1.0278525935046443
0.1466076571675237,0.9005898940290740,-1.3118145772538037
0.1884955592153876,0.9005898940290740,-1.5304767908340704
0.2303834612632514,0.9005898940290740,-1.6888883614488928
0.2722713633111153,0.9005898940290740,-1.7923437796347415
0.3141592653589793,0.9005898940290740,-1.8457920320412755
0.3560471674068433,0.9005898940290740,-1.8537524376232350
0.3979350694547070,0.9005898940290740,-1.8204992037119476
0.4398229715025710,0.9005898940290740,-1.7500474828103652
0.4817108735504350,0.9005898940290740,-1.6460881835148231
0.5235987755982989,0.9005898940290740,-1.5121178558492447
0.5654866776461627,0.9005898940290740,-1.3520209200820166
0.6073745796940266,0.9005898940290740,-1.1707953498777057
0.6492624817418906,0.9005898940290740,-0.9734959856528699
0.6911503837897545,0.9005898940290740,-0.7619626964058528
0.7330382858376183,0.9005898940290740,-0.5364919216708868
0.7749261878854823,0.9005898940290740,-0.3063462599303018
0.8168140899333461,0.9005898940290740,-0.0703695880832239
0.8587019919812100,0.9005898940290740,0.0826934475682472
0.9005898940290740,0.9005898940290740,0.2020774803785647
0.9424777960769379,0.9005898940290740,0.3206745782281005
0.9843656981248019,0.9005898940290740,0.4379339737980376
1.0262536001726656,0.9005898940290740,0.5514104950287080
1.0681415022205296,0.9005898940290740,0.6606383233872236
1.1100294042683936,0.9005898940290740,0.7649222132526547
1.1519173063162575,0.9005898940290740,0.8631976248968350
1.1938052083641213,0.9005898940290740,0.9543817760634432
1.2356931104119853,0.9005898940290740,1.0375740994665634
1.2775810124598492,0.9005898940290740,1.1121016611707990
1.3194689145077132,0.9005898940290740,1.1774852172267616
1.3613568165555769,0.9005898940290740,1.2333838075325176
1.4032447186034409,0.9005898940290740,1.2795468443450451
1.4451326206513049,0.9005898940290740,1.3157816353880314
1.4870205226991688,0.9005898940290740,1.3419343737320419
1.5289084247470326,0.9005898940290740,1.3578803555661652
1.5707963267948966,0.9005898940290740,1.3635201970109314
1.6126842288427605,0.9005898940290740,1.3587803782670704
1.6545721308906245,0.9005898940290740,1.3436174966385097
1.6964600329384882,0.9005898940290740,1.3180260703548172
1.7383479349863524,0.9005898940290740,1.2820498871654900
1.7802358370342162,0.9005898940290740,1.2357970994278058
1.8221237390820799,0.9005898940290740,1.1794598015644260
1.8640116411299441,0.9005898940290740,1.1133395794962213
1.9058995431778079,0.9005898940290740,1.0378805073842765
1.9477874452256716,0.9005898940290740,0.9537079727277169
1.9896753472735358,0.9005898940290740,0.8616624169148496
2.0315632493213993,0.9005898940290740,0.7628001907460851
2.0734511513692637,0.9005898940290740,0.6583137545498109
2.1153390534171272,0.9005898940290740,0.5493183999961242
2.1572269554649912,0.9005898940290740,0.4365516907891772
2.1991148575128552,0.9005898940290740,0.3206297607167813
2.2410027595607191,0.9005898940290740,0.2036814687178831
2.2828906616085827,0.9005898940290740,0.0845567321488760
2.3247785636564471,0.9005898940290740,-0.0681368158625851
2.3666664657043106,0.9005898940290740,-0.3043321375992210
2.4085543677521750,0.9005898940290740,-0.5364120756542852
2.4504422698000385,0.9005898940290740,-0.7629353977301843
2.4923301718479025,0.9005898940290740,-0.9745755784155110
2.5342180738957665,0.9005898940290740,-1.1723603705738874
2.5761059759436304,0.9005898940290740,-1.3546931587795270
2.6179938779914940,0.9005898940290740,-1.5155478401665581
2.6598817800393584,0.9005898940290740,-1.6492560769341784
2.7017696820872219,0.9005898940290740,-1.7519379021315320
2.7436575841350863,0.9005898940290740,-1.8205769835958019
2.7855454861829498,0.9005898940290740,-1.8522742098268732
2.8274333882308138,0.9005898940290740,-1.8439093138098326
2.8693212902786778,0.9005898940290740,-1.7912233067801853
2.9112091923265417,0.9005898940290740,-1.6879476019693984
2.9530970943744053,0.9005898940290740,-1.5289089957520663
2.9949849964222697,0.9005898940290740,-1.3099452452529929
3.0368728984701332,0.9005898940290740,-1.0264650700721041
3.0787608005179976,0.9005898940290740,-0.6732795747262198
3.1206487025658611,0.9005898940290740,-0.2445841470691209
0.0209439510239320,0.9424777960769379,-0.2433915183187235
0.0628318530717960,0.9424777960769379,-0.6692424745173883
0.1047197551196597,0.9424777960769379,-1.0186229732483958
0.1466076571675237,0.9424777960769379,-1.2968124158761802
0.1884955592153876,0.9424777960769379,-1.5086728864572490
0.2303834612632514,0.9424777960769379,-1.6589160777705501
0.2722713633111153,0.9424777960769379,-1.7527650502893639
0.3141592653589793,0.9424777960769379,-1.7956711141438808
0.3560471674068433,0.9424777960769379,-1.7922820701093345
0.3979350694547070,0.9424777960769379,-1.7467386699155651
0.4398229715025710,0.9424777960769379,-1.6630517131929721
0.4817108735504350,0.9424777960769379,-1.5451056944000898
0.5235987755982989,0.9424777960769379,-1.3968416116788598
0.5654866776461627,0.9424777960769379,-1.2229364334339126
0.6073745796940266,0.9424777960769379,-1.0289535302684960
0.6492624817418906,0.9424777960769379,-0.8184663105825165
0.6911503837897545,0.9424777960769379,-0.5911615086750711
0.7330382858376183,0.9424777960769379,-0.3542721534464534
0.7749261878854823,0.9424777960769379,-0.1100094157392846
0.8168140899333461,0.9424777960769379,0.0686570284911440
0.8587019919812100,0.9424777960769379,0.1950954511191075
0.9005898940290740,0.9424777960769379,0.3213526748297773
0.9424777960769379,0.9424777960769379,0.4469222079839416
0.9843656981248019,0.9424777960769379,0.5693236623285987
1.0262536001726656,0.9424777960769379,0.6884044438105439
1.0681415022205296,0.9424777960769379,0.8034995974367483
1.1100294042683936,0.9424777960769379,0.9133382078027283
1.1519173063162575,0.9424777960769379,1.0165729455538728
1.1938052083641213,0.9424777960769379,1.1120789223044667
1.2356931104119853,0.9424777960769379,1.1990236991950785
1.2775810124598492,0.9424777960769379,1.2768193965516457
1.3194689145077132,0.9424777960769379,1.3450448493414009
1.3613568165555769,0.9424777960769379,1.4033820768326699
1.4032447186034409,0.9424777960769379,1.4515774772296672
1.4451326206513049,0.9424777960769379,1.4894221735408333
1.4870205226991688,0.9424777960769379,1.5167430997766775
1.5289084247470326,0.9424777960769379,1.5333991649354812
1.5707963267948966,0.9424777960769379,1.5392801675790617
1.6126842288427605,0.9424777960769379,1.5343081850644607
1.6545721308906245,0.9424777960769379,1.5184418463136917
1.6964600329384882,0.9424777960769379,1.4916837130945397
1.7383479349863524,0.9424777960769379,1.4540904748619736
1.7802358370342162,0.9424777960769379,1.4057852990021968
1.8221237390820799,0.9424777960769379,1.3469719855367623
1.8640116411299441,0.9424777960769379,1.2779519712403000
1.9058995431778079,0.9424777960769379,1.1991474752011924
1.9477874452256716,0.9424777960769379,1.1111352757473114
1.9896753472735358,0.9424777960769379,1.0146915184794925
2.0315632493213993,0.9424777960769379,0.9108334638604839
2.0734511513692637,0.9424777960769379,0.8008181296738688
2.1153390534171272,0.9424777960769379,0.6860290877470950
2.1572269554649912,0.9424777960769379,0.5676749138236370
2.1991148575128552,0.9424777960769379,0.4463429063042040
2.2410027595607191,0.9424777960769379,0.3222331518356429
2.2828906616085827,0.9424777960769379,0.1972867194156938
2.3247785636564471,0.9424777960769379,0.0703111385856299
2.3666664657043106,0.9424777960769379,-0.1083130303497451
2.4085543677521750,0.9424777960769379,-0.3532026435507092
2.4504422698000385,0.9424777960769379,-0.5921978256319871
2.4923301718479025,0.9424777960769379,-0.8205032399241454
2.5342180738957665,0.9424777960769379,-1.0317153000751151
2.5761059759436304,0.9424777960769379,-1.2267556721711759
2.6179938779914940,0.9424777960769379,-1.4011289464683778
2.6598817800393584,0.9424777960769379,-1.5485051312788924
2.7017696820872219,0.9424777960769379,-1.6644258497276148
2.7436575841350863,0.9424777960769379,-1.7458124216845006
2.7855454861829498,0.9424777960769379,-1.7900340307168596
2.8274333882308138,0.9424777960769379,-1.7940725220075739
2.8693212902786778,0.9424777960769379,-1.7519877467150617
2.9112091923265417,0.9424777960769379,-1.6575795248959875
2.9530970943744053,0.9424777960769379,-1.5067291880573299
2.9949849964222697,0.9424777960769379,-1.2950409876905709
3.0368728984701332,0.9424777960769379,-1.0176525522226183
3.0787608005179976,0.9424777960769379,-0.6691922164945245
3.1206487025658611,0.9424777960769379,-0.2436617090550190
0.0209439510239320,0.9843656981248019,-0.2419615650281820
0.0628318530717960,0.9843656981248019,-0.6638671784840858
0.1047197551196597,0.9843656981248019,-1.0080318194804758
0.1466076571675237,0.9843656981248019,-1.2799830063188855
0.1884955592153876,0.9843656981248019,-1.4848371717644726
0.2303834612632514,0.9843656981248019,-1.6272544360284804
0.2722713633111153,0.9843656981248019,-1.7117247777572084
0.3141592653589793,0.9843656981248019,-1.7437169066753722
0.3560471674068433,0.9843656981248019,-1.7287510237606394
0.3979350694547070,0.9843656981248019,-1.6710525338674105
0.4398229715025710,0.9843656981248019,-1.5745611438054645
0.4817108735504350,0.9843656981248019,-1.4433620953626021
0.5235987755982989,0.9843656981248019,-1.2819234286039196
0.5654866776461627,0.9843656981248019,-1.0956340524849131
0.6073745796940266,0.9843656981248019,-0.8895888681390436
0.6492624817418906,0.9843656981248019,-0.6647502890534609
0.6911503837897545,0.9843656981248019,-0.4244545370616147
0.7330382858376183,0.9843656981248019,-0.1724689159996289
0.7749261878854823,0.9843656981248019,0.0404340706672571
0.8168140899333461,0.9843656981248019,0.1726585376293624
0.8587019919812100,0.9843656981248019,0.3056829561521316
0.9005898940290740,0.9843656981248019,0.4389491214168862
0.9424777960769379,0.9843656981248019,0.5695419559131544
0.9843656981248019,0.9843656981248019,0.6976156058134958
1.0262536001726656,0.9843656981248019,0.8227505838440826
1.0681415022205296,0.9843656981248019,0.9435784660500253
1.1100294042683936,0.9843656981248019,1.0585066192312871
1.1519173063162575,0.9843656981248019,1.1661699177137639
1.1938052083641213,0.9843656981248019,1.2655576543026941
1.2356931104119853,0.9843656981248019,1.3559600572761634
1.2775810124598492,0.9843656981248019,1.4368638695413058
1.3194689145077132,0.9843656981248019,1.5078679732664007
1.3613568165555769,0.9843656981248019,1.5686370813508081
1.4032447186034409,0.9843656981248019,1.6188838713000733
1.4451326206513049,0.9843656981248019,1.6583644988281174
1.4870205226991688,0.9843656981248019,1.6868774606082821
1.5289084247470326,0.9843656981248019,1.7042621481287645
1.5707963267948966,0.9843656981248019,1.7103974279572649
1.6126842288427605,0.9843656981248019,1.7052019949871289
1.6545721308906245,0.9843656981248019,1.6886380261790610
1.6964600329384882,0.9843656981248019,1.6607186783080470
1.7383479349863524,0.9843656981248019,1.6215187454780757
1.7802358370342162,0.9843656981248019,1.5711867040181744
1.8221237390820799,0.9843656981248019,1.5099559671070377
1.8640116411299441,0.9843656981248019,1.4381542682462627
1.9058995431778079,0.9843656981248019,1.3562133824975651
1.9477874452256716,0.9843656981248019,1.2646861960290567
1.9896753472735358,0.9843656981248019,1.1642806290417895
2.0315632493213993,0.9843656981248019,1.0559127488470210
2.0734511513692637,0.9843656981248019,0.9407577165273933
2.1153390534171272,0.9843656981248019,0.8202392365852136
2.1572269554649912,0.9843656981248019,0.6958625901446606
2.1991148575128552,0.9843656981248019,0.5687950482112081
2.2410027595607191,0.9843656981248019,0.4392845147887779
2.2828906616085827,0.9843656981248019,0.3071642380018345
2.3247785636564471,0.9843656981248019,0.1745077496173734
2.3666664657043106,0.9843656981248019,0.0408561818001698
2.4085543677521750,0.9843656981248019,-0.1715426394018476
2.4504422698000385,0.9843656981248019,-0.4247414327517280
2.4923301718479025,0.9843656981248019,-0.6667507241885055
2.5342180738957665,0.9843656981248019,-0.8927010195331393
2.5761059759436304,0.9843656981248019,-1.0998392054659973
2.6179938779914940,0.9843656981248019,-1.2863701190222978
2.6598817800393584,0.9843656981248019,-1.4463609484570430
2.7017696820872219,0.9843656981248019,-1.5749021243115611
2.7436575841350863,0.9843656981248019,-1.6689381045904186
2.7855454861829498,0.9843656981248019,-1.7262990423363955
2.8274333882308138,0.9843656981248019,-1.7426535992344734
2.8693212902786778,0.9843656981248019,-1.7104875850936683
2.9112091923265417,0.9843656981248019,-1.6253690059708090
2.9530970943744053,0.9843656981248019,-1.4830853663210724
2.9949849964222697,0.9843656981248019,-1.2789013186385549
3.0368728984701332,0.9843656981248019,-1.0078294544217072
3.0787608005179976,0.9843656981248019,-0.6643939922126556
3.1206487025658611,0.9843656981248019,-0.2424564135293349
0.0209439510239320,1.0262536001726656,-0.2403808567765213
0.0628318530717960,1.0262536001726656,-0.6580424029247746
0.1047197551196597,1.0262536001726656,-0.9966930240755666
0.1466076571675237,1.0262536001726656,-1.2620707069000703
0.1884955592153876,1.0262536001726656,-1.4595282113966712
0.2303834612632514,1.0262536001726656,-1.5940061868902218
0.2722713633111153,1.0262536001726656,-1.6698300210873105
0.3141592653589793,1.0262536001726656,-1.6912780028700867
0.3560471674068433,1.0262536001726656,-1.6644803036103866
0.3979350694547070,1.0262536001726656,-1.5948804625964903
0.4398229715025710,1.0262536001726656,-1.4863267912287099
0.4817108735504350,1.0262536001726656,-1.3429487060190062
0.5235987755982989,1.0262536001726656,-1.1696430717666475
0.5654866776461627,1.0262536001726656,-0.9719422187598347
0.6073745796940266,1.0262536001726656,-0.7531351260016497
0.6492624817418906,1.0262536001726656,-0.5141696391869787
0.6911503837897545,1.0262536001726656,-0.2621527198631404
0.7330382858376183,1.0262536001726656,-0.0039930297119778
0.7749261878854823,1.0262536001726656,0.1348763634490908
0.8168140899333461,1.0262536001726656,0.2737413438346378
0.8587019919812100,1.0262536001726656,0.4139766752888591
0.9005898940290740,1.0262536001726656,0.5520971616044303
0.9424777960769379,1.0262536001726656,0.6881892186820969
0.9843656981248019,1.0262536001726656,0.8223567634018645
1.0262536001726656,1.0262536001726656,0.9533322057637438
1.0681415022205296,1.0262536001726656,1.0793371950186752
1.1100294042683936,1.0262536001726656,1.1987563277933910
1.1519173063162575,1.0262536001726656,1.3103768444600115
1.1938052083641213,1.0262536001726656,1.4133528472571182
1.2356931104119853,1.0262536001726656,1.5070728173016765
1.2775810124598492,1.0262536001726656,1.5910447118117206
1.3194689145077132,1.0262536001726656,1.6648362674475292
1.3613568165555769,1.0262536001726656,1.7280596390008223
1.4032447186034409,1.0262536001726656,1.7803758042843973
1.4451326206513049,1.0262536001726656,1.8215007430009407
1.4870205226991688,1.0262536001726656,1.8512064234567061
1.5289084247470326,1.0262536001726656,1.8693171839680320
1.5707963267948966,1.0262536001726656,1.8757050635581511
1.6126842288427605,1.0262536001726656,1.8702876511089850
1.6545721308906245,1.0262536001726656,1.8530307657391925
1.6964600329384882,1.0262536001726656,1.8239566564499907
1.7383479349863524,1.0262536001726656,1.7831566955473401
1.7802358370342162,1.0262536001726656,1.7308058391659285
1.8221237390820799,1.0262536001726656,1.6671748178224104
1.8640116411299441,1.0262536001726656,1.5926360864250719
1.9058995431778079,1.0262536001726656,1.5076624955981326
1.9477874452256716,1.0262536001726656,1.4128243250518666
1.9896753472735358,1.0262536001726656,1.3087985958837123
2.0315632493213993,1.0262536001726656,1.1964068941381023
2.0734511513692637,1.0262536001726656,1.0766829576250452
2.1153390534171272,1.0262536001726656,0.9509330866881588
2.1572269554649912,1.0262536001726656,0.8207021624826311
2.1991148575128552,1.0262536001726656,0.6875222967896506
2.2410027595607191,1.0262536001726656,0.5523416250961379
2.2828906616085827,1.0262536001726656,0.4148843930160950
2.3247785636564471,1.0262536001726656,0.2750490130731029
2.3666664657043106,1.0262536001726656,0.1352581673612575
2.4085543677521750,1.0262536001726656,-0.0047721935601967
2.4504422698000385,1.0262536001726656,-0.2618434775343890
2.4923301718479025,1.0262536001726656,-0.5153477417412371
2.5342180738957665,1.0262536001726656,-0.7556772304821786
2.5761059759436304,1.0262536001726656,-0.9756322794965404
2.6179938779914940,1.0262536001726656,-1.1734276094772824
2.6598817800393584,1.0262536001726656,-1.3448793448010363
2.7017696820872219,1.0262536001726656,-1.4852304983587497
2.7436575841350863,1.0262536001726656,-1.5918449617544772
2.7855454861829498,1.0262536001726656,-1.6626186204442501
2.8274333882308138,1.0262536001726656,-1.6898933009397679
2.8693212902786778,1.0262536001726656,-1.6677754709717438
2.9112091923265417,1.0262536001726656,-1.5923385648972737
2.9530970943744053,1.0262536001726656,-1.4587413605605253
2.9949849964222697,1.0262536001726656,-1.2620958515302059
3.0368728984701332,1.0262536001726656,-0.9973964846658685
3.0787608005179976,1.0262536001726656,-0.6591223706489910
3.1206487025658611,1.0262536001726656,-0.2410464687593414
0.0209439510239320,1.0681415022205296,-0.2387807166881043
0.0628318530717960,1.0681415022205296,-0.6521507157180448
0.1047197551196597,1.0681415022205296,-0.9852215408251616
0.1466076571675237,1.0681415022205296,-1.2439076719557285
0.1884955592153876,1.0681415022205296,-1.4337328218473071
0.2303834612632514,1.0681415022205296,-1.5598934208488153
0.2722713633111153,1.0681415022205296,-1.6271518155410876
0.3141592653589793,1.0681415022205296,-1.6394496169645105
0.3560471674068433,1.0681415022205296,-1.6012676423548198
0.3979350694547070,1.0681415022205296,-1.5198839942680749
0.4398229715025710,1.0681415022205296,-1.4001185255863851
0.4817108735504350,1.0681415022205296,-1.2457441021074656
0.5235987755982989,1.0681415022205296,-1.0616134033690727
0.5654866776461627,1.0681415022205296,-0.8523798781312568
0.6073745796940266,1.0681415022205296,-0.6197534967661145
0.6492624817418906,1.0681415022205296,-0.3705781329211952
0.6911503837897545,1.0681415022205296,-0.1040837172124478
0.7330382858376183,1.0681415022205296,0.0828753477027180
0.7749261878854823,1.0681415022205296,0.2263340384906432
0.8168140899333461,1.0681415022205296,0.3721349694508172
0.8587019919812100,1.0681415022205296,0.5172428742160681
0.9005898940290740,1.0681415022205296,0.6604251770375953
0.9424777960769379,1.0681415022205296,0.8024698679429800
0.9843656981248019,1.0681415022205296,0.9425188514114218
1.0262536001726656,1.0681415022205296,1.0787388104866711
1.0681415022205296,1.0681415022205296,1.2092734120585586
1.1100294042683936,1.0681415022205296,1.3326772097385831
1.1519173063162575,1.0681415022205296,1.4479464690571160
1.1938052083641213,1.0681415022205296,1.5543689326552415
1.2356931104119853,1.0681415022205296,1.6513660617778185
1.2775810124598492,1.0681415022205296,1.7384058903457087
1.3194689145077132,1.0681415022205296,1.8149852464675675
1.3613568165555769,1.0681415022205296,1.8806466315947248
1.4032447186034409,1.0681415022205296,1.9349984801932443
1.4451326206513049,1.0681415022205296,1.9777242487988405
1.4870205226991688,1.0681415022205296,2.0085795197658398
1.5289084247470326,1.0681415022205296,2.0273825798484912
1.5707963267948966,1.0681415022205296,2.0340047332193949
1.6126842288427605,1.0681415022205296,2.0283650081233686
1.6545721308906245,1.0681415022205296,2.0104318337230791
1.6964600329384882,1.0681415022205296,1.9802323350757349
1.7383479349863524,1.0681415022205296,1.9378680296464552
1.7802358370342162,1.0681415022205296,1.8835336614650073
1.8221237390820799,1.0681415022205296,1.8175337736309549
1.8640116411299441,1.0681415022205296,1.7402903037564836
1.9058995431778079,1.0681415022205296,1.6523359515872580
1.9477874452256716,1.0681415022205296,1.5542946494000218
1.9896753472735358,1.0681415022205296,1.4468623691119875
2.0315632493213993,1.0681415022205296,1.3308128450418928
2.0734511513692637,1.0681415022205296,1.2070501089396510
2.1153390534171272,1.0681415022205296,1.0766993273976944
2.1572269554649912,1.0681415022205296,0.9411713611486415
2.1991148575128552,1.0681415022205296,0.8020801795861990
2.2410027595607191,1.0681415022205296,0.6608668981555391
2.2828906616085827,1.0681415022205296,0.5180569624192458
2.3247785636564471,1.0681415022205296,0.3728589148121225
2.3666664657043106,1.0681415022205296,0.2265028233531707
2.4085543677521750,1.0681415022205296,0.0813777009522796
2.4504422698000385,1.0681415022205296,-0.1048925984047115
2.4923301718479025,1.0681415022205296,-0.3707615133514739
2.5342180738957665,1.0681415022205296,-0.6211193366263972
2.5761059759436304,1.0681415022205296,-0.8547999231434973
2.6179938779914940,1.0681415022205296,-1.0640180222656388
2.6598817800393584,1.0681415022205296,-1.2461084418136841
2.7017696820872219,1.0681415022205296,-1.3975565376198642
2.7436575841350863,1.0681415022205296,-1.5169417469181217
2.7855454861829498,1.0681415022205296,-1.5996145915212094
2.8274333882308138,1.0681415022205296,-1.6369091263989419
2.8693212902786778,1.0681415022205296,-1.6251936477095388
2.9112091923265417,1.0681415022205296,-1.5594553248843934
2.9530970943744053,1.0681415022205296,-1.4344256826478321
2.9949849964222697,1.0681415022205296,-1.2451903104433355
3.0368728984701332,1.0681415022205296,-0.9867757113207831
3.0787608005179976,1.0681415022205296,-0.6536479166698813
3.1206487025658611,1.0681415022205296,-0.2395294489130527
0.0209439510239320,1.1100294042683936,-0.2372832196503012
0.0628318530717960,1.1100294042683936,-0.6465537628053928
0.1047197551196597,1.1100294042683936,-0.9742055918712023
0.1466076571675237,1.1100294042683936,-1.2263003037563249
0.1884955592153876,1.1100294042683936,-1.4084942850667264
0.2303834612632514,1.1100294042683936,-1.5261757122834398
0.2722713633111153,1.1100294042683936,-1.5845203241289576
0.3141592653589793,1.1100294042683936,-1.5882275099491310
0.3560471674068433,1.1100294042683936,-1.5408077313959092
0.3979350694547070,1.1100294042683936,-1.4478896673236550
0.4398229715025710,1.1100294042683936,-1.3174590036984228
0.4817108735504350,1.1100294042683936,-1.1530389115036113
0.5235987755982989,1.1100294042683936,-0.9584060711459769
0.5654866776461627,1.1100294042683936,-0.7366419014126733
0.6073745796940266,1.1100294042683936,-0.4917631133349208
0.6492624817418906,1.1100294042683936,-0.2293563349755732
0.6911503837897545,1.1100294042683936,0.0209816043407466
0.7330382858376183,1.1100294042683936,0.1651891495016664
0.7749261878854823,1.1100294042683936,0.3140856166362200
0.8168140899333461,1.1100294042683936,0.4653596999324591
0.8587019919812100,1.1100294042683936,0.6149064823594000
0.9005898940290740,1.1100294042683936,0.7636464473591035
0.9424777960769379,1.1100294042683936,0.9115106617177900
0.9843656981248019,1.1100294042683936,1.0568543458494768
1.0262536001726656,1.1100294042683936,1.1976381246030339
1.0681415022205296,1.1100294042683936,1.3321524284616828
1.1100294042683936,1.1100294042683936,1.4591963949132774
1.1519173063162575,1.1100294042683936,1.5779470463656888
1.1938052083641213,1.1100294042683936,1.6877536670362574
1.2356931104119853,1.1100294042683936,1.7880005552608595
1.2775810124598492,1.1100294042683936,1.8780704247568907
1.3194689145077132,1.1100294042683936,1.9573715145011230
1.3613568165555769,1.1100294042683936,2.0253790570195926
1.4032447186034409,1.1100294042683936,2.0816615127944607
1.4451326206513049,1.1100294042683936,2.1258849535192583
1.4870205226991688,1.1100294042683936,2.1578019522871159
1.5289084247470326,1.1100294042683936,2.1772345741469246
1.5707963267948966,1.1100294042683936,2.1840592988130036
1.6126842288427605,1.1100294042683936,2.1781987383787556
1.6545721308906245,1.1100294042683936,2.1596224999816824
1.6964600329384882,1.1100294042683936,2.1283576715351762
1.7383479349863524,1.1100294042683936,2.0845077079192702
1.7802358370342162,1.1100294042683936,2.0282764023268296
1.8221237390820799,1.1100294042683936,1.9599909229383534
1.8640116411299441,1.1100294042683936,1.8801152205974023
1.9058995431778079,1.1100294042683936,1.7892445166161248
1.9477874452256716,1.1100294042683936,1.6880764265383965
1.9896753472735358,1.1100294042683936,1.5773671991618583
2.0315632493213993,1.1100294042683936,1.4578996643766329
2.0734511513692637,1.1100294042683936,1.3304997376673928
2.1153390534171272,1.1100294042683936,1.1961211738610054
2.1572269554649912,1.1100294042683936,1.0559651002001100
2.1991148575128552,1.1100294042683936,0.9115315278018606
2.2410027595607191,1.1100294042683936,0.7644504719993106
2.2828906616085827,1.1100294042683936,0.6159339075280987
2.3247785636564471,1.1100294042683936,0.4659184602706746
2.3666664657043106,1.1100294042683936,0.3138320944819734
2.4085543677521750,1.1100294042683936,0.1637153417341858
2.4504422698000385,1.1100294042683936,0.0192461456794166
2.4923301718479025,1.1100294042683936,-0.2293831966473341
2.5342180738957665,1.1100294042683936,-0.4919133755685172
2.5761059759436304,1.1100294042683936,-0.7374699808950576
2.6179938779914940,1.1100294042683936,-0.9589816536115806
2.6598817800393584,1.1100294042683936,-1.1516191305527952
2.7017696820872219,1.1100294042683936,-1.3140680818035400
2.7436575841350863,1.1100294042683936,-1.4459380408329892
2.7855454861829498,1.1100294042683936,-1.5378968321181998
2.8274333882308138,1.1100294042683936,-1.5853054116831520
2.8693212902786778,1.1100294042683936,-1.5838528766158344
2.9112091923265417,1.1100294042683936,-1.5274952251826377
2.9530970943744053,1.1100294042683936,-1.4107356826056410
2.9949849964222697,1.1100294042683936,-1.2286725865261063
3.0368728984701332,1.1100294042683936,-0.9763603249106314
3.0787608005179976,1.1100294042683936,-0.6482448277719041
3.1206487025658611,1.1100294042683936,-0.2380118475429663
0.0209439510239320,1.1519173063162575,-0.2359847133419987
0.0628318530717960,1.1519173063162575,-0.6415423276740624
0.1047197551196597,1.1519173063162575,-0.9641273674319967
0.1466076571675237,1.1519173063162575,-1.2099181210867993
0.1884955592153876,1.1519173063162575,-1.3846779659016173
0.2303834612632514,1.1519173063162575,-1.4939682567140486
0.2722713633111153,1.1519173063162575,-1.5433079824000928
0.3141592653589793,1.1519173063162575,-1.5381239212158950
0.3560471674068433,1.1519173063162575,-1.4830019148739568
0.3979350694547070,1.1519173063162575,-1.3807776485133265
0.4398229715025710,1.1519173063162575,-1.2395043142512625
0.4817108735504350,1.1519173063162575,-1.0653261279491033
0.5235987755982989,1.1519173063162575,-0.8597580412749347
0.5654866776461627,1.1519173063162575,-0.6252569162499509
0.6073745796940266,1.1519173063162575,-0.3719259785964228
0.6492624817418906,1.1519173063162575,-0.0969440643431347
0.6911503837897545,1.1519173063162575,0.0919811923571885
0.7330382858376183,1.1519173063162575,0.2421276368621959
0.7749261878854823,1.1519173063162575,0.3970631918659573
0.8168140899333461,1.1519173063162575,0.5523886338153804
0.8587019919812100,1.1519173063162575,0.7067776906847495
0.9005898940290740,1.1519173063162575,0.8610859277286860
0.9424777960769379,1.1519173063162575,1.0142462341350400
0.9843656981248019,1.1519173063162575,1.1641914262888255
1.0262536001726656,1.1519173063162575,1.3089407705698286
1.0681415022205296,1.1519173063162575,1.4470359592343245
1.1100294042683936,1.1519173063162575,1.5775062141953289
1.1519173063162575,1.1519173063162575,1.6996372496504371
1.1938052083641213,1.1519173063162575,1.8127627165581064
1.2356931104119853,1.1519173063162575,1.9161774055116760
1.2775810124598492,1.1519173063162575,2.0091581440335644
1.3194689145077132,1.1519173063162575,2.0910282510795097
1.3613568165555769,1.1519173063162575,2.1612117827665922
1.4032447186034409,1.1519173063162575,2.2192561934217658
1.4451326206513049,1.1519173063162575,2.2648266850973702
1.4870205226991688,1.1519173063162575,2.2976850097088963
1.5289084247470326,1.1519173063162575,2.3176649280005468
1.5707963267948966,1.1519173063162575,2.3246524749127913
1.6126842288427605,1.1519173063162575,2.3185753529158686
1.6545721308906245,1.1519173063162575,2.2994032453100481
1.6964600329384882,1.1519173063162575,2.2671593032848421
1.7383479349863524,1.1519173063162575,2.2219417405697270
1.7802358370342162,1.1519173063162575,2.1639525794496626
1.8221237390820799,1.1519173063162575,2.0935276364654407
1.8640116411299441,1.1519173063162575,2.0111580961612447
1.9058995431778079,1.1519173063162575,1.9174912995586531
1.9477874452256716,1.1519173063162575,1.8133004991524486
1.9896753472735358,1.1519173063162575,1.6994249362554943
2.0315632493213993,1.1519173063162575,1.5767033564312443
2.0734511513692637,1.1519173063162575,1.4459455837565713
2.1153390534171272,1.1519173063162575,1.3079853941470396
2.1572269554649912,1.1519173063162575,1.1638146560517653
2.1991148575128552,1.1519173063162575,1.0147239426457551
2.2410027595607191,1.1519173063162575,0.8623078735586909
2.2828906616085827,1.1519173063162575,0.7081575130606678
2.3247785636564471,1.1519173063162575,0.5530957005522623
2.3666664657043106,1.1519173063162575,0.3966153771930582
2.4085543677521750,1.1519173063162575,0.2407497366684878
2.4504422698000385,1.1519173063162575,0.0898027100293777
2.4923301718479025,1.1519173063162575,-0.0979243345451287
2.5342180738957665,1.1519173063162575,-0.3713462634250153
2.5761059759436304,1.1519173063162575,-0.6248060723694270
2.6179938779914940,1.1519173063162575,-0.8584787091971491
2.6598817800393584,1.1519173063162575,-1.0622344485688768
2.7017696820872219,1.1519173063162575,-1.2367056363302935
2.7436575841350863,1.1519173063162575,-1.3785797705525618
2.7855454861829498,1.1519173063162575,-1.4789388794981124
2.8274333882308138,1.1519173063162575,-1.5362260948734876
2.8693212902786778,1.1519173063162575,-1.5444151665714076
2.9112091923265417,1.1519173063162575,-1.4968784153542736
2.9530970943744053,1.1519173063162575,-1.3879853249414658
2.9949849964222697,1.1519173063162575,-1.2128224292233856
3.0368728984701332,1.1519173063162575,-0.9664077193977941
3.0787608005179976,1.1519173063162575,-0.6431135502987075
3.1206487025658611,1.1519173063162575,-0.2365772568866470
0.0209439510239320,1.1938052083641213,-0.2349292287325128
0.0628318530717960,1.1938052083641213,-0.6372509536342200
0.1047197551196597,1.1938052083641213,-0.9552203927003823
0.1466076571675237,1.1938052083641213,-1.1951107392071982
0.1884955592153876,1.1938052083641213,-1.3627747841578091
0.2303834612632514,1.1938052083641213,-1.4639465013325184
0.2722713633111153,1.1938052083641213,-1.5044904936183225
0.3141592653589793,1.1938052083641213,-1.4904213993828814
0.3560471674068433,1.1938052083641213,-1.4274140926393488
0.3979350694547070,1.1938052083641213,-1.3189067143336668
0.4398229715025710,1.1938052083641213,-1.1672682068692219
0.4817108735504350,1.1938052083641213,-0.9824887351987414
0.5235987755982989,1.1938052083641213,-0.7655375275005342
0.5654866776461627,1.1938052083641213,-0.5207548209518533
0.6073745796940266,1.1938052083641213,-0.2568178543977583
0.6492624817418906,1.1938052083641213,0.0116716459199026
0.6911503837897545,1.1938052083641213,0.1597929679782203
0.7330382858376183,1.1938052083641213,0.3141233157836195
0.7749261878854823,1.1938052083641213,0.4737394418049585
0.8168140899333461,1.1938052083641213,0.6330053580969340
0.8587019919812100,1.1938052083641213,0.7924006646344346
0.9005898940290740,1.1938052083641213,0.9518768310925103
0.9424777960769379,1.1938052083641213,1.1096576680439632
0.9843656981248019,1.1938052083641213,1.2635612449174471
1.0262536001726656,1.1938052083641213,1.4118113498320422
1.0681415022205296,1.1938052083641213,1.5532108213787199
1.1100294042683936,1.1938052083641213,1.6869548550532680
1.1519173063162575,1.1938052083641213,1.8123572343024394
1.1938052083641213,1.1938052083641213,1.9286761628344544
1.2356931104119853,1.1938052083641213,2.0350910181415651
1.2775810124598492,1.1938052083641213,2.1307753605295718
1.3194689145077132,1.1938052083641213,2.2149857054484037
1.3613568165555769,1.1938052083641213,2.2871167892102613
1.4032447186034409,1.1938052083641213,2.3467138223502109
1.4451326206513049,1.1938052083641213,2.3934545073178750
1.4870205226991688,1.1938052083641213,2.4271181293027966
1.5289084247470326,1.1938052083641213,2.4475548507599481
1.5707963267948966,1.1938052083641213,2.4546626599327084
1.6126842288427605,1.1938052083641213,2.4483752941975365
1.6545721308906245,1.1938052083641213,2.4286622305041670
1.6964600329384882,1.1938052083641213,2.3955407806419204
1.7383479349863524,1.1938052083641213,2.3490994890264632
1.7802358370342162,1.1938052083641213,2.2895304995538486
1.8221237390820799,1.1938052083641213,2.2171656426895106
1.8640116411299441,1.1938052083641213,2.1325066071272927
1.9058995431778079,1.1938052083641213,2.0362350487197181
1.9477874452256716,1.1938052083641213,1.9291876094991403
1.9896753472735358,1.1938052083641213,1.8122894782687284
2.0315632493213993,1.1938052083641213,1.6864623915060115
2.0734511513692637,1.1938052083641213,1.5525525724015770
2.1153390534171272,1.1938052083641213,1.4113383568624598
2.1572269554649912,1.1938052083641213,1.2636484690702467
2.1991148575128552,1.1938052083641213,1.1105485135343951
2.2410027595607191,1.1938052083641213,0.9534740950896344
2.2828906616085827,1.1938052083641213,0.7941376632164392
2.3247785636564471,1.1938052083641213,0.6340013738905109
2.3666664657043106,1.1938052083641213,0.4733757605952916
2.4085543677521750,1.1938052083641213,0.3127766318783048
2.4504422698000385,1.1938052083641213,0.1581858413633591
2.4923301718479025,1.1938052083641213,0.0113262225250734
2.5342180738957665,1.1938052083641213,-0.2561884739241353
2.5761059759436304,1.1938052083641213,-0.5198217364664252
2.6179938779914940,1.1938052083641213,-0.7629410358200384
2.6598817800393584,1.1938052083641213,-0.9783544930658460
2.7017696820872219,1.1938052083641213,-1.1658252486927239
2.7436575841350863,1.1938052083641213,-1.3149261907527632
2.7855454861829498,1.1938052083641213,-1.4238528353929472
2.8274333882308138,1.1938052083641213,-1.4901976545410081
2.8693212902786778,1.1938052083641213,-1.5070815848975865
2.9112091923265417,1.1938052083641213,-1.4676355792996072
2.9530970943744053,1.1938052083641213,-1.3661567455519577
2.9949849964222697,1.1938052083641213,-1.1976437010094747
3.0368728984701332,1.1938052083641213,-0.9569570405361059
3.0787608005179976,1.1938052083641213,-0.6383046107887604
3.1206487025658611,1.1938052083641213,-0.2352510136975411
0.0209439510239320,1.2356931104119853,-0.2340830435065279
0.0628318530717960,1.2356931104119853,-0.6335807921612739
0.1047197551196597,1.2356931104119853,-0.9473475691592814
0.1466076571675237,1.2356931104119853,-1.1817621439126604
0.1884955592153876,1.2356931104119853,-1.3427735421361682
0.2303834612632514,1.2356931104119853,-1.4362927094114313
0.2722713633111153,1.2356931104119853,-1.4685324984211805
0.3141592653589793,1.2356931104119853,-1.4460364543618136
0.3560471674068433,1.2356931104119853,-1.3751214343583222
0.3979350694547070,1.2356931104119853,-1.2604404787571164
0.4398229715025710,1.2356931104119853,-1.1016974833179076
0.4817108735504350,1.2356931104119853,-0.9045331237462546
0.5235987755982989,1.2356931104119853,-0.6768172265734560
0.5654866776461627,1.2356931104119853,-0.4258436668411813
0.6073745796940266,1.2356931104119853,-0.1507187324799451
0.6492624817418906,1.2356931104119853,0.0683535838904005
0.6911503837897545,1.2356931104119853,0.2211424093081070
0.7330382858376183,1.2356931104119853,0.3803627051997394
0.7749261878854823,1.2356931104119853,0.5435863654643850
0.8168140899333461,1.2356931104119853,0.7069464168866875
0.8587019919812100,1.2356931104119853,0.8711256382510472
0.9005898940290740,1.2356931104119853,1.0351551622428687
0.9424777960769379,1.2356931104119853,1.1968815574033604
0.9843656981248019,1.2356931104119853,1.3542081845896419
1.0262536001726656,1.2356931104119853,1.5056087060925269
1.0681415022205296,1.2356931104119853,1.6500986997480855
1.1100294042683936,1.2356931104119853,1.7869598527571684
1.1519173063162575,1.2356931104119853,1.9154674904663080
1.1938052083641213,1.2356931104119853,2.0347711128124488
1.2356931104119853,1.2356931104119853,2.1439337596919068
1.2775810124598492,1.2356931104119853,2.2420443209229104
1.3194689145077132,1.2356931104119853,2.3283166908610378
1.3613568165555769,1.2356931104119853,2.4021371007964007
1.4032447186034409,1.2356931104119853,2.4630626958271264
1.4451326206513049,1.2356931104119853,2.5107916423929058
1.4870205226991688,1.2356931104119853,2.5451244247725504
1.5289084247470326,1.2356931104119853,2.5659289879997647
1.5707963267948966,1.2356931104119853,2.5731158587681833
1.6126842288427605,1.2356931104119853,2.5666254005134284
1.6545721308906245,1.2356931104119853,2.5464276094209186
1.6964600329384882,1.2356931104119853,2.5125343184894628
1.7383479349863524,1.2356931104119853,2.4650233165851838
1.7802358370342162,1.2356931104119853,2.4040727808753126
1.8221237390820799,1.2356931104119853,2.3300017602051906
1.8640116411299441,1.2356931104119853,2.2433078342842121
1.9058995431778079,1.2356931104119853,2.1446873213063662
1.9477874452256716,1.2356931104119853,2.0350198077232990
1.9896753472735358,1.2356931104119853,1.9153037256571825
2.0315632493213993,1.2356931104119853,1.7865499484164686
2.0734511513692637,1.2356931104119853,1.6496743375246852
2.1153390534171272,1.2356931104119853,1.5054578190594918
2.1572269554649912,1.2356931104119853,1.3546303741473691
2.1991148575128552,1.2356931104119853,1.1980686940376926
2.2410027595607191,1.2356931104119853,1.0370101842999817
2.2828906616085827,1.2356931104119853,0.8731250267523127
2.3247785636564471,1.2356931104119853,0.7082320478284192
2.3666664657043106,1.2356931104119853,0.5434665295057182
2.4085543677521750,1.2356931104119853,0.3791591319949859
2.4504422698000385,1.2356931104119853,0.2202470753228644
2.4923301718479025,1.2356931104119853,0.0680796999780495
2.5342180738957665,1.2356931104119853,-0.1502636496549482
2.5761059759436304,1.2356931104119853,-0.4251291562589690
2.6179938779914940,1.2356931104119853,-0.6739061962159077
2.6598817800393584,1.2356931104119853,-0.9008850646821178
2.7017696820872219,1.2356931104119853,-1.0993728037439165
2.7436575841350863,1.2356931104119853,-1.2557872259948728
2.7855454861829498,1.2356931104119853,-1.3730466912147306
2.8274333882308138,1.2356931104119853,-1.4473627465168282
2.8693212902786778,1.2356931104119853,-1.4718173747681376
2.9112091923265417,1.2356931104119853,-1.4396226289728971
2.9530970943744053,1.2356931104119853,-1.3450696430774554
2.9949849964222697,1.2356931104119853,-1.1829641006301042
3.0368728984701332,1.2356931104119853,-0.9478623917969714
3.0787608005179976,1.2356931104119853,-0.6337114871770292
3.1206487025658611,1.2356931104119853,-0.2339892715476301
0.0209439510239320,1.2775810124598492,-0.2333321151364060
0.0628318530717960,1.2775810124598492,-0.6302046038002034
0.1047197551196597,1.2775810124598492,-0.9400280149558604
0.1466076571675237,1.2775810124598492,-1.1693495748187324
0.1884955592153876,1.2775810124598492,-1.3242602480694365
0.2303834612632514,1.2775810124598492,-1.4108503719130365
0.2722713633111153,1.2775810124598492,-1.4356231662217169
0.3141592653589793,1.2775810124598492,-1.4055215719461562
0.3560471674068433,1.2775810124598492,-1.3271872988458988
0.3979350694547070,1.2775810124598492,-1.2055025493600680
0.4398229715025710,1.2775810124598492,-1.0414848629026221
0.4817108735504350,1.2775810124598492,-0.8326611899473140
0.5235987755982989,1.2775810124598492,-0.5958795204125034
0.5654866776461627,1.2775810124598492,-0.3398554761379147
0.6073745796940266,1.2775810124598492,-0.0531376539334287
0.6492624817418906,1.2775810124598492,0.1198011805932819
0.6911503837897545,1.2775810124598492,0.2761992601867217
0.7330382858376183,1.2775810124598492,0.4399048781082692
0.7749261878854823,1.2775810124598492,0.6063859679206843
0.8168140899333461,1.2775810124598492,0.7737873314197853
0.8587019919812100,1.2775810124598492,0.9422579944973585
0.9005898940290740,1.2775810124598492,1.1101607888647436
0.9424777960769379,1.2775810124598492,1.2752282704425535
0.9843656981248019,1.2775810124598492,1.4355461855344540
1.0262536001726656,1.2775810124598492,1.5898143182415443
1.0681415022205296,1.2775810124598492,1.7371871619867076
1.1100294042683936,1.2775810124598492,1.8769611126666574
1.1519173063162575,1.2775810124598492,2.0083310229573517
1.1938052083641213,1.2775810124598492,2.1303306421440000
1.2356931104119853,1.2775810124598492,2.2419239782484768
1.2775810124598492,1.2775810124598492,2.3421413941741891
1.3194689145077132,1.2775810124598492,2.4301775026059786
1.3613568165555769,1.2775810124598492,2.5054255506340821
1.4032447186034409,1.2775810124598492,2.5674623210419827
1.4451326206513049,1.2775810124598492,2.6160086393887307
1.4870205226991688,1.2775810124598492,2.6508855410416761
1.5289084247470326,1.2775810124598492,2.6719773735078420
1.5707963267948966,1.2775810124598492,2.6792064221550351
1.6126842288427605,1.2775810124598492,2.6725201155824654
1.6545721308906245,1.2775810124598492,2.6518906446830779
1.6964600329384882,1.2775810124598492,2.6173267507368463
1.7383479349863524,1.2775810124598492,2.5688974919673151
1.7802358370342162,1.2775810124598492,2.5067671034508483
1.8221237390820799,1.2775810124598492,2.4312377843740198
1.8640116411299441,1.2775810124598492,2.3427927546687792
1.9058995431778079,1.2775810124598492,2.2421255263415314
1.9477874452256716,1.2775810124598492,2.1301356525786330
1.9896753472735358,1.2775810124598492,2.0078724746636318
2.0315632493213993,1.2775810124598492,1.8764250088660357
2.0734511513692637,1.2775810124598492,1.7367909280232652
2.1153390534171272,1.2775810124598492,1.5897950577196849
2.1572269554649912,1.2775810124598492,1.4361319699312221
2.1991148575128552,1.2775810124598492,1.2765511366903290
2.2410027595607191,1.2775810124598492,1.1121116007387950
2.2828906616085827,1.2775810124598492,0.9443646420178500
2.3247785636564471,1.2775810124598492,0.7752672211601489
2.3666664657043106,1.2775810124598492,0.6065481150121063
2.4085543677521750,1.2775810124598492,0.4389657356423985
2.4504422698000385,1.2775810124598492,0.2758173524129017
2.4923301718479025,1.2775810124598492,0.1201320356786617
2.5342180738957665,1.2775810124598492,-0.0530014509130987
2.5761059759436304,1.2775810124598492,-0.3394320432694696
2.6179938779914940,1.2775810124598492,-0.5936545097760585
2.6598817800393584,1.2775810124598492,-0.8312517282827049
2.7017696820872219,1.2775810124598492,-1.0368949668572940
2.7436575841350863,1.2775810124598492,-1.2016345109267739
2.7855454861829498,1.2775810124598492,-1.3266386866952042
2.8274333882308138,1.2775810124598492,-1.4078337558586691
2.8693212902786778,1.2775810124598492,-1.4387160899674021
2.9112091923265417,1.2775810124598492,-1.4128879548607458
2.9530970943744053,1.2775810124598492,-1.3247029734523417
2.9949849964222697,1.2775810124598492,-1.1686795043694254
3.0368728984701332,1.2775810124598492,-0.9389546386041838
3.0787608005179976,1.2775810124598492,-0.6291607990431444
3.1206487025658611,1.2775810124598492,-0.2327086808615766
0.0209439510239320,1.3194689145077132,-0.2325213204425042
0.0628318530717960,1.3194689145077132,-0.6267057856493812
0.1047197551196597,1.3194689145077132,-0.9326827978865563
0.1466076571675237,1.3194689145077132,-1.1572723747961411
0.1884955592153876,1.3194689145077132,-1.3067790925053515
0.2303834612632514,1.3194689145077132,-1.3874576267047276
0.2722713633111153,1.3194689145077132,-1.4059572979572026
0.3141592653589793,1.3194689145077132,-1.3693625057462178
0.3560471674068433,1.3194689145077132,-1.2843462607621043
0.3979350694547070,1.3194689145077132,-1.1555320591070499
0.4398229715025710,1.3194689145077132,-0.9848197116732758
0.4817108735504350,1.3194689145077132,-0.7695670838875744
0.5235987755982989,1.3194689145077132,-0.5249338264015847
0.5654866776461627,1.3194689145077132,-0.2608100158883288
0.6073745796940266,1.3194689145077132,0.0117707977719959
0.6492624817418906,1.3194689145077132,0.1655221211450855
0.6911503837897545,1.3194689145077132,0.3249553311463653
0.7330382858376183,1.3194689145077132,0.4922810557573783
0.7749261878854823,1.3194689145077132,0.6618893978643511
0.8168140899333461,1.3194689145077132,0.8330224347576144
0.8587019919812100,1.3194689145077132,1.0051532325981014
0.9005898940290740,1.3194689145077132,1.1762676475615137
0.9424777960769379,1.3194689145077132,1.3441561419717762
0.9843656981248019,1.3194689145077132,1.5071046452244883
1.0262536001726656,1.3194689145077132,1.6639773052818481
1.0681415022205296,1.3194689145077132,1.8139919366204975
1.1100294042683936,1.3194689145077132,1.9564075058116572
1.1519173063162575,1.3194689145077132,2.0903222430519870
1.1938052083641213,1.3194689145077132,2.2146676639432110
1.2356931104119853,1.3194689145077132,2.3283361670372646
1.2775810124598492,1.3194689145077132,2.4303263048845798
1.3194689145077132,1.3194689145077132,2.5198316486154386
1.3613568165555769,1.3194689145077132,2.5962610137626756
1.4032447186034409,1.3194689145077132,2.6592120665399603
1.4451326206513049,1.3194689145077132,2.7084255233026093
1.4870205226991688,1.3194689145077132,2.7437389762992601
1.5289084247470326,1.3194689145077132,2.7650498273382222
1.5707963267948966,1.3194689145077132,2.7722904515416524
1.6126842288427605,1.3194689145077132,2.7654157517295266
1.6545721308906245,1.3194689145077132,2.7444025228568889
1.6964600329384882,1.3194689145077132,2.7092603266263517
1.7383479349863524,1.3194689145077132,2.6600539465086994
1.7802358370342162,1.3194689145077132,2.5969371583894869
1.8221237390820799,1.3194689145077132,2.5201956986159821
1.8640116411299441,1.3194689145077132,2.4302931821870346
1.9058995431778079,1.3194689145077132,2.3279072128674017
1.9477874452256716,1.3194689145077132,2.2139359314982965
1.9896753472735358,1.3194689145077132,2.0894533693424227
2.0315632493213993,1.3194689145077132,1.9556043287355867
2.0734511513692637,1.3194689145077132,1.8134624188303532
2.1153390534171272,1.3194689145077132,1.6639180836267535
2.1572269554649912,1.3194689145077132,1.5076817819441615
2.1991148575128552,1.3194689145077132,1.3454437962575478
2.2410027595607191,1.3194689145077132,1.1781390265354064
2.2828906616085827,1.3194689145077132,1.0071892629184966
2.3247785636564471,1.3194689145077132,0.8345501056763543
2.3666664657043106,1.3194689145077132,0.6622838842318326
2.4085543677521750,1.3194689145077132,0.4916640913406042
2.4504422698000385,1.3194689145077132,0.3249598445681212
2.4923301718479025,1.3194689145077132,0.1667553180157394
2.5342180738957665,1.3194689145077132,0.0127485330761355
2.5761059759436304,1.3194689145077132,-0.2603512531530188
2.6179938779914940,1.3194689145077132,-0.5239337198712941
2.6598817800393584,1.3194689145077132,-0.7690219546290158
2.7017696820872219,1.3194689145077132,-0.9800123094231123
2.7436575841350863,1.3194689145077132,-1.1529357937595364
2.7855454861829498,1.3194689145077132,-1.2849244116493095
2.8274333882308138,1.3194689145077132,-1.3720089226049792
2.8693212902786778,1.3194689145077132,-1.4082808094706751
2.9112091923265417,1.3194689145077132,-1.3879428448613014
2.9530970943744053,1.3194689145077132,-1.3054491984116481
2.9949849964222697,1.3194689145077132,-1.1549835525400380
3.0368728984701332,1.3194689145077132,-0.9302367598611740
3.0787608005179976,1.3194689145077132,-0.6245555435180218
3.1206487025658611,1.3194689145077132,-0.2313450570032023
0.0209439510239320,1.3613568165555769,-0.2315307667576469
0.0628318530717960,1.3613568165555769,-0.6228161390115050
0.1047197551196597,1.3613568165555769,-0.9250128067981037
0.1466076571675237,1.3613568165555769,-1.1453079718863486
0.1884955592153876,1.3613568165555769,-1.2902749840772541
0.2303834612632514,1.3613568165555769,-1.3662874251188624
0.2722713633111153,1.3613568165555769,-1.3799413818553989
0.3141592653589793,1.3613568165555769,-1.3381400904540064
0.3560471674068433,1.3613568165555769,-1.2473352394803885
0.3979350694547070,1.3613568165555769,-1.1118614274213661
0.4398229715025710,1.3613568165555769,-0.9337969775371029
0.4817108735504350,1.3613568165555769,-0.7158376698407554
0.5235987755982989,1.3613568165555769,-0.4648927800147967
0.5654866776461627,1.3613568165555769,-0.1929241481960138
0.6073745796940266,1.3613568165555769,0.0467513425099567
0.6492624817418906,1.3613568165555769,0.2040869577408811
0.6911503837897545,1.3613568165555769,0.3669359969550902
0.7330382858376183,1.3613568165555769,0.5372300929917675
0.7749261878854823,1.3613568165555769,0.7097748611480386
0.8168140899333461,1.3613568165555769,0.8841444082289557
0.8587019919812100,1.3613568165555769,1.0592589473778462
0.9005898940290740,1.3613568165555769,1.2329762765643215
0.9424777960769379,1.3613568165555769,1.4032342027885216
0.9843656981248019,1.3613568165555769,1.5684854546171947
1.0262536001726656,1.3613568165555769,1.7276833942339755
1.0681415022205296,1.3613568165555769,1.8800456113638384
1.1100294042683936,1.3613568165555769,2.0247644850757491
1.1519173063162575,1.3613568165555769,2.1608472223085924
1.1938052083641213,1.3613568165555769,2.2871497149123350
1.2356931104119853,1.3613568165555769,2.4025232845955897
1.2775810124598492,1.3613568165555769,2.5059575325414309
1.3194689145077132,1.3613568165555769,2.5966564668973819
1.3613568165555769,1.3613568165555769,2.6740462974237560
1.4032447186034409,1.3613568165555769,2.7377414939253812
1.4451326206513049,1.3613568165555769,2.7874962328830577
1.4870205226991688,1.3613568165555769,2.8231584154487077
1.5289084247470326,1.3613568165555769,2.8446339243665264
1.5707963267948966,1.3613568165555769,2.8518630394201012
1.6126842288427605,1.3613568165555769,2.8448085421897034
1.6545721308906245,1.3613568165555769,2.8234546808171395
1.6964600329384882,1.3613568165555769,2.7878166871397299
1.7383479349863524,1.3613568165555769,2.7379611181290331
1.7802358370342162,1.3613568165555769,2.6740372413022215
1.8221237390820799,1.3613568165555769,2.5963182490096433
1.8640116411299441,1.3613568165555769,2.5052474614892173
1.9058995431778079,1.3613568165555769,2.4014784637880870
1.9477874452256716,1.3613568165555769,2.2858905574387856
1.9896753472735358,1.3613568165555769,2.1595567394153674
2.0315632493213993,1.3613568165555769,2.0236496457614992
2.0734511513692637,1.3613568165555769,1.8793001306685493
2.1153390534171272,1.3613568165555769,1.7274682512698543
2.1572269554649912,1.3613568165555769,1.5689153733935550
2.1991148575128552,1.3613568165555769,1.4043348777037423
2.2410027595607191,1.3613568165555769,1.2346063682212223
2.2828906616085827,1.3613568165555769,1.0610544036304912
2.3247785636564471,1.3613568165555769,0.8855614791424637
2.3666664657043106,1.3613568165555769,0.7103030855022970
2.4085543677521750,1.3613568165555769,0.5369260118995298
2.4504422698000385,1.3613568165555769,0.3672497404379903
2.4923301718479025,1.3613568165555769,0.2060366231613590
2.5342180738957665,1.3613568165555769,0.0480491221450259
2.5761059759436304,1.3613568165555769,-0.1924249131287800
2.6179938779914940,1.3613568165555769,-0.4652662591495270
2.6598817800393584,1.3613568165555769,-0.7136835290941992
2.7017696820872219,1.3613568165555769,-0.9303902407253080
2.7436575841350863,1.3613568165555769,-1.1104888564269981
2.7855454861829498,1.3613568165555769,-1.2486115193880836
2.8274333882308138,1.3613568165555769,-1.3406866293066921
2.8693212902786778,1.3613568165555769,-1.3814433426834327
2.9112091923265417,1.3613568165555769,-1.3657385701990536
2.9530970943744053,1.3613568165555769,-1.2881077722439453
2.9949849964222697,1.3613568165555769,-1.1424134199655003
3.0368728984701332,1.3613568165555769,-0.9219803832441948
3.0787608005179976,1.3613568165555769,-0.6199828188778502
3.1206487025658611,1.3613568165555769,-0.2299069567293136
0.0209439510239320,1.4032447186034409,-0.2303508814059975
0.0628318530717960,1.4032447186034409,-0.6186172156909773
0.1047197551196597,1.4032447186034409,-0.9172760384502149
0.1466076571675237,1.4032447186034409,-1.1339005145364254
0.1884955592153876,1.4032447186034409,-1.2753288899800326
0.2303834612632514,1.4032447186034409,-1.3479872825018433
0.2722713633111153,1.4032447186034409,-1.3582455757489589
0.3141592653589793,1.4032447186034409,-1.3125584968914301
0.3560471674068433,1.4032447186034409,-1.2169780998052897
0.3979350694547070,1.4032447186034409,-1.0757398752326639
0.4398229715025710,1.4032447186034409,-0.8910157636716527
0.4817108735504350,1.4032447186034409,-0.6696122851266156
0.5235987755982989,1.4032447186034409,-0.4157876404277306
0.5654866776461627,1.4032447186034409,-0.1404039109747070
0.6073745796940266,1.4032447186034409,0.0742320938224159
0.6492624817418906,1.4032447186034409,0.2355484167684996
0.6911503837897545,1.4032447186034409,0.4017240942587443
0.7330382858376183,1.4032447186034409,0.5745250317830080
0.7749261878854823,1.4032447186034409,0.7496843015331458
0.8168140899333461,1.4032447186034409,0.9266923977869392
0.8587019919812100,1.4032447186034409,1.1041245311618018
0.9005898940290740,1.4032447186034409,1.2798930615894848
0.9424777960769379,1.4032447186034409,1.4521105950092223
0.9843656981248019,1.4032447186034409,1.6193376108817581
1.0262536001726656,1.4032447186034409,1.7805447332824289
1.0681415022205296,1.4032447186034409,1.9349036267221604
1.1100294042683936,1.4032447186034409,2.0815316144604994
1.1519173063162575,1.4032447186034409,2.2193656450079708
1.1938052083641213,1.4032447186034409,2.3472186635796461
1.2356931104119853,1.4032447186034409,2.4639297370556119
1.2775810124598492,1.4032447186034409,2.5684965994839755
1.3194689145077132,1.4032447186034409,2.6601386873599320
1.3613568165555769,1.4032447186034409,2.7382960627749964
1.4032447186034409,1.4032447186034409,2.8025921803229918
1.4451326206513049,1.4032447186034409,2.8527859396734803
1.4870205226991688,1.4032447186034409,2.8887280157855701
1.5289084247470326,1.4032447186034409,2.9103275483441386
1.5707963267948966,1.4032447186034409,2.9175302541298449
1.6126842288427605,1.4032447186034409,2.9103071368590463
1.6545721308906245,1.4032447186034409,2.8886528693851283
1.6964600329384882,1.4032447186034409,2.8525935706926306
1.7383479349863524,1.4032447186034409,2.8022043894223185
1.7802358370342162,1.4032447186034409,2.7376374543119661
1.8221237390820799,1.4032447186034409,2.6591596932479300
1.8640116411299441,1.4032447186034409,2.5671969619954336
1.9058995431778079,1.4032447186034409,2.4623752861914063
1.9477874452256716,1.4032447186034409,2.3455425145600408
1.9896753472735358,1.4032447186034409,2.2177481440947129
2.0315632493213993,1.4032447186034409,2.0801638213048688
2.0734511513692637,1.4032447186034409,1.9339517779602724
2.1153390534171272,1.4032447186034409,1.7801323028024532
2.1572269554649912,1.4032447186034409,1.6195367598002828
2.1991148575128552,1.4032447186034409,1.4529121283027266
2.2410027595607191,1.4032447186034409,1.2811522742315196
2.2828906616085827,1.4032447186034409,1.1055388739335272
2.3247785636564471,1.4032447186034409,0.9278580707600679
2.3666664657043106,1.4032447186034409,0.7502329631318490
2.4085543677521750,1.4032447186034409,0.5744751645001716
2.4504422698000385,1.4032447186034409,0.4022690171114063
2.4923301718479025,1.4032447186034409,0.2378891607743370
2.5342180738957665,1.4032447186034409,0.0756995880040310
2.5761059759436304,1.4032447186034409,-0.1394115047960027
2.6179938779914940,1.4032447186034409,-0.4174321053316299
2.6598817800393584,1.4032447186034409,-0.6669354654084900
2.7017696820872219,1.4032447186034409,-0.8891120799437428
2.7436575841350863,1.4032447186034409,-1.0751964192067065
2.7855454861829498,1.4032447186034409,-1.2186331381691311
2.8274333882308138,1.4032447186034409,-1.3148547400600656
2.8693212902786778,1.4032447186034409,-1.3592806047585670
2.9112091923265417,1.4032447186034409,-1.3473470958236251
2.9530970943744053,1.4032447186034409,-1.2736100906645480
2.9949849964222697,1.4032447186034409,-1.1316775697830310
3.0368728984701332,1.4032447186034409,-0.9146634317332799
3.0787608005179976,1.4032447186034409,-0.6157211678984520
3.1206487025658611,1.4032447186034409,-0.2284917816856604
0.0209439510239320,1.4451326206513049,-0.2291047782063602
0.0628318530717960,1.4451326206513049,-0.6145564654273700
0.1047197551196597,1.4451326206513049,-0.9102506120054068
0.1466076571675237,1.4451326206513049,-1.1240572180851189
0.1884955592153876,1.4451326206513049,-1.2630067059543777
0.2303834612632514,1.4451326206513049,-1.3335169251929946
0.2722713633111153,1.4451326206513049,-1.3416566455644898
0.3141592653589793,1.4451326206513049,-1.2933062133041149
0.3560471674068433,1.4451326206513049,-1.1939845686441051
0.3979350694547070,1.4451326206513049,-1.0479970498409490
0.4398229715025710,1.4451326206513049,-0.8579264338889804
0.4817108735504350,1.4451326206513049,-0.6324194553517454
0.5235987755982989,1.4451326206513049,-0.3783290096872122
0.5654866776461627,1.4451326206513049,-0.0954188199421378
0.6073745796940266,1.4451326206513049,0.0959919869085173
0.6492624817418906,1.4451326206513049,0.2600320385467751
0.6911503837897545,1.4451326206513049,0.4290324129835966
0.7330382858376183,1.4451326206513049,0.6039281752287906
0.7749261878854823,1.4451326206513049,0.7812635831362635
0.8168140899333461,1.4451326206513049,0.9602749165008534
0.8587019919812100,1.4451326206513049,1.1393959843288954
0.9005898940290740,1.4451326206513049,1.3167100171480071
0.9424777960769379,1.4451326206513049,1.4904928324722151
0.9843656981248019,1.4451326206513049,1.6593479734356664
1.0262536001726656,1.4451326206513049,1.8222040606016676
1.0681415022205296,1.4451326206513049,1.9781592332538940
1.1100294042683936,1.4451326206513049,2.1262626777767593
1.1519173063162575,1.4451326206513049,2.2654100466955218
1.1938052083641213,1.4451326206513049,2.3944046115155579
1.2356931104119853,1.4451326206513049,2.5120977278555769
1.2775810124598492,1.4451326206513049,2.6175065680385528
1.3194689145077132,1.4451326206513049,2.7098659323544596
1.3613568165555769,1.4451326206513049,2.7886226579433222
1.4032447186034409,1.4451326206513049,2.8533992546429237
1.4451326206513049,1.4451326206513049,2.9039495005949694
1.4870205226991688,1.4451326206513049,2.9401187819522887
1.5289084247470326,1.4451326206513049,2.9618140154604120
1.5707963267948966,1.4451326206513049,2.9689837168444901
1.6126842288427605,1.4451326206513049,2.9616072825895090
1.6545721308906245,1.4451326206513049,2.9396925958171871
1.6964600329384882,1.4451326206513049,2.9032817400129192
1.7383479349863524,1.4451326206513049,2.8524653182406960
1.7802358370342162,1.4451326206513049,2.7874061490347923
1.8221237390820799,1.4451326206513049,2.7083723696311433
1.8640116411299441,1.4451326206513049,2.6157774857401179
1.9058995431778079,1.4451326206513049,2.5102200147404004
1.9477874452256716,1.4451326206513049,2.3925083968822793
1.9896753472735358,1.4451326206513049,2.2636507886886652
2.0315632493213993,1.4451326206513049,2.1247915117788319
2.0734511513692637,1.4451326206513049,1.9770961548915018
2.1153390534171272,1.4451326206513049,1.8216276787208263
2.1572269554649912,1.4451326206513049,1.6592936116987231
2.1991148575128552,1.4451326206513049,1.4909314979973782
2.2410027595607191,1.4451326206513049,1.3175109768746014
2.2828906616085827,1.4451326206513049,1.1403305991235331
2.3247785636564471,1.4451326206513049,0.9610851403446693
2.3666664657043106,1.4451326206513049,0.7817304212967500
2.4085543677521750,1.4451326206513049,0.6040451660428069
2.4504422698000385,1.4451326206513049,0.4297108665535252
2.4923301718479025,1.4451326206513049,0.2624625290890262
2.5342180738957665,1.4451326206513049,0.0974759153833821
2.5761059759436304,1.4451326206513049,-0.0931009969081352
2.6179938779914940,1.4451326206513049,-0.3791553308478923
2.6598817800393584,1.4451326206513049,-0.6302922959776216
2.7017696820872219,1.4451326206513049,-0.8565408189996130
2.7436575841350863,1.4451326206513049,-1.0476379437624843
2.7855454861829498,1.4451326206513049,-1.1956464997695189
2.8274333882308138,1.4451326206513049,-1.2952186566725665
2.8693212902786778,1.4451326206513049,-1.3425478501033763
2.9112091923265417,1.4451326206513049,-1.3335172435839604
2.9530970943744053,1.4451326206513049,-1.2626464434642306
2.9949849964222697,1.4451326206513049,-1.1233861856054232
3.0368728984701332,1.4451326206513049,-0.9088026593368592
3.0787608005179976,1.4451326206513049,-0.6121518970401427
3.1206487025658611,1.4451326206513049,-0.2272565763330596
0.0209439510239320,1.4870205226991688,-0.2279967790894055
0.0628318530717960,1.4870205226991688,-0.6112482342439005
0.1047197551196597,1.4870205226991688,-0.9048807213954769
0.1466076571675237,1.4870205226991688,-1.1168899892862034
0.1884955592153876,1.4870205226991688,-1.2543832291812580
0.2303834612632514,1.4870205226991688,-1.3237330207560676
0.2722713633111153,1.4870205226991688,-1.3307397412203874
0.3141592653589793,1.4870205226991688,-1.2807368469596521
0.3560471674068433,1.4870205226991688,-1.1786135051496078
0.3979350694547070,1.4870205226991688,-1.0286991367126006
0.4398229715025710,1.4870205226991688,-0.8347512214769246
0.4817108735504350,1.4870205226991688,-0.6059658100911723
0.5235987755982989,1.4870205226991688,-0.3515498710188921
0.5654866776461627,1.4870205226991688,-0.0605179145769325
0.6073745796940266,1.4870205226991688,0.1116812765227153
0.6492624817418906,1.4870205226991688,0.2775203289290042
0.6911503837897545,1.4870205226991688,0.4486625687050633
0.7330382858376183,1.4870205226991688,0.6251991376547527
0.7749261878854823,1.4870205226991688,0.8041914632352223
0.8168140899333461,1.4870205226991688,0.9845778779856738
0.8587019919812100,1.4870205226991688,1.1648065729360111
0.9005898940290740,1.4870205226991688,1.3431909449197919
0.9424777960769379,1.4870205226991688,1.5181398947754754
0.9843656981248019,1.4870205226991688,1.6882437674985136
1.0262536001726656,1.4870205226991688,1.8523468686007192
1.0681415022205296,1.4870205226991688,2.0094613889288104
1.1100294042683936,1.4870205226991688,2.1585843567849814
1.1519173063162575,1.4870205226991688,2.2986011308596015
1.1938052083641213,1.4870205226991688,2.4283354898218663
1.2356931104119853,1.4870205226991688,2.5466705297919510
1.2775810124598492,1.4870205226991688,2.6526495376279104
1.3194689145077132,1.4870205226991688,2.7455194887144865
1.3613568165555769,1.4870205226991688,2.8247252714276341
1.4032447186034409,1.4870205226991688,2.8898778833928986
1.4451326206513049,1.4870205226991688,2.9407160161319670
1.4870205226991688,1.4870205226991688,2.9770717481361983
1.5289084247470326,1.4870205226991688,2.9988442955544401
1.5707963267948966,1.4870205226991688,3.0059821972591547
1.6126842288427605,1.4870205226991688,2.9984731040583958
1.6545721308906245,1.4870205226991688,2.9763404277101313
1.6964600329384882,1.4870205226991688,2.9396467237765984
1.7383479349863524,1.4870205226991688,2.8885043533164261
1.7802358370342162,1.4870205226991688,2.8230943025887796
1.8221237390820799,1.4870205226991688,2.7436935575030224
1.8640116411299441,1.4870205226991688,2.6507094791002341
1.9058995431778079,1.4870205226991688,2.5447155596460473
1.9477874452256716,1.4870205226991688,2.4264768236074077
1.9896753472735358,1.4870205226991688,2.2969472457778326
2.0315632493213993,1.4870205226991688,2.1572220682152854
2.0734511513692637,1.4870205226991688,2.0084440313382399
2.1153390534171272,1.4870205226991688,1.8516980418689972
2.1572269554649912,1.4870205226991688,1.6879652053974989
2.1991148575128552,1.4870205226991688,1.5181979433318089
2.2410027595607191,1.4870205226991688,1.3434902044187300
2.2828906616085827,1.4870205226991688,1.1652100111904211
2.3247785636564471,1.4870205226991688,0.9849758329862004
2.3666664657043106,1.4870205226991688,0.8045017530375242
2.4085543677521750,1.4870205226991688,0.6253843912579710
2.4504422698000385,1.4870205226991688,0.4493589181419069
2.4923301718479025,1.4870205226991688,0.2798006594455651
2.5342180738957665,1.4870205226991688,0.1130494183232000
2.5761059759436304,1.4870205226991688,-0.0586826137609724
2.6179938779914940,1.4870205226991688,-0.3489176030101667
2.6598817800393584,1.4870205226991688,-0.6045310331669510
2.7017696820872219,1.4870205226991688,-0.8326760783484951
2.7436575841350863,1.4870205226991688,-1.0278957404080553
2.7855454861829498,1.4870205226991688,-1.1796429430011608
2.8274333882308138,1.4870205226991688,-1.2817912826469655
2.8693212902786778,1.4870205226991688,-1.3313040090774915
2.9112091923265417,1.4870205226991688,-1.3243623548463297
2.9530970943744053,1.4870205226991688,-1.2554192275451723
2.9949849964222697,1.4870205226991688,-1.1178542924988639
3.0368728984701332,1.4870205226991688,-0.9047897013655611
3.0787608005179976,1.4870205226991688,-0.6096317310739703
3.1206487025658611,1.4870205226991688,-0.2263618777363513
0.0209439510239320,1.5289084247470326,-0.2272201872903541
0.0628318530717960,1.5289084247470326,-0.6091890225365298
0.1047197551196597,1.5289084247470326,-0.9018302330189615
0.1466076571675237,1.5289084247470326,-1.1130769686035733
0.1884955592153876,1.5289084247470326,-1.2499981201086015
0.2303834612632514,1.5289084247470326,-1.3189117476745689
0.2722713633111153,1.5289084247470326,-1.3254526444035533
0.3141592653589793,1.5289084247470326,-1.2745508666403458
0.3560471674068433,1.5289084247470326,-1.1704629941628759
0.3979350694547070,1.5289084247470326,-1.0173299428066627
0.4398229715025710,1.5289084247470326,-0.8207750822479902
0.4817108735504350,1.5289084247470326,-0.5908684053335022
0.5235987755982989,1.5289084247470326,-0.3329933733757053
0.5654866776461627,1.5289084247470326,-0.0428639009572460
0.6073745796940266,1.5289084247470326,0.1211245388972354
0.6492624817418906,1.5289084247470326,0.2879590596774734
0.6911503837897545,1.5289084247470326,0.4604807237109212
0.7330382858376183,1.5289084247470326,0.6381188678171272
0.7749261878854823,1.5289084247470326,0.8181988420139169
0.8168140899333461,1.5289084247470326,0.9993654164600867
0.8587019919812100,1.5289084247470326,1.1801685088635376
0.9005898940290740,1.5289084247470326,1.3591649035380480
0.9424777960769379,1.5289084247470326,1.5348634032555317
0.9843656981248019,1.5289084247470326,1.7058020780863639
1.0262536001726656,1.5289084247470326,1.8707165759079374
1.0681415022205296,1.5289084247470326,2.0285317539358450
1.1100294042683936,1.5289084247470326,2.1782115488741507
1.1519173063162575,1.5289084247470326,2.3186592322565414
1.1938052083641213,1.5289084247470326,2.4487439816574956
1.2356931104119853,1.5289084247470326,2.5673952327782290
1.2775810124598492,1.5289084247470326,2.6736860446888557
1.3194689145077132,1.5289084247470326,2.7668712171807015
1.3613568165555769,1.5289084247470326,2.8463850357835376
1.4032447186034409,1.5289084247470326,2.9118170381598976
1.4451326206513049,1.5289084247470326,2.9628815496145466
1.4870205226991688,1.5289084247470326,2.9993898107219512
1.5289084247470326,1.5289084247470326,3.0212280452599281
1.5707963267948966,1.5289084247470326,3.0283419028291112
1.6126842288427605,1.5289084247470326,3.0207267095509511
1.6545721308906245,1.5289084247470326,2.9984230155547316
1.6964600329384882,1.5289084247470326,2.9615174340754056
1.7383479349863524,1.5289084247470326,2.9101493458991516
1.7802358370342162,1.5289084247470326,2.8445243877799227
1.8221237390820799,1.5289084247470326,2.7649353649631676
1.8640116411299441,1.5289084247470326,2.6717897745606933
1.9058995431778079,1.5289084247470326,2.5656399043070324
1.9477874452256716,1.5289084247470326,2.4472064054034393
1.9896753472735358,1.5289084247470326,2.3173810231535010
2.0315632493213993,1.5289084247470326,2.1771938602713163
2.0734511513692637,1.5289084247470326,2.0277432639354398
2.1153390534171272,1.5289084247470326,1.8701164410157378
2.1572269554649912,1.5289084247470326,1.7053610020129388
2.1991148575128552,1.5289084247470326,1.5345580058725241
2.2410027595607191,1.5289084247470326,1.3589587419253146
2.2828906616085827,1.5289084247470326,1.1800370342690072
2.3247785636564471,1.5289084247470326,0.9993457223481700
2.3666664657043106,1.5289084247470326,0.8183135188952457
2.4085543677521750,1.5289084247470326,0.6382750984855942
2.4504422698000385,1.5289084247470326,0.4610736283809219
2.4923301718479025,1.5289084247470326,0.2899199480440650
2.5342180738957665,1.5289084247470326,0.1223029011655034
2.5761059759436304,1.5289084247470326,-0.0413103555798230
2.6179938779914940,1.5289084247470326,-0.3285026427379769
2.6598817800393584,1.5289084247470326,-0.5897436887588404
2.7017696820872219,1.5289084247470326,-0.8177453690552573
2.7436575841350863,1.5289084247470326,-1.0157718977123775
2.7855454861829498,1.5289084247470326,-1.1700424857690970
2.8274333882308138,1.5289084247470326,-1.2739177826844670
2.8693212902786778,1.5289084247470326,-1.3249340100616600
2.9112091923265417,1.5289084247470326,-1.3194012201589347
2.9530970943744053,1.5289084247470326,-1.2516723617486130
2.9949849964222697,1.5289084247470326,-1.1150790795655525
3.0368728984701332,1.5289084247470326,-0.9028069416302731
3.0787608005179976,1.5289084247470326,-0.6083859906959498
3.1206487025658611,1.5289084247470326,-0.2259158697585044
0.0209439510239320,1.5707963267948966,-0.2268839772572244
0.0628318530717960,1.5707963267948966,-0.6085706750708018
0.1047197551196597,1.5707963267948966,-0.9012252504073047
0.1466076571675237,1.5707963267948966,-1.1125737564791989
0.1884955592153876,1.5707963267948966,-1.2495738172021131
0.2303834612632514,1.5707963267948966,-1.3185151811043723
0.2722713633111153,1.5707963267948966,-1.3250073292748870
0.3141592653589793,1.5707963267948966,-1.2737922181010375
0.3560471674068433,1.5707963267948966,-1.1686328363209546
0.3979350694547070,1.5707963267948966,-1.0133232061610056
0.4398229715025710,1.5707963267948966,-0.8152863730804125
0.4817108735504350,1.5707963267948966,-0.5868517265432243
0.5235987755982989,1.5707963267948966,-0.3247387617730763
0.5654866776461627,1.5707963267948966,-0.0373840311830054
0.6073745796940266,1.5707963267948966,0.1243724342750500
0.6492624817418906,1.5707963267948966,0.2913203339904801
0.6911503837897545,1.5707963267948966,0.4644165663048628
0.7330382858376183,1.5707963267948966,0.6425177478930695
0.7749261878854823,1.5707963267948966,0.8230826768566142
0.8168140899333461,1.5707963267948966,1.0044780540302047
0.8587019919812100,1.5707963267948966,1.1853671511669037
0.9005898940290740,1.5707963267948966,1.3645253810651090
0.9424777960769379,1.5707963267948966,1.5405343513968826
0.9843656981248019,1.5707963267948966,1.7118623101363446
1.0262536001726656,1.5707963267948966,1.8771292695281085
1.0681415022205296,1.5707963267948966,2.0351785464201466
1.1100294042683936,1.5707963267948966,2.1849584196084622
1.1519173063162575,1.5707963267948966,2.3254120801573532
1.1938052083641213,1.5707963267948966,2.4554725161126392
1.2356931104119853,1.5707963267948966,2.5741258715336701
1.2775810124598492,1.5707963267948966,2.6804771450810136
1.3194689145077132,1.5707963267948966,2.7737851265212767
1.3613568165555769,1.5707963267948966,2.8534663377846012
1.4032447186034409,1.5707963267948966,2.9190805696435298
1.4451326206513049,1.5707963267948966,2.9703098645113748
1.4870205226991688,1.5707963267948966,3.0069379688370037
1.5289084247470326,1.5707963267948966,3.0288331777269177
1.5707963267948966,1.5707963267948966,3.0359352174985119
1.6126842288427605,1.5707963267948966,3.0282459721009962
1.6545721308906245,1.5707963267948966,3.0058238429519246
1.6964600329384882,1.5707963267948966,2.9687818919329549
1.7383479349863524,1.5707963267948966,2.9172903734296254
1.7802358370342162,1.5707963267948966,2.8515845821304997
1.8221237390820799,1.5707963267948966,2.7719788247403709
1.8640116411299441,1.5707963267948966,2.6788863187632206
1.9058995431778079,1.5707963267948966,2.5728424219768393
1.9477874452256716,1.5707963267948966,2.4545246667908911
1.9896753472735358,1.5707963267948966,2.3247588642338193
2.0315632493213993,1.5707963267948966,2.1845000658818230
2.0734511513692637,1.5707963267948966,2.0347871746912478
2.1153390534171272,1.5707963267948966,1.8766943303693455
2.1572269554649912,1.5707963267948966,1.7113277116353256
2.1991148575128552,1.5707963267948966,1.5399024152415144
2.2410027595607191,1.5707963267948966,1.3638431895758714
2.2828906616085827,1.5707963267948966,1.1847433202870310
2.3247785636564471,1.5707963267948966,1.0040866520983938
2.3666664657043106,1.5707963267948966,0.8229991612233180
2.4085543677521750,1.5707963267948966,0.6425571118951583
2.4504422698000385,1.5707963267948966,0.4647977320229923
2.4923301718479025,1.5707963267948966,0.2928724500545909
2.5342180738957665,1.5707963267948966,0.1253568571428588
2.5761059759436304,1.5707963267948966,-0.0355988373686092
2.6179938779914940,1.5707963267948966,-0.3204233502058725
2.6598817800393584,1.5707963267948966,-0.5853738310800303
2.7017696820872219,1.5707963267948966,-0.8123241483527952
2.7436575841350863,1.5707963267948966,-1.0111794123962101
2.7855454861829498,1.5707963267948966,-1.1662446072540238
2.8274333882308138,1.5707963267948966,-1.2708132409010047
2.8693212902786778,1.5707963267948966,-1.3226456909071231
2.9112091923265417,1.5707963267948966,-1.3179762457692565
2.9530970943744053,1.5707963267948966,-1.2509777491776815
2.9949849964222697,1.5707963267948966,-1.1148694864964492
3.0368728984701332,1.5707963267948966,-0.9028280562054173
3.0787608005179976,1.5707963267948966,-0.6084506520415297
3.1206487025658611,1.5707963267948966,-0.2259387689200189
0.0209439510239320,1.6126842288427605,-0.2269941696237845
0.0628318530717960,1.6126842288427605,-0.6092879370569733
0.1047197551196597,1.6126842288427605,-0.9027342430690302
0.1466076571675237,1.6126842288427605,-1.1147731594023429
0.1884955592153876,1.6126842288427605,-1.2522416789028739
0.2303834612632514,1.6126842288427605,-1.3214769342366310
0.2722713633111153,1.6126842288427605,-1.3282345742313819
0.3141592653589793,1.6126842288427605,-1.2773238158278417
0.3560471674068433,1.6126842288427605,-1.1722717939710110
0.3979350694547070,1.6126842288427605,-1.0165161052517688
0.4398229715025710,1.6126842288427605,-0.8184124371974407
0.4817108735504350,1.6126842288427605,-0.5927062572022009
0.5235987755982989,1.6126842288427605,-0.3288030413097239
0.5654866776461627,1.6126842288427605,-0.0417707667380346
0.6073745796940266,1.6126842288427605,0.1215356749233492
0.6492624817418906,1.6126842288427605,0.2876100808666558
0.6911503837897545,1.6126842288427605,0.4604700518091071
0.7330382858376183,1.6126842288427605,0.6383045542511481
0.7749261878854823,1.6126842288427605,0.8187187721390953
0.8168140899333461,1.6126842288427605,0.9998308015953887
0.8587019919812100,1.6126842288427605,1.1803572691249586
0.9005898940290740,1.6126842288427605,1.3592325357137236
0.9424777960769379,1.6126842288427605,1.5350920155916246
0.9843656981248019,1.6126842288427605,1.7063386167765355
1.0262536001726656,1.6126842288427605,1.8714859386933747
1.0681415022205296,1.6126842288427605,2.0293061517357218
1.1100294042683936,1.6126842288427605,2.1787447634609811
1.1519173063162575,1.6126842288427605,2.3187986828713569
1.1938052083641213,1.6126842288427605,2.4484760300937154
1.2356931104119853,1.6126842288427605,2.5668263001136897
1.2775810124598492,1.6126842288427605,2.6729881736433270
1.3194689145077132,1.6126842288427605,2.7662222930065830
1.3613568165555769,1.6126842288427605,2.8459227984304971
1.4032447186034409,1.6126842288427605,2.9116139303089885
1.4451326206513049,1.6126842288427605,2.9629394794040951
1.4870205226991688,1.6126842288427605,2.9996502899491535
1.5289084247470326,1.6126842288427605,3.0215923492155161
1.5707963267948966,1.6126842288427605,3.0286963715600064
1.6126842288427605,1.6126842288427605,3.0209691062673820
1.6545721308906245,1.6126842288427605,2.9984865049862073
1.6964600329384882,1.6126842288427605,2.9613890905620961
1.7383479349863524,1.6126842288427605,2.9098801903226934
1.7802358370342162,1.6126842288427605,2.8442279739735525
1.8221237390820799,1.6126842288427605,2.7647722450691070
1.8640116411299441,1.6126842288427605,2.6719363309240558
1.9058995431778079,1.6126842288427605,2.5662427909556276
1.9477874452256716,1.6126842288427605,2.4483288756419808
1.9896753472735358,1.6126842288427605,2.3189546318829235
2.0315632493213993,1.6126842288427605,2.1789963457680352
2.0734511513692637,1.6126842288427605,2.0294258955323503
2.1153390534171272,1.6126842288427605,1.8712952865732273
2.1572269554649912,1.6126842288427605,1.7057629057855785
2.1991148575128552,1.6126842288427605,1.5341763184733646
2.2410027595607191,1.6126842288427605,1.3581316670483530
2.2828906616085827,1.6126842288427605,1.1793286094972331
2.3247785636564471,1.6126842288427605,0.9991611298058206
2.3666664657043106,1.6126842288427605,0.8184650533576966
2.4085543677521750,1.6126842288427605,0.6381539554126794
2.4504422698000385,1.6126842288427605,0.4605671629271740
2.4923301718479025,1.6126842288427605,0.2887515163990550
2.5342180738957665,1.6126842288427605,0.1223737106246786
2.5761059759436304,1.6126842288427605,-0.0399014793442471
2.6179938779914940,1.6126842288427605,-0.3258029110171246
2.6598817800393584,1.6126842288427605,-0.5908510027563127
2.7017696820872219,1.6126842288427605,-0.8168911021689655
2.7436575841350863,1.6126842288427605,-1.0143644267088341
2.7855454861829498,1.6126842288427605,-1.1682242976501998
2.8274333882308138,1.6126842288427605,-1.2722651304135011
2.8693212902786778,1.6126842288427605,-1.3241364373195081
2.9112091923265417,1.6126842288427605,-1.3197815965882704
2.9530970943744053,1.6126842288427605,-1.2530717794753907
2.9949849964222697,1.6126842288427605,-1.1170033589847619
3.0368728984701332,1.6126842288427605,-0.9046569623847791
3.0787608005179976,1.6126842288427605,-0.6096648493394246
3.1206487025658611,1.6126842288427605,-0.2263565754336483
0.0209439510239320,1.6545721308906245,-0.2274792796332211
0.0628318530717960,1.6545721308906245,-0.6110878297973176
0.1047197551196597,1.6545721308906245,-0.9058986322232923
0.1466076571675237,1.6545721308906245,-1.1190240139069310
0.1884955592153876,1.6545721308906245,-1.2572129588095107
0.2303834612632514,1.6545721308906245,-1.3269642198939828
0.2722713633111153,1.6545721308906245,-1.3343731292343017
0.3141592653589793,1.6545721308906245,-1.2845817927783292
0.3560471674068433,1.6545721308906245,-1.1811802096039450
0.3979350694547070,1.6545721308906245,-1.0272881963866343
0.4398229715025710,1.6545721308906245,-0.8309010058584235
0.4817108735504350,1.6545721308906245,-0.6073475598292680
0.5235987755982989,1.6545721308906245,-0.3457262814434626
0.5654866776461627,1.6545721308906245,-0.0591396842631962
0.6073745796940266,1.6545721308906245,0.1126890065537506
0.6492624817418906,1.6545721308906245,0.2768489999235996
0.6911503837897545,1.6545721308906245,0.4487104658644810
0.7330382858376183,1.6545721308906245,0.6254937451762613
0.7749261878854823,1.6545721308906245,0.8050770047516229
0.8168140899333461,1.6545721308906245,0.9854131798242506
0.8587019919812100,1.6545721308906245,1.1651603548468634
0.9005898940290740,1.6545721308906245,1.3433157606795767
0.9424777960769379,1.6545721308906245,1.5185521595626612
0.9843656981248019,1.6545721308906245,1.6892302367112815
1.0262536001726656,1.6545721308906245,1.8537812059498135
1.0681415022205296,1.6545721308906245,2.0109202525834742
1.1100294042683936,1.6545721308906245,2.1595976456745247
1.1519173063162575,1.6545721308906245,2.2988689935421167
1.1938052083641213,1.6545721308906245,2.4278215472079547
1.2356931104119853,1.6545721308906245,2.5455711974593269
1.2775810124598492,1.6545721308906245,2.6512920114898693
1.3194689145077132,1.6545721308906245,2.7442465802015534
1.3613568165555769,1.6545721308906245,2.8238051772523431
1.4032447186034409,1.6545721308906245,2.8894537390826831
1.4451326206513049,1.6545721308906245,2.9407942703667604
1.4870205226991688,1.6545721308906245,2.9775409286181254
1.5289084247470326,1.6545721308906245,2.9995138273184736
1.5707963267948966,1.6545721308906245,3.0066316699110538
1.6126842288427605,1.6545721308906245,2.9989038532868202
1.6545721308906245,1.6545721308906245,2.9764225402958777
1.6964600329384882,1.6545721308906245,2.9393552712030524
1.7383479349863524,1.6545721308906245,2.8879388775343626
1.7802358370342162,1.6545721308906245,2.8224756902469172
1.8221237390820799,1.6545721308906245,2.7433331487956742
1.8640116411299441,1.6545721308906245,2.6509476700713317
1.9058995431778079,1.6545721308906245,2.5458327203308393
1.9477874452256716,1.6545721308906245,2.4285893297718246
1.9896753472735358,1.6545721308906245,2.2999154569209073
2.0315632493213993,1.6545721308906245,2.1606109038214241
2.0734511513692637,1.6545721308906245,2.0115806390609734
2.1153390534171272,1.6545721308906245,1.8538525231123002
2.1572269554649912,1.6545721308906245,1.6886332260710966
2.1991148575128552,1.6545721308906245,1.5173941726232534
2.2410027595607191,1.6545721308906245,1.3418809951159729
2.2828906616085827,1.6545721308906245,1.1638585704311342
2.3247785636564471,1.6545721308906245,0.9845974734604381
2.3666664657043106,1.6545721308906245,0.8046992031615843
2.4085543677521750,1.6545721308906245,0.6250995719699867
2.4504422698000385,1.6545721308906245,0.4485107784063272
2.4923301718479025,1.6545721308906245,0.2776583344946457
2.5342180738957665,1.6545721308906245,0.1134317911091498
2.5761059759436304,1.6545721308906245,-0.0574543428635322
2.6179938779914940,1.6545721308906245,-0.3444254376729970
2.6598817800393584,1.6545721308906245,-0.6060688113558341
2.7017696820872219,1.6545721308906245,-0.8314127319178327
2.7436575841350863,1.6545721308906245,-1.0257923038555945
2.7855454861829498,1.6545721308906245,-1.1767074781605626
2.8274333882308138,1.6545721308906245,-1.2789547378722235
2.8693212902786778,1.6545721308906245,-1.3299120068263350
2.9112091923265417,1.6545721308906245,-1.3250903949087001
2.9530970943744053,1.6545721308906245,-1.2579756968756046
2.9949849964222697,1.6545721308906245,-1.1212799148760206
3.0368728984701332,1.6545721308906245,-0.9079624780478773
3.0787608005179976,1.6545721308906245,-0.6117104074099110
3.1206487025658611,1.6545721308906245,-0.2270261978131131
0.0209439510239320,1.6964600329384882,-0.2282227122255107
0.0628318530717960,1.6964600329384882,-0.6137080006574837
0.1047197551196597,1.6964600329384882,-0.9104257105244515
0.1466076571675237,1.6964600329384882,-1.1251032348488743
0.1884955592153876,1.6964600329384882,-1.2644107741695507
0.2303834612632514,1.6964600329384882,-1.3350967094331083
0.2722713633111153,1.6964600329384882,-1.3437571743787970
0.3141592653589793,1.6964600329384882,-1.2960908723463667
0.3560471674068433,1.6964600329384882,-1.1960044035267650
0.3979350694547070,1.6964600329384882,-1.0462872420959937
0.4398229715025710,1.6964600329384882,-0.8533550182377726
0.4817108735504350,1.6964600329384882,-0.6309532507279593
0.5235987755982989,1.6964600329384882,-0.3747599002394473
0.5654866776461627,1.6964600329384882,-0.0922110542130159
0.6073745796940266,1.6964600329384882,0.0978182488802954
0.6492624817418906,1.6964600329384882,0.2590534474681587
0.6911503837897545,1.6964600329384882,0.4292556228258331
0.7330382858376183,1.6964600329384882,0.6042248804205457
0.7749261878854823,1.6964600329384882,0.7822413260839507
0.8168140899333461,1.6964600329384882,0.9612937075491671
0.8587019919812100,1.6964600329384882,1.1398626371574776
0.9005898940290740,1.6964600329384882,1.3168743662899329
0.9424777960769379,1.6964600329384882,1.4910122071172951
0.9843656981248019,1.6964600329384882,1.6606283592037423
1.0262536001726656,1.6964600329384882,1.8241083282702397
1.0681415022205296,1.6964600329384882,1.9801289852366954
1.1100294042683936,1.6964600329384882,2.1276488744271709
1.1519173063162575,1.6964600329384882,2.2657793509618585
1.1938052083641213,1.6964600329384882,2.3936836948499147
1.2356931104119853,1.6964600329384882,2.5105434225796368
1.2775810124598492,1.6964600329384882,2.6155693341692960
1.3194689145077132,1.6964600329384882,2.7080281181852910
1.3613568165555769,1.6964600329384882,2.7872678728783389
1.4032447186034409,1.6964600329384882,2.8527367566755442
1.4451326206513049,1.6964600329384882,2.9039942175063960
1.4870205226991688,1.6964600329384882,2.9407159094123791
1.5289084247470326,1.6964600329384882,2.9626936194742854
1.5707963267948966,1.6964600329384882,2.9698313590023950
1.6126842288427605,1.6964600329384882,2.9621385824342781
1.6545721308906245,1.6964600329384882,2.9397213786370289
1.6964600329384882,1.6964600329384882,2.9027724599704245
1.7383479349863524,1.6964600329384882,2.8515608674109441
1.7802358370342162,1.6964600329384882,2.7864224993374154
1.8221237390820799,1.6964600329384882,2.7077527800824606
1.8640116411299441,1.6964600329384882,2.6160028512942866
1.9058995431778079,1.6964600329384882,2.5116803831934771
1.9477874452256716,1.6964600329384882,2.3953553777588361
1.9896753472735358,1.6964600329384882,2.2676706251555379
2.0315632493213993,1.6964600329384882,2.1293572960039371
2.0734511513692637,1.6964600329384882,1.9812607369106334
2.1153390534171272,1.6964600329384882,1.8243890823597650
2.1572269554649912,1.6964600329384882,1.6599947631306544
2.1991148575128552,1.6964600329384882,1.4896555470816570
2.2410027595607191,1.6964600329384882,1.3152230226119612
2.2828906616085827,1.6964600329384882,1.1384612264947058
2.3247785636564471,1.6964600329384882,0.9604867077283826
2.3666664657043106,1.6964600329384882,0.7817856049537185
2.4085543677521750,1.6964600329384882,0.6035596669495510
2.4504422698000385,1.6964600329384882,0.4288230377610341
2.4923301718479025,1.6964600329384882,0.2596524389886867
2.5342180738957665,1.6964600329384882,0.0984600545239972
2.5761059759436304,1.6964600329384882,-0.0910289837999717
2.6179938779914940,1.6964600329384882,-0.3746114735439950
2.6598817800393584,1.6964600329384882,-0.6311522573896461
2.7017696820872219,1.6964600329384882,-0.8553688697775922
2.7436575841350863,1.6964600329384882,-1.0458301839874105
2.7855454861829498,1.6964600329384882,-1.1927650147337869
2.8274333882308138,1.6964600329384882,-1.2920870476316788
2.8693212902786778,1.6964600329384882,-1.3409509074145070
2.9112091923265417,1.6964600329384882,-1.3344702151231529
2.9530970943744053,1.6964600329384882,-1.2658036262774921
2.9949849964222697,1.6964600329384882,-1.1274501617716068
3.0368728984701332,1.6964600329384882,-0.9123188370378048
3.0787608005179976,1.6964600329384882,-0.6142023283653740
3.1206487025658611,1.6964600329384882,-0.2277877379024278
0.0209439510239320,1.7383479349863524,-0.2290809641806511
0.0628318530717960,1.7383479349863524,-0.6168920386743812
0.1047197551196597,1.7383479349863524,-0.9161839797250875
0.1466076571675237,1.7383479349863524,-1.1332047698571925
0.1884955592153876,1.7383479349863524,-1.2744689808529215
0.2303834612632514,1.7383479349863524,-1.3469428027303976
0.2722713633111153,1.7383479349863524,-1.3577530460318117
0.3141592653589793,1.7383479349863524,-1.3132537980616807
0.3560471674068433,1.7383479349863524,-1.2178139555436940
0.3979350694547070,1.7383479349863524,-1.0738906328205562
0.4398229715025710,1.7383479349863524,-0.8857668275800563
0.4817108735504350,1.7383479349863524,-0.6645807609586052
0.5235987755982989,1.7383479349863524,-0.4141601959749442
0.5654866776461627,1.7383479349863524,-0.1357161972891639
0.6073745796940266,1.7383479349863524,0.0767171846531462
0.6492624817418906,1.7383479349863524,0.2342478982416350
0.6911503837897545,1.7383479349863524,0.4022274780888207
0.7330382858376183,1.7383479349863524,0.5747616967501177
0.7749261878854823,1.7383479349863524,0.7504336266043119
0.8168140899333461,1.7383479349863524,0.9276324040557923
0.8587019919812100,1.7383479349863524,1.1046152426072702
0.9005898940290740,1.7383479349863524,1.2800753994917384
0.9424777960769379,1.7383479349863524,1.4526517056722739
0.9843656981248019,1.7383479349863524,1.6207185079517461
1.0262536001726656,1.7383479349863524,1.7826606119169770
1.0681415022205296,1.7383479349863524,1.9371411538818828
1.1100294042683936,1.7383479349863524,2.0831295711090974
1.1519173063162575,1.7383479349863524,2.2197845381208454
1.1938052083641213,1.7383479349863524,2.3463361462077907
1.2356931104119853,1.7383479349863524,2.4620267055717853
1.2775810124598492,1.7383479349863524,2.5661039053307606
1.3194689145077132,1.7383479349863524,2.6578418868485834
1.3613568165555769,1.7383479349863524,2.7365708819620447
1.4032447186034409,1.7383479349863524,2.8017048700692877
1.4451326206513049,1.7383479349863524,2.8527628070582947
1.4870205226991688,1.7383479349863524,2.8893822285859345
1.5289084247470326,1.7383479349863524,2.9113255511742948
1.5707963267948966,1.7383479349863524,2.9184800208215873
1.6126842288427605,1.7383479349863524,2.9108524436236505
1.6545721308906245,1.7383479349863524,2.8885598259460927
1.6964600329384882,1.7383479349863524,2.8518170133341538
1.7383479349863524,1.7383479349863524,2.8009224563595554
1.7802358370342162,1.7383479349863524,2.7362434045736830
1.8221237390820799,1.7383479349863524,2.6582021276464767
1.8640116411299441,1.7383479349863524,2.5672651027366928
1.9058995431778079,1.7383479349863524,2.4639373597699881
1.9477874452256716,1.7383479349863524,2.3487642844961352
1.9896753472735358,1.7383479349863524,2.2223434147288943
2.0315632493213993,1.7383479349863524,2.0853499647492675
2.0734511513692637,1.7383479349863524,1.9385827309459398
2.1153390534171272,1.7383479349863524,1.7830387995557635
2.1572269554649912,1.7383479349863524,1.6200121692941756
2.1991148575128552,1.7383479349863524,1.4511571028209018
2.2410027595607191,1.7383479349863524,1.2783655349617826
2.2828906616085827,1.7383479349863524,1.1033204883663490
2.3247785636564471,1.7383479349863524,0.9269844743092812
2.3666664657043106,1.7383479349863524,0.7499254281097388
2.4085543677521750,1.7383479349863524,0.5738344972175774
2.4504422698000385,1.7383479349863524,0.4017005621620102
2.4923301718479025,1.7383479349863524,0.2347227163469359
2.5342180738957665,1.7383479349863524,0.0771624900717476
2.5761059759436304,1.7383479349863524,-0.1355737717870727
2.6179938779914940,1.7383479349863524,-0.4147173990818117
2.6598817800393584,1.7383479349863524,-0.6661956251993593
2.7017696820872219,1.7383479349863524,-0.8881023821140238
2.7436575841350863,1.7383479349863524,-1.0744631958396720
2.7855454861829498,1.7383479349863524,-1.2170714092897568
2.8274333882308138,1.7383479349863524,-1.3125307149588783
2.8693212902786778,1.7383479349863524,-1.3579242351356158
2.9112091923265417,1.7383479349863524,-1.3482086227216141
2.9530970943744053,1.7383479349863524,-1.2764559575491721
2.9949849964222697,1.7383479349863524,-1.1351595356843618
3.0368728984701332,1.7383479349863524,-0.9173078134044540
3.0787608005179976,1.7383479349863524,-0.6168275689181615
3.1206487025658611,1.7383479349863524,-0.2285296110392418
0.0209439510239320,1.7802358370342162,-0.2299076859971286
0.0628318530717960,1.7802358370342162,-0.6203399931671453
0.1047197551196597,1.7802358370342162,-0.9229589299286320
0.1466076571675237,1.7802358370342162,-1.1434475916325484
0.1884955592153876,1.7802358370342162,-1.2880105151267953
0.2303834612632514,1.7802358370342162,-1.3636371789246804
0.2722713633111153,1.7802358370342162,-1.3778036014587529
0.3141592653589793,1.7802358370342162,-1.3374120743669151
0.3560471674068433,1.7802358370342162,-1.2473077495396603
0.3979350694547070,1.7802358370342162,-1.1097943566003459
0.4398229715025710,1.7802358370342162,-0.9275105924436801
0.4817108735504350,1.7802358370342162,-0.7092156723777933
0.5235987755982989,1.7802358370342162,-0.4633682268937453
0.5654866776461627,1.7802358370342162,-0.1914972933377710
0.6073745796940266,1.7802358370342162,0.0485856655340889
0.6492624817418906,1.7802358370342162,0.2025403367057140
0.6911503837897545,1.7802358370342162,0.3677008688643618
0.7330382858376183,1.7802358370342162,0.5374528219954955
0.7749261878854823,1.7802358370342162,0.7100331210883402
0.8168140899333461,1.7802358370342162,0.8847046113623734
0.8587019919812100,1.7802358370342162,1.0596405929228112
0.9005898940290740,1.7802358370342162,1.2331497959188829
0.9424777960769379,1.7802358370342162,1.4037274167968694
0.9843656981248019,1.7802358370342162,1.5697776328472803
1.0262536001726656,1.7802358370342162,1.7297293015080248
1.0681415022205296,1.7802358370342162,1.8822626315018511
1.1100294042683936,1.7802358370342162,2.0263636575555464
1.1519173063162575,1.7802358370342162,2.1612283564314265
1.1938052083641213,1.7802358370342162,2.2861404032356263
1.2356931104119853,1.7802358370342162,2.4003942531551221
1.2775810124598492,1.7802358370342162,2.5032725367408029
1.3194689145077132,1.7802358370342162,2.5940601312718239
1.3613568165555769,1.7802358370342162,2.6720752252946660
1.4032447186034409,1.7802358370342162,2.7367035893524898
1.4451326206513049,1.7802358370342162,2.7874282939380297
1.4870205226991688,1.7802358370342162,2.8238513592125050
1.5289084247470326,1.7802358370342162,2.8457064008706237
1.5707963267948966,1.7802358370342162,2.8528627333807393
1.6126842288427605,1.7802358370342162,2.8453220278626516
1.6545721308906245,1.7802358370342162,2.8232088266284951
1.6964600329384882,1.7802358370342162,2.7867562467543125
1.7383479349863524,1.7802358370342162,2.7362882529887536
1.7802358370342162,1.7802358370342162,2.6722000710656322
1.8221237390820799,1.7802358370342162,2.5949387003893296
1.8640116411299441,1.7802358370342162,2.5049860546081004
1.9058995431778079,1.7802358370342162,2.4028479463250800
1.9477874452256716,1.7802358370342162,2.2890528952521842
1.9896753472735358,1.7802358370342162,2.1641656672733198
2.0315632493213993,1.7802358370342162,2.0288217254651366
2.0734511513692637,1.7802358370342162,1.8837897064671025
2.1153390534171272,1.7802358370342162,1.7300647476810078
2.1572269554649912,1.7802358370342162,1.5689716721567293
2.1991148575128552,1.7802358370342162,1.4021953350043359
2.2410027595607191,1.7802358370342162,1.2315843875833452
2.2828906616085827,1.7802358370342162,1.0586688112552474
2.3247785636564471,1.7802358370342162,0.8843234512768655
2.3666664657043106,1.7802358370342162,0.7094600416233663
2.4085543677521750,1.7802358370342162,0.5363227720180156
2.4504422698000385,1.7802358370342162,0.3672534080837670
2.4923301718479025,1.7802358370342162,0.2028342206096855
2.5342180738957665,1.7802358370342162,0.0486965298380370
2.5761059759436304,1.7802358370342162,-0.1930205300079877
2.6179938779914940,1.7802358370342162,-0.4647808407983027
2.6598817800393584,1.7802358370342162,-0.7112610135057966
2.7017696820872219,1.7802358370342162,-0.9291124178162868
2.7436575841350863,1.7802358370342162,-1.1111384815236869
2.7855454861829498,1.7802358370342162,-1.2492760575250426
2.8274333882308138,1.7802358370342162,-1.3400499690559051
2.8693212902786778,1.7802358370342162,-1.3805618817139831
2.9112091923265417,1.7802358370342162,-1.3659472135555339
2.9530970943744053,1.7802358370342162,-1.2895332090193787
2.9949849964222697,1.7802358370342162,-1.1440600481389285
3.0368728984701332,1.7802358370342162,-0.9227040598229085
3.0787608005179976,1.7802358370342162,-0.6194929366919062
3.1206487025658611,1.7802358370342162,-0.2292402941411525
0.0209439510239320,1.8221237390820799,-0.2306138746462817
0.0628318530717960,1.8221237390820799,-0.6237672041964407
0.1047197551196597,1.8221237390820799,-0.9303403062270273
0.1466076571675237,1.8221237390820799,-1.1554552309813713
0.1884955592153876,1.8221237390820799,-1.3048695992171360
0.2303834612632514,1.8221237390820799,-1.3853116466030593
0.2722713633111153,1.8221237390820799,-1.4042376150791263
0.3141592653589793,1.8221237390820799,-1.3687758378347068
0.3560471674068433,1.8221237390820799,-1.2841588966131769
0.3979350694547070,1.8221237390820799,-1.1529893236935191
0.4398229715025710,1.8221237390820799,-0.9775872293479733
0.4817108735504350,1.8221237390820799,-0.7651224268312855
0.5235987755982989,1.8221237390820799,-0.5235265457612774
0.5654866776461627,1.8221237390820799,-0.2597103861487295
0.6073745796940266,1.8221237390820799,0.0104192925890226
0.6492624817418906,1.8221237390820799,0.1642443363636822
0.6911503837897545,1.8221237390820799,0.3256993066362421
0.7330382858376183,1.8221237390820799,0.4926397899584485
0.7749261878854823,1.8221237390820799,0.6615701497301267
0.8168140899333461,1.8221237390820799,0.8329348249655036
0.8587019919812100,1.8221237390820799,1.0052514767022225
0.9005898940290740,1.8221237390820799,1.1763913851894883
0.9424777960769379,1.8221237390820799,1.3445642759289775
0.9843656981248019,1.8221237390820799,1.5081655233401381
1.0262536001726656,1.8221237390820799,1.6656975913080116
1.0681415022205296,1.8221237390820799,1.8158915526443993
1.1100294042683936,1.8221237390820799,1.9577620131551079
1.1519173063162575,1.8221237390820799,2.0905352909418746
1.1938052083641213,1.8221237390820799,2.2135347555445719
1.2356931104119853,1.8221237390820799,2.3260958110485896
1.2775810124598492,1.8221237390820799,2.4275315765673771
1.3194689145077132,1.8221237390820799,2.5171396144706804
1.3613568165555769,1.8221237390820799,2.5942319958025588
1.4032447186034409,1.8221237390820799,2.6581734870296727
1.4451326206513049,1.8221237390820799,2.7084177141740757
1.4870205226991688,1.8221237390820799,2.7445357043947647
1.5289084247470326,1.8221237390820799,2.7662344723805208
1.5707963267948966,1.8221237390820799,2.7733653686176010
1.6126842288427605,1.8221237390820799,2.7659230201435965
1.6545721308906245,1.8221237390820799,2.7440361947495213
1.6964600329384882,1.8221237390820799,2.7079521086716980
1.7383479349863524,1.8221237390820799,2.6580158258410940
1.7802358370342162,1.8221237390820799,2.5946466462057280
1.8221237390820799,1.8221237390820799,2.5183138610266864
1.8640116411299441,1.8221237390820799,2.4295150045843679
1.9058995431778079,1.8221237390820799,2.3287607386994083
1.9477874452256716,1.8221237390820799,2.2165717171208734
1.9896753472735358,1.8221237390820799,2.0934940791851271
2.0315632493213993,1.8221237390820799,1.9601411424939736
2.0734511513692637,1.8221237390820799,1.8172673504993082
2.1153390534171272,1.8221237390820799,1.6658700512389661
2.1572269554649912,1.8221237390820799,1.5072819514483962
2.1991148575128552,1.8221237390820799,1.3431553617669663
2.2410027595607191,1.8221237390820799,1.1752072765554209
2.2828906616085827,1.8221237390820799,1.0047861577810231
2.3247785636564471,1.8221237390820799,0.8328405459221069
2.3666664657043106,1.8221237390820799,0.6608785053905878
2.4085543677521750,1.8221237390820799,0.4914275694700698
2.4504422698000385,1.8221237390820799,0.3254421756535489
2.4923301718479025,1.8221237390820799,0.1640928175697452
2.5342180738957665,1.8221237390820799,0.0102309655014711
2.5761059759436304,1.8221237390820799,-0.2627459242219082
2.6179938779914940,1.8221237390820799,-0.5254825686441196
2.6598817800393584,1.8221237390820799,-0.7663217188108326
2.7017696820872219,1.8221237390820799,-0.9780144822096617
2.7436575841350863,1.8221237390820799,-1.1547337747585158
2.7855454861829498,1.8221237390820799,-1.2878804959361727
2.8274333882308138,1.8221237390820799,-1.3731857979287516
2.8693212902786778,1.8221237390820799,-1.4076670363582571
2.9112091923265417,1.8221237390820799,-1.3868567167184542
2.9530970943744053,1.8221237390820799,-1.3046048838006088
2.9949849964222697,1.8221237390820799,-1.1540709385536423
3.0368728984701332,1.8221237390820799,-0.9286510299844098
3.0787608005179976,1.8221237390820799,-0.6223984228866598
3.1206487025658611,1.8221237390820799,-0.2300165925552367
0.0209439510239320,1.8640116411299441,-0.2312403433869316
0.0628318530717960,1.8640116411299441,-0.6271108463246912
0.1047197551196597,1.8640116411299441,-0.9379844438551598
0.1466076571675237,1.8640116411299441,-1.1685395146799105
0.1884955592153876,1.8640116411299441,-1.3240657617256149
0.2303834612632514,1.8640116411299441,-1.4108103783811909
0.2722713633111153,1.8640116411299441,-1.4358139265032341
0.3141592653589793,1.8640116411299441,-1.4060180685515511
0.3560471674068433,1.8640116411299441,-1.3269282362435049
0.3979350694547070,1.8640116411299441,-1.2020585527157632
0.4398229715025710,1.8640116411299441,-1.0348537406474025
0.4817108735504350,1.8640116411299441,-0.8314337613204292
0.5235987755982989,1.8640116411299441,-0.5952272484913687
0.5654866776461627,1.8640116411299441,-0.3368642996690921
0.6073745796940266,1.8640116411299441,-0.0521791140777888
0.6492624817418906,1.8640116411299441,0.1198514712549487
0.6911503837897545,1.8640116411299441,0.2763343996300070
0.7330382858376183,1.8640116411299441,0.4405274869259212
0.7749261878854823,1.8640116411299441,0.6056589788561016
0.8168140899333461,1.8640116411299441,0.7729259227684365
0.8587019919812100,1.8640116411299441,0.9418882141194527
0.9005898940290740,1.8640116411299441,1.1101672088565639
0.9424777960769379,1.8640116411299441,1.2755468356649406
0.9843656981248019,1.8640116411299441,1.4363115362839334
1.0262536001726656,1.8640116411299441,1.5910301593295095
1.0681415022205296,1.8640116411299441,1.7385118672892446
1.1100294042683936,1.8640116411299441,1.8778180602399626
1.1519173063162575,1.8640116411299441,2.0082054941552809
1.1938052083641213,1.8640116411299441,2.1290268333291826
1.2356931104119853,1.8640116411299441,2.2396472251745361
1.2775810124598492,1.8640116411299441,2.3394039956071104
1.3194689145077132,1.8640116411299441,2.4276073483223337
1.3613568165555769,1.8640116411299441,2.5035679861217650
1.4032447186034409,1.8640116411299441,2.5666367866781905
1.4451326206513049,1.8640116411299441,2.6162451690552539
1.4870205226991688,1.8640116411299441,2.6519389760767327
1.5289084247470326,1.8640116411299441,2.6734022062105938
1.5707963267948966,1.8640116411299441,2.6804694163746867
1.6126842288427605,1.8640116411299441,2.6731271594722910
1.6545721308906245,1.8640116411299441,2.6515056573667226
1.6964600329384882,1.8640116411299441,2.6158623297446391
1.7383479349863524,1.8640116411299441,2.5665590737294544
1.7802358370342162,1.8640116411299441,2.5040355372153211
1.8221237390820799,1.8640116411299441,2.4287812019533486
1.8640116411299441,1.8640116411299441,2.3413099724055901
1.9058995431778079,1.8640116411299441,2.2421421649963396
1.9477874452256716,1.8640116411299441,2.1318002198866108
1.9896753472735358,1.8640116411299441,2.0108257695092786
2.0315632493213993,1.8640116411299441,1.8798257749627194
2.0734511513692637,1.8640116411299441,1.7395510564559260
2.1153390534171272,1.8640116411299441,1.5909943356590706
2.1572269554649912,1.8640116411299441,1.4354570909462974
2.1991148575128552,1.8640116411299441,1.2744847351216262
2.2410027595607191,1.8640116411299441,1.1095964943609862
2.2828906616085827,1.8640116411299441,0.9420165001535755
2.3247785636564471,1.8640116411299441,0.7730133981476682
2.3666664657043106,1.8640116411299441,0.6047770614295486
2.4085543677521750,1.8640116411299441,0.4394096441772725
2.4504422698000385,1.8640116411299441,0.2761532412721825
2.4923301718479025,1.8640116411299441,0.1189142675385346
2.5342180738957665,1.8640116411299441,-0.0533903684084839
2.5761059759436304,1.8640116411299441,-0.3391821823231705
2.6179938779914940,1.8640116411299441,-0.5967232223616193
2.6598817800393584,1.8640116411299441,-0.8309216935375974
2.7017696820872219,1.8640116411299441,-1.0342381080999437
2.7436575841350863,1.8640116411299441,-1.2037703227531342
2.7855454861829498,1.8640116411299441,-1.3308136034237781
2.8274333882308138,1.8640116411299441,-1.4099510460091909
2.8693212902786778,1.8640116411299441,-1.4377987551476128
2.9112091923265417,1.8640116411299441,-1.4102109190276451
2.9530970943744053,1.8640116411299441,-1.3215937391347981
2.9949849964222697,1.8640116411299441,-1.1655448067353522
3.0368728984701332,1.8640116411299441,-0.9356533086564994
3.0787608005179976,1.8640116411299441,-0.6259529353147415
3.1206487025658611,1.8640116411299441,-0.2310123941637803
0.0209439510239320,1.9058995431778079,-0.2319617615828140
0.0628318530717960,1.9058995431778079,-0.6306619087423250
0.1047197551196597,1.9058995431778079,-0.9459801746250757
0.1466076571675237,1.9058995431778079,-1.1823106245198431
0.1884955592153876,1.9058995431778079,-1.3445686099074143
0.2303834612632514,1.9058995431778079,-1.4384738335962572
0.2722713633111153,1.9058995431778079,-1.4704384675243143
0.3141592653589793,1.9058995431778079,-1.4469441070438236
0.3560471674068433,1.9058995431778079,-1.3737194745917569
0.3979350694547070,1.9058995431778079,-1.2556657855573305
0.4398229715025710,1.9058995431778079,-1.0980950894115953
0.4817108735504350,1.9058995431778079,-0.9059567630308742
0.5235987755982989,1.9058995431778079,-0.6770195650894326
0.5654866776461627,1.9058995431778079,-0.4209576872064699
0.6073745796940266,1.9058995431778079,-0.1456045788213936
0.6492624817418906,1.9058995431778079,0.0692101699306800
0.6911503837897545,1.9058995431778079,0.2201636346259264
0.7330382858376183,1.9058995431778079,0.3811102690153305
0.7749261878854823,1.9058995431778079,0.5428345598298523
0.8168140899333461,1.9058995431778079,0.7054447743794876
0.8587019919812100,1.9058995431778079,0.8701689979337991
0.9005898940290740,1.9058995431778079,1.0349495315020993
0.9424777960769379,1.9058995431778079,1.1971206010891735
0.9843656981248019,1.9058995431778079,1.3547008452656657
1.0262536001726656,1.9058995431778079,1.5062584887154371
1.0681415022205296,1.9058995431778079,1.6506839243602305
1.1100294042683936,1.9058995431778079,1.7871037942148784
1.1519173063162575,1.9058995431778079,1.9148136158674509
1.1938052083641213,1.9058995431778079,2.0331921638732440
1.2356931104119853,1.9058995431778079,2.1416265562175467
1.2775810124598492,1.9058995431778079,2.2394722045989965
1.3194689145077132,1.9058995431778079,2.3260503830177748
1.3613568165555769,1.9058995431778079,2.4006734027770555
1.4032447186034409,1.9058995431778079,2.4626841983772589
1.4451326206513049,1.9058995431778079,2.5114989132661942
1.4870205226991688,1.9058995431778079,2.5466444482697099
1.5289084247470326,1.9058995431778079,2.5677862598292087
1.5707963267948966,1.9058995431778079,2.5747443445851630
1.6126842288427605,1.9058995431778079,2.5674971915337270
1.6545721308906245,1.9058995431778079,2.5461746351537644
1.6964600329384882,1.9058995431778079,2.5110412258510300
1.7383479349863524,1.9058995431778079,2.4624721996280718
1.7802358370342162,1.9058995431778079,2.4009246040779337
1.8221237390820799,1.9058995431778079,2.3269067961395615
1.8640116411299441,1.9058995431778079,2.2409504749848552
1.9058995431778079,1.9058995431778079,2.1435906677256544
1.9477874452256716,1.9058995431778079,2.0353604879392702
1.9896753472735358,1.9058995431778079,1.9168084375447940
2.0315632493213993,1.9058995431778079,1.7885448214576480
2.0734511513692637,1.9058995431778079,1.6513165158447591
2.1153390534171272,1.9058995431778079,1.5060891269447074
2.1572269554649912,1.9058995431778079,1.3540795499007945
2.1991148575128552,1.9058995431778079,1.1966593729138209
2.2410027595607191,1.9058995431778079,1.0351463769484621
2.2828906616085827,1.9058995431778079,0.8708096541210278
2.3247785636564471,1.9058995431778079,0.7054793723492482
2.3666664657043106,1.9058995431778079,0.5417347684361371
2.4085543677521750,1.9058995431778079,0.3802609851754866
2.4504422698000385,1.9058995431778079,0.2195682465461904
2.4923301718479025,1.9058995431778079,0.0675651639188553
2.5342180738957665,1.9058995431778079,-0.1468297742657342
2.5761059759436304,1.9058995431778079,-0.4225359903604216
2.6179938779914940,1.9058995431778079,-0.6773245478656248
2.6598817800393584,1.9058995431778079,-0.9037329441026807
2.7017696820872219,1.9058995431778079,-1.0968662908383093
2.7436575841350863,1.9058995431778079,-1.2570279643152908
2.7855454861829498,1.9058995431778079,-1.3765318637107797
2.8274333882308138,1.9058995431778079,-1.4489584898421726
2.8693212902786778,1.9058995431778079,-1.4701323921031351
2.9112091923265417,1.9058995431778079,-1.4358560845314665
2.9530970943744053,1.9058995431778079,-1.3408642597064566
2.9949849964222697,1.9058995431778079,-1.1790861612832662
3.0368728984701332,1.9058995431778079,-0.9442868981243079
3.0787608005179976,1.9058995431778079,-0.6305303825936052
3.1206487025658611,1.9058995431778079,-0.2323449154244517
0.0209439510239320,1.9477874452256716,-0.2329798508031410
0.0628318530717960,1.9477874452256716,-0.6348901244667795
0.1047197551196597,1.9477874452256716,-0.9548164809236140
0.1466076571675237,1.9477874452256716,-1.1969747763148544
0.1884955592153876,1.9477874452256716,-1.3660250132874350
0.2303834612632514,1.9477874452256716,-1.4672623135271530
0.2722713633111153,1.9477874452256716,-1.5065328880840732
0.3141592653589793,1.9477874452256716,-1.4898928136639664
0.3560471674068433,1.9477874452256716,-1.4233486671525282
0.3979350694547070,1.9477874452256716,-1.3131819026073233
0.4398229715025710,1.9477874452256716,-1.1661146778964206
0.4817108735504350,1.9477874452256716,-0.9855182494781375
0.5235987755982989,1.9477874452256716,-0.7658176315418832
0.5654866776461627,1.9477874452256716,-0.5141868482775969
0.6073745796940266,1.9477874452256716,-0.2533957581608515
0.6492624817418906,1.9477874452256716,0.0083095370298920
0.6911503837897545,1.9477874452256716,0.1585428943396973
0.7330382858376183,1.9477874452256716,0.3143753675231984
0.7749261878854823,1.9477874452256716,0.4733125110655099
0.8168140899333461,1.9477874452256716,0.6312984139847979
0.8587019919812100,1.9477874452256716,0.7909212783242657
0.9005898940290740,1.9477874452256716,0.9513732046450697
0.9424777960769379,1.9477874452256716,1.1098166613055149
0.9843656981248019,1.9477874452256716,1.2638697841473652
1.0262536001726656,1.9477874452256716,1.4119653985824845
1.0681415022205296,1.9477874452256716,1.5530312411158396
1.1100294042683936,1.9477874452256716,1.6862637316000715
1.1519173063162575,1.9477874452256716,1.8110093806077074
1.1938052083641213,1.9477874452256716,1.9266783659946796
1.2356931104119853,1.9477874452256716,2.0326786015200531
1.2775810124598492,1.9477874452256716,2.1283805258502273
1.3194689145077132,1.9477874452256716,2.2131151293301490
1.3613568165555769,1.9477874452256716,2.2861980615266257
1.4032447186034409,1.9477874452256716,2.3469687481822010
1.4451326206513049,1.9477874452256716,2.3948339253644719
1.4870205226991688,1.9477874452256716,2.4293074283673430
1.5289084247470326,1.9477874452256716,2.4500409241174457
1.5707963267948966,1.9477874452256716,2.4568428209797428
1.6126842288427605,1.9477874452256716,2.4496845607361077
1.6545721308906245,1.9477874452256716,2.4286948808077202
1.6964600329384882,1.9477874452256716,2.3941435606058832
1.7383479349863524,1.9477874452256716,2.3464168306965534
1.7802358370342162,1.9477874452256716,2.2859872315420566
1.8221237390820799,1.9477874452256716,2.2133814321454430
1.8640116411299441,1.9477874452256716,2.1291504687364831
1.9058995431778079,1.9477874452256716,2.0338480394228431
1.9477874452256716,1.9477874452256716,1.9280236436868863
1.9896753472735358,1.9477874452256716,1.8122376471834860
2.0315632493213993,1.9477874452256716,1.6871027038410720
2.0734511513692637,1.9477874452256716,1.5533464308686247
2.1153390534171272,1.9477874452256716,1.4118697051334950
2.1572269554649912,1.9477874452256716,1.2637504240240884
2.1991148575128552,1.9477874452256716,1.1101604571886212
2.2410027595607191,1.9477874452256716,0.9523143526498437
2.2828906616085827,1.9477874452256716,0.7917768326891577
2.3247785636564471,1.9477874452256716,0.6309845383254702
2.3666664657043106,1.9477874452256716,0.4721071435274767
2.4085543677521750,1.9477874452256716,0.3137970822046782
2.4504422698000385,1.9477874452256716,0.1568124515403849
2.4923301718479025,1.9477874452256716,0.0071336412719889
2.5342180738957665,1.9477874452256716,-0.2549787960231380
2.5761059759436304,1.9477874452256716,-0.5163317653871188
2.6179938779914940,1.9477874452256716,-0.7653346366806558
2.6598817800393584,1.9477874452256716,-0.9826321964879507
2.7017696820872219,1.9477874452256716,-1.1649335586432028
2.7436575841350863,1.9477874452256716,-1.3142888165928668
2.7855454861829498,1.9477874452256716,-1.4249728697662900
2.8274333882308138,1.9477874452256716,-1.4902071804987211
2.8693212902786778,1.9477874452256716,-1.5048297472633732
2.9112091923265417,1.9477874452256716,-1.4641292873937721
2.9530970943744053,1.9477874452256716,-1.3628222970002319
2.9949849964222697,1.9477874452256716,-1.1950353216338367
3.0368728984701332,1.9477874452256716,-0.9547487446085581
3.0787608005179976,1.9477874452256716,-0.6361918727680440
3.1206487025658611,1.9477874452256716,-0.2340113437229644
0.0209439510239320,1.9896753472735358,-0.2343763839249260
0.0628318530717960,1.9896753472735358,-0.6400532648982710
0.1047197551196597,1.9896753472735358,-0.9648827655350541
0.1466076571675237,1.9896753472735358,-1.2129330115074515
0.1884955592153876,1.9896753472735358,-1.3886883995821599
0.2303834612632514,1.9896753472735358,-1.4971759994287130
0.2722713633111153,1.9896753472735358,-1.5439191625080622
0.3141592653589793,1.9896753472735358,-1.5348150289604352
0.3560471674068433,1.9896753472735358,-1.4761960113381558
0.3979350694547070,1.9896753472735358,-1.3750733159956470
0.4398229715025710,1.9896753472735358,-1.2381519574273869
0.4817108735504350,1.9896753472735358,-1.0674663346017401
0.5235987755982989,1.9896753472735358,-0.8587322862322568
0.5654866776461627,1.9896753472735358,-0.6175108158197805
0.6073745796940266,1.9896753472735358,-0.3667532732217444
0.6492624817418906,1.9896753472735358,-0.0924804387169560
0.6911503837897545,1.9896753472735358,0.0928373478292904
0.7330382858376183,1.9896753472735358,0.2410407365149785
0.7749261878854823,1.9896753472735358,0.3968636408850232
0.8168140899333461,1.9896753472735358,0.5510452533027852
0.8587019919812100,1.9896753472735358,0.7051175977079942
0.9005898940290740,1.9896753472735358,0.8602955453430802
0.9424777960769379,1.9896753472735358,1.0143091951815368
0.9843656981248019,1.9896753472735358,1.1644253312783983
1.0262536001726656,1.9896753472735358,1.3087782115251299
1.0681415022205296,1.9896753472735358,1.4462260067660830
1.1100294042683936,1.9896753472735358,1.5760045940916241
1.1519173063162575,1.9896753472735358,1.6975156968835821
1.1938052083641213,1.9896753472735358,1.8102109744729655
1.2356931104119853,1.9896753472735358,1.9135254857075341
1.2775810124598492,1.9896753472735358,2.0068473037334709
1.3194689145077132,1.9896753472735358,2.0895185216798411
1.3613568165555769,1.9896753472735358,2.1608602827148116
1.4032447186034409,1.9896753472735358,2.2202121412605980
1.4451326206513049,1.9896753472735358,2.2669762245153788
1.4870205226991688,1.9896753472735358,2.3006584229999070
1.5289084247470326,1.9896753472735358,2.3209011627005043
1.5707963267948966,1.9896753472735358,2.3275045836583117
1.6126842288427605,1.9896753472735358,2.3204348773090451
1.6545721308906245,1.9896753472735358,2.2998200267415689
1.6964600329384882,1.9896753472735358,2.2659342926378101
1.7383479349863524,1.9896753472735358,2.2191736170274439
1.7802358370342162,1.9896753472735358,2.1600248348488367
1.8221237390820799,1.9896753472735358,2.0890323381779923
1.8640116411299441,1.9896753472735358,2.0067667257759658
1.9058995431778079,1.9896753472735358,1.9138009591166063
1.9477874452256716,1.9896753472735358,1.8107003027633071
1.9896753472735358,1.9896753472735358,1.6980318766370268
2.0315632493213993,1.9896753472735358,1.5763959420105227
2.0734511513692637,1.9896753472735358,1.4464712936175763
2.1153390534171272,1.9896753472735358,1.3090519449539999
2.1572269554649912,1.9896753472735358,1.1650490200077683
2.1991148575128552,1.9896753472735358,1.0154900159427651
2.2410027595607191,1.9896753472735358,0.8616905529832681
2.2828906616085827,1.9896753472735358,0.7057110591939766
2.3247785636564471,1.9896753472735358,0.5502096271003715
2.3666664657043106,1.9896753472735358,0.3958604481604146
2.4085543677521750,1.9896753472735358,0.2402982327219931
2.4504422698000385,1.9896753472735358,0.0899063567234121
2.4923301718479025,1.9896753472735358,-0.0954799855178640
2.5342180738957665,1.9896753472735358,-0.3677582957282641
2.5761059759436304,1.9896753472735358,-0.6209026027304752
2.6179938779914940,1.9896753472735358,-0.8588616313699059
2.6598817800393584,1.9896753472735358,-1.0657579507184591
2.7017696820872219,1.9896753472735358,-1.2379146383168338
2.7436575841350863,1.9896753472735358,-1.3764167267214569
2.7855454861829498,1.9896753472735358,-1.4774758938826387
2.8274333882308138,1.9896753472735358,-1.5348249113972419
2.8693212902786778,1.9896753472735358,-1.5425540462453446
2.9112091923265417,1.9896753472735358,-1.4952178922066803
2.9530970943744053,1.9896753472735358,-1.3872747367257861
2.9949849964222697,1.9896753472735358,-1.2129696837416180
3.0368728984701332,1.9896753472735358,-0.9665630466959085
3.0787608005179976,1.9896753472735358,-0.6425735595893238
3.1206487025658611,1.9896753472735358,-0.2358763735940105
0.0209439510239320,2.0315632493213993,-0.2360513108753060
0.0628318530717960,2.0315632493213993,-0.6459471950155001
0.1047197551196597,2.0315632493213993,-0.9759927270863530
0.1466076571675237,2.0315632493213993,-1.2301214755231811
0.1884955592153876,2.0315632493213993,-1.4127030965181788
0.2303834612632514,2.0315632493213993,-1.5286471336048901
0.2722713633111153,2.0315632493213993,-1.5834017045773872
0.3141592653589793,2.0315632493213993,-1.5829231710041145
0.3560471674068433,2.0315632493213993,-1.5336815771890833
0.3979350694547070,2.0315632493213993,-1.4423776861118163
0.4398229715025710,2.0315632493213993,-1.3144573783547286
0.4817108735504350,2.0315632493213993,-1.1519336366737514
0.5235987755982989,2.0315632493213993,-0.9552406136765919
0.5654866776461627,2.0315632493213993,-0.7293321815727529
0.6073745796940266,2.0315632493213993,-0.4852105201879976
0.6492624817418906,2.0315632493213993,-0.2256630913230483
0.6911503837897545,2.0315632493213993,0.0198597346203415
0.7330382858376183,2.0315632493213993,0.1634418891121636
0.7749261878854823,2.0315632493213993,0.3132938989554764
0.8168140899333461,2.0315632493213993,0.4646300542245975
0.8587019919812100,2.0315632493213993,0.6136100173756368
0.9005898940290740,2.0315632493213993,0.7627816101217398
0.9424777960769379,2.0315632493213993,0.9114900467684742
0.9843656981248019,2.0315632493213993,1.0571016836475544
1.0262536001726656,2.0315632493213993,1.1973866040184944
1.0681415022205296,2.0315632493213993,1.3309828040964151
1.1100294042683936,2.0315632493213993,1.4570826509912489
1.1519173063162575,2.0315632493213993,1.5751207326427858
1.1938052083641213,2.0315632493213993,1.6845945169698995
1.2356931104119853,2.0315632493213993,1.7849764611564711
1.2775810124598492,2.0315632493213993,1.8756809439594508
1.3194689145077132,2.0315632493213993,1.9560673221371485
1.3613568165555769,2.0315632493213993,2.0254669988744838
1.4032447186034409,2.0315632493213993,2.0832241245247660
1.4451326206513049,2.0315632493213993,2.1287408417815761
1.4870205226991688,2.0315632493213993,2.1615197480842050
1.5289084247470326,2.0315632493213993,2.1811982732919493
1.5707963267948966,2.0315632493213993,2.1875716698248784
1.6126842288427605,2.0315632493213993,2.1806030991573877
1.6545721308906245,2.0315632493213993,2.1604207834347773
1.6964600329384882,2.0315632493213993,2.1273033666138197
1.7383479349863524,2.0315632493213993,2.0816555560723042
1.7802358370342162,2.0315632493213993,2.0239768964474236
1.8221237390820799,2.0315632493213993,1.9548272744162940
1.8640116411299441,2.0315632493213993,1.8747935373064137
1.9058995431778079,2.0315632493213993,1.7844623715505838
1.9477874452256716,2.0315632493213993,1.6844049737362712
1.9896753472735358,2.0315632493213993,1.5751781701165968
2.0315632493213993,2.0315632493213993,1.4573430900421256
2.0734511513692637,2.0315632493213993,1.3314958105692665
2.1153390534171272,2.0315632493213993,1.1983005749209490
2.1572269554649912,2.0315632493213993,1.0585371180715872
2.1991148575128552,2.0315632493213993,0.9132443501346036
2.2410027595607191,2.0315632493213993,0.7640698792548289
2.2828906616085827,2.0315632493213993,0.6134912077579733
2.3247785636564471,2.0315632493213993,0.4635020799529910
2.3666664657043106,2.0315632493213993,0.3128036533229987
2.4085543677521750,2.0315632493213993,0.1617469764427313
2.4504422698000385,2.0315632493213993,0.0175534329614763
2.4923301718479025,2.0315632493213993,-0.2277595927946947
2.5342180738957665,2.0315632493213993,-0.4887179225583512
2.5761059759436304,2.0315632493213993,-0.7338400570901081
2.6179938779914940,2.0315632493213993,-0.9572334516596085
2.6598817800393584,2.0315632493213993,-1.1528382249999187
2.7017696820872219,2.0315632493213993,-1.3158289727637602
2.7436575841350863,2.0315632493213993,-1.4443308715008008
2.7855454861829498,2.0315632493213993,-1.5353757699701898
2.8274333882308138,2.0315632493213993,-1.5837448878060736
2.8693212902786778,2.0315632493213993,-1.5834249275343251
2.9112091923265417,2.0315632493213993,-1.5284751518456152
2.9530970943744053,2.0315632493213993,-1.4131125222194858
2.9949849964222697,2.0315632493213993,-1.2316838987219396
3.0368728984701332,2.0315632493213993,-0.9787299389373119
3.0787608005179976,2.0315632493213993,-0.6490581570228919
3.1206487025658611,2.0315632493213993,-0.2377477789256049
0.0209439510239320,2.0734511513692637,-0.2377991634150667
0.0628318530717960,2.0734511513692637,-0.6520360179581586
0.1047197551196597,2.0734511513692637,-0.9874235039677988
0.1466076571675237,2.0734511513692637,-1.2478177253811962
0.1884955592153876,2.0734511513692637,-1.4375637705786422
0.2303834612632514,2.0734511513692637,-1.5615853689551868
0.2722713633111153,2.0734511513692637,-1.6253828787603022
0.3141592653589793,2.0734511513692637,-1.6349320348253071
0.3560471674068433,2.0734511513692637,-1.5963908795722257
0.3979350694547070,2.0734511513692637,-1.5153973828010847
0.4398229715025710,2.0734511513692637,-1.3961647150241498
0.4817108735504350,2.0734511513692637,-1.2419407333959909
0.5235987755982989,2.0734511513692637,-1.0572770101530737
0.5654866776461627,2.0734511513692637,-0.8472463536818375
0.6073745796940266,2.0734511513692637,-0.6143234328248784
0.6492624817418906,2.0734511513692637,-0.3651582096417629
0.6911503837897545,2.0734511513692637,-0.1011980443096113
0.7330382858376183,2.0734511513692637,0.0839337767922090
0.7749261878854823,2.0734511513692637,0.2240005132729302
0.8168140899333461,2.0734511513692637,0.3714415615150335
0.8587019919812100,2.0734511513692637,0.5166554970344743
0.9005898940290740,2.0734511513692637,0.6598811029814432
0.9424777960769379,2.0734511513692637,0.8024843548379913
0.9843656981248019,2.0734511513692637,0.9428411328470214
1.0262536001726656,2.0734511513692637,1.0785994506468000
1.0681415022205296,2.0734511513692637,1.2080775542589541
1.1100294042683936,2.0734511513692637,1.3302989657008280
1.1519173063162575,2.0734511513692637,1.4446659794477181
1.1938052083641213,2.0734511513692637,1.5507042971786298
1.2356931104119853,2.0734511513692637,1.6479282914210562
1.2775810124598492,2.0734511513692637,1.7357895142742028
1.3194689145077132,2.0734511513692637,1.8136752303281376
1.3613568165555769,2.0734511513692637,1.8809358485611700
1.4032447186034409,2.0734511513692637,1.9369271645146586
1.4451326206513049,2.0734511513692637,1.9810572428710884
1.4870205226991688,2.0734511513692637,2.0128304838654310
1.5289084247470326,2.0734511513692637,2.0318836361335628
1.5707963267948966,2.0734511513692637,2.0380104423780696
1.6126842288427605,2.0734511513692637,2.0311732765511836
1.6545721308906245,2.0734511513692637,2.0115015524782094
1.6964600329384882,2.0734511513692637,1.9792778558496615
1.7383479349863524,2.0734511513692637,1.9349137036492927
1.7802358370342162,2.0734511513692637,1.8789176301691863
1.8221237390820799,2.0734511513692637,1.8118590169585100
1.8640116411299441,2.0734511513692637,1.7343317819001414
1.9058995431778079,2.0734511513692637,1.6469226773168530
1.9477874452256716,2.0734511513692637,1.5501892701560573
1.9896753472735358,2.0734511513692637,1.4446522120930263
2.0315632493213993,2.0734511513692637,1.3308049697008528
2.0734511513692637,2.0734511513692637,1.2091439871759020
2.1153390534171272,2.0734511513692637,1.0802319088830854
2.1572269554649912,2.0734511513692637,0.9448380880651609
2.1991148575128552,2.0734511513692637,0.8042223523638908
2.2410027595607191,2.0734511513692637,0.6604364717199639
2.2828906616085827,2.0734511513692637,0.5158255278138422
2.3247785636564471,2.0734511513692637,0.3707774924364272
2.3666664657043106,2.0734511513692637,0.2237775247200217
2.4085543677521750,2.0734511513692637,0.0815408746503974
2.4504422698000385,2.0734511513692637,-0.1046859087242047
2.4923301718479025,2.0734511513692637,-0.3664010543431283
2.5342180738957665,2.0734511513692637,-0.6198200645075777
2.5761059759436304,2.0734511513692637,-0.8522752079457930
2.6179938779914940,2.0734511513692637,-1.0611200209720539
2.6598817800393584,2.0734511513692637,-1.2451359276264193
2.7017696820872219,2.0734511513692637,-1.3988220703011984
2.7436575841350863,2.0734511513692637,-1.5176658315677551
2.7855454861829498,2.0734511513692637,-1.5982696080579195
2.8274333882308138,2.0734511513692637,-1.6363068820826174
2.8693212902786778,2.0734511513692637,-1.6263034491182871
2.9112091923265417,2.0734511513692637,-1.5623755515885394
2.9530970943744053,2.0734511513692637,-1.4387226208325572
2.9949849964222697,2.0734511513692637,-1.2497857035899573
3.0368728984701332,2.0734511513692637,-0.9902700273602161
3.0787608005179976,2.0734511513692637,-0.6551229169818649
3.1206487025658611,2.0734511513692637,-0.2394847167924005
0.0209439510239320,2.1153390534171272,-0.2394494035849231
0.0628318530717960,2.1153390534171272,-0.6578281394557709
0.1047197551196597,2.1153390534171272,-0.9984176772985323
0.1466076571675237,2.1153390534171272,-1.2650920896115585
0.1884955592153876,2.1153390534171272,-1.4622829767784260
0.2303834612632514,2.1153390534171272,-1.5950214026030269
0.2722713633111153,2.1153390534171272,-1.6688529536918928
0.3141592653589793,2.1153390534171272,-1.6895658401564440
0.3560471674068433,2.1153390534171272,-1.6626720428747308
0.3979350694547070,2.1153390534171272,-1.5927955988110061
0.4398229715025710,2.1153390534171272,-1.4836826024581349
0.4817108735504350,2.1153390534171272,-1.3395062499299693
0.5235987755982989,2.1153390534171272,-1.1661238984535078
0.5654866776461627,2.1153390534171272,-0.9693745163868807
0.6073745796940266,2.1153390534171272,-0.7507749064537318
0.6492624817418906,2.1153390534171272,-0.5099522594316607
0.6911503837897545,2.1153390534171272,-0.2587563044629511
0.7330382858376183,2.1153390534171272,-0.0059194526659938
0.7749261878854823,2.1153390534171272,0.1330052533930494
0.8168140899333461,2.1153390534171272,0.2717800257413701
0.8587019919812100,2.1153390534171272,0.4136620250226157
0.9005898940290740,2.1153390534171272,0.5521277373870054
0.9424777960769379,2.1153390534171272,0.6884596646445812
0.9843656981248019,2.1153390534171272,0.8228213326173368
1.0262536001726656,2.1153390534171272,0.9534264091952218
1.0681415022205296,2.1153390534171272,1.0784056041438177
1.1100294042683936,2.1153390534171272,1.1965208133963801
1.1519173063162575,2.1153390534171272,1.3070425931086875
1.1938052083641213,2.1153390534171272,1.4094725770447074
1.2356931104119853,2.1153390534171272,1.5033521451674319
1.2775810124598492,2.1153390534171272,1.5881741226119244
1.3194689145077132,2.1153390534171272,1.6633645078401318
1.3613568165555769,2.1153390534171272,1.7283042988439976
1.4032447186034409,2.1153390534171272,1.7823710907964858
1.4451326206513049,2.1153390534171272,1.8249871558868480
1.4870205226991688,2.1153390534171272,1.8556652503317277
1.5289084247470326,2.1153390534171272,1.8740464384326854
1.5707963267948966,2.1153390534171272,1.8799264362335362
1.6126842288427605,2.1153390534171272,1.8732687013562181
1.6545721308906245,2.1153390534171272,1.8542038943309389
1.6964600329384882,2.1153390534171272,1.8230164843430121
1.7383479349863524,2.1153390534171272,1.7801202157873717
1.7802358370342162,2.1153390534171272,1.7260249478828735
1.8221237390820799,2.1153390534171272,1.6612981037409935
1.8640116411299441,2.1153390534171272,1.5865246971376323
1.9058995431778079,2.1153390534171272,1.5022706959687384
1.9477874452256716,2.1153390534171272,1.4090553539769080
1.9896753472735358,2.1153390534171272,1.3073392861315651
2.0315632493213993,2.1153390534171272,1.1975375563594453
2.0734511513692637,2.1153390534171272,1.0800740907768396
2.1153390534171272,2.1153390534171272,0.9555088866672654
2.1572269554649912,2.1153390534171272,0.8247766847872644
2.1991148575128552,2.1153390534171272,0.6894781663327727
2.2410027595607191,2.1153390534171272,0.5517699424635989
2.2828906616085827,2.1153390534171272,0.4129894116383465
2.3247785636564471,2.1153390534171272,0.2722337934709563
2.3666664657043106,2.1153390534171272,0.1323734850183059
2.4085543677521750,2.1153390534171272,-0.0063445238951896
2.4504422698000385,2.1153390534171272,-0.2621215440901888
2.4923301718479025,2.1153390534171272,-0.5133580269377124
2.5342180738957665,2.1153390534171272,-0.7560675149052368
2.5761059759436304,2.1153390534171272,-0.9744749892815536
2.6179938779914940,2.1153390534171272,-1.1708694200203897
2.6598817800393584,2.1153390534171272,-1.3433890722619501
2.7017696820872219,2.1153390534171272,-1.4863657301262660
2.7436575841350863,2.1153390534171272,-1.5944605166758767
2.7855454861829498,2.1153390534171272,-1.6637003931127750
2.8274333882308138,2.1153390534171272,-1.6901867222343239
2.8693212902786778,2.1153390534171272,-1.6691824983578474
2.9112091923265417,2.1153390534171272,-1.5952788062270025
2.9530970943744053,2.1153390534171272,-1.4628716961187338
2.9949849964222697,2.1153390534171272,-1.2664582496341099
3.0368728984701332,2.1153390534171272,-1.0007326001865120
3.0787608005179976,2.1153390534171272,-0.6605821376973798
3.1206487025658611,2.1153390534171272,-0.2410502479079974
0.0209439510239320,2.1572269554649912,-0.2409411398972084
0.0628318530717960,2.1572269554649912,-0.6631265603510387
0.1047197551196597,2.1572269554649912,-1.0086120342982778
0.1466076571675237,2.1572269554649912,-1.2813642386599178
0.1884955592153876,2.1572269554649912,-1.4859725053645070
0.2303834612632514,2.1572269554649912,-1.6276046388949730
0.2722713633111153,2.1572269554649912,-1.7117976576433505
0.3141592653589793,2.1572269554649912,-1.7440541498914772
0.3560471674068433,2.1572269554649912,-1.7293198125867912
0.3979350694547070,2.1572269554649912,-1.6716542371570728
0.4398229715025710,2.1572269554649912,-1.5745636286163271
0.4817108735504350,2.1572269554649912,-1.4421284096734983
0.5235987755982989,2.1572269554649912,-1.2800615083930398
0.5654866776461627,2.1572269554649912,-1.0947827591557426
0.6073745796940266,2.1572269554649912,-0.8899453107996513
0.6492624817418906,2.1572269554649912,-0.6638501785978868
0.6911503837897545,2.1572269554649912,-0.4202652996650958
0.7330382858376183,2.1572269554649912,-0.1725941784678095
0.7749261878854823,2.1572269554649912,0.0403702467200985
0.8168140899333461,2.1572269554649912,0.1694494439762801
0.8587019919812100,2.1572269554649912,0.3043675210863817
0.9005898940290740,2.1572269554649912,0.4391421372729842
0.9424777960769379,2.1572269554649912,0.5701388616578416
0.9843656981248019,2.1572269554649912,0.6982772799480362
1.0262536001726656,2.1572269554649912,0.8231005663931739
1.0681415022205296,2.1572269554649912,0.9430587016439522
1.1100294042683936,2.1572269554649912,1.0567407577053247
1.1519173063162575,2.1572269554649912,1.1632158142440012
1.1938052083641213,2.1572269554649912,1.2618853777746817
1.2356931104119853,2.1572269554649912,1.3522752412579493
1.2775810124598492,2.1572269554649912,1.4339058530401758
1.3194689145077132,2.1572269554649912,1.5062447121933520
1.3613568165555769,2.1572269554649912,1.5687130574676496
1.4032447186034409,2.1572269554649912,1.6207214357641988
1.4451326206513049,2.1572269554649912,1.6617164707897893
1.4870205226991688,2.1572269554649912,1.6912274572036552
1.5289084247470326,2.1572269554649912,1.7089057122947851
1.5707963267948966,2.1572269554649912,1.7145525178487324
1.6126842288427605,2.1572269554649912,1.7081335250523346
1.6545721308906245,2.1572269554649912,1.6897790168635549
1.6964600329384882,2.1572269554649912,1.6597706152553307
1.7383479349863524,2.1572269554649912,1.6185159980022328
1.7802358370342162,2.1572269554649912,1.5665140467908159
1.8221237390820799,2.1572269554649912,1.5043137013501251
1.8640116411299441,2.1572269554649912,1.4324707998856079
1.9058995431778079,2.1572269554649912,1.3515085673360456
1.9477874452256716,2.1572269554649912,1.2618895394699561
1.9896753472735358,2.1572269554649912,1.1640102933664960
2.0315632493213993,2.1572269554649912,1.0582365415383388
2.0734511513692637,2.1572269554649912,0.9450047750628660
2.1153390534171272,2.1572269554649912,0.8250162574894465
2.1572269554649912,2.1572269554649912,0.6994886301239988
2.1991148575128552,2.1572269554649912,0.5702014361681418
2.2410027595607191,2.1572269554649912,0.4387378781666311
2.2828906616085827,2.1572269554649912,0.3051159802572579
2.3247785636564471,2.1572269554649912,0.1704231641944325
2.3666664657043106,2.1572269554649912,0.0408638729302397
2.4085543677521750,2.1572269554649912,-0.1751353422553410
2.4504422698000385,2.1572269554649912,-0.4225972927431652
2.4923301718479025,2.1572269554649912,-0.6673198224254094
2.5342180738957665,2.1572269554649912,-0.8940803047805173
2.5761059759436304,2.1572269554649912,-1.0997858957559654
2.6179938779914940,2.1572269554649912,-1.2849937949582979
2.6598817800393584,2.1572269554649912,-1.4457160745845246
2.7017696820872219,2.1572269554649912,-1.5763518672930492
2.7436575841350863,2.1572269554649912,-1.6719649448092999
2.7855454861829498,2.1572269554649912,-1.7286873520261790
2.8274333882308138,2.1572269554649912,-1.7429030186308365
2.8693212902786778,2.1572269554649912,-1.7104283110542213
2.9112091923265417,2.1572269554649912,-1.6263451447972053
2.9530970943744053,2.1572269554649912,-1.4852798708001709
2.9949849964222697,2.1572269554649912,-1.2817259939669396
3.0368728984701332,2.1572269554649912,-1.0102415791718753
3.0787608005179976,2.1572269554649912,-0.6655320151246785
3.1206487025658611,2.1572269554649912,-0.2424702219364890
0.0209439510239320,2.1991148575128552,-0.2422773133003855
0.0628318530717960,2.1991148575128552,-0.6679407850663632
0.1047197551196597,2.1991148575128552,-1.0179862384157343
0.1466076571675237,2.1991148575128552,-1.2964855239963986
0.1884955592153876,2.1991148575128552,-1.5081834234753593
0.2303834612632514,2.1991148575128552,-1.6583623681017239
0.2722713633111153,2.1991148575128552,-1.7525349431977588
0.3141592653589793,2.1991148575128552,-1.7959911362028027
0.3560471674068433,2.1991148575128552,-1.7933379376416894
0.3979350694547070,2.1991148575128552,-1.7483209419490249
0.4398229715025710,2.1991148575128552,-1.6642980047946043
0.4817108735504350,2.1991148575128552,-1.5452667043691677
0.5235987755982989,2.1991148575128552,-1.3963339646871253
0.5654866776461627,2.1991148575128552,-1.2231783177891919
0.6073745796940266,2.1991148575128552,-1.0307981896937985
0.6492624817418906,2.1991148575128552,-0.8206790330298774
0.6911503837897545,2.1991148575128552,-0.5910564914481303
0.7330382858376183,2.1991148575128552,-0.3536213440939363
0.7749261878854823,2.1991148575128552,-0.1128765642009711
0.8168140899333461,2.1991148575128552,0.0683586020694800
0.8587019919812100,2.1991148575128552,0.1920562546786439
0.9005898940290740,2.1991148575128552,0.3206403822916795
0.9424777960769379,2.1991148575128552,0.4474095702530903
0.9843656981248019,2.1991148575128552,0.5700522030746944
1.0262536001726656,2.1991148575128552,0.6888995939838890
1.0681415022205296,2.1991148575128552,0.8033308755420301
1.1100294042683936,2.1991148575128552,0.9121434697207155
1.1519173063162575,2.1991148575128552,1.0142838218814696
1.1938052083641213,2.1991148575128552,1.1090107985510798
1.2356931104119853,2.1991148575128552,1.1957793912509225
1.2775810124598492,2.1991148575128552,1.2741031761436636
1.3194689145077132,2.1991148575128552,1.3434780029176865
1.3613568165555769,2.1991148575128552,1.4033658970605707
1.4032447186034409,2.1991148575128552,1.4532174936193007
1.4451326206513049,2.1991148575128552,1.4925127874190836
1.4870205226991688,2.1991148575128552,1.5208058506163611
1.5289084247470326,2.1991148575128552,1.5377643381061132
1.5707963267948966,2.1991148575128552,1.5431983260750608
1.6126842288427605,2.1991148575128552,1.5370756154740717
1.6545721308906245,2.1991148575128552,1.5195224759584365
1.6964600329384882,2.1991148575128552,1.4908101979806874
1.7383479349863524,2.1991148575128552,1.4513289636768090
1.7802358370342162,2.1991148575128552,1.4015516121722051
1.8221237390820799,2.1991148575128552,1.3419910570584950
1.8640116411299441,2.1991148575128552,1.2731566794856464
1.9058995431778079,2.1991148575128552,1.1955173506089583
1.9477874452256716,2.1991148575128552,1.1094823336993369
1.9896753472735358,2.1991148575128552,1.0154165260237120
2.0315632493213993,2.1991148575128552,0.9137119469477551
2.0734511513692637,2.1991148575128552,0.8049342126698460
2.1153390534171272,2.1991148575128552,0.6900208104313037
2.1572269554649912,2.1991148575128552,0.5703674802881207
2.1991148575128552,2.1991148575128552,0.4474169279364290
2.2410027595607191,2.1991148575128552,0.3216935035599690
2.2828906616085827,2.1991148575128552,0.1939343210312889
2.3247785636564471,2.1991148575128552,0.0699244661316102
2.3666664657043106,2.1991148575128552,-0.1113757970342925
2.4085543677521750,2.1991148575128552,-0.3550390715257452
2.4504422698000385,2.1991148575128552,-0.5927302521345073
2.4923301718479025,2.1991148575128552,-0.8221087745322297
2.5342180738957665,2.1991148575128552,-1.0337043009168096
2.5761059759436304,2.1991148575128552,-1.2275984026142222
2.6179938779914940,2.1991148575128552,-1.4008504665062897
2.6598817800393584,2.1991148575128552,-1.5484779128684192
2.7017696820872219,2.1991148575128552,-1.6654798240456505
2.7436575841350863,2.1991148575128552,-1.7475988195345173
2.7855454861829498,2.1991148575128552,-1.7913207153847786
2.8274333882308138,2.1991148575128552,-1.7932885414823312
2.8693212902786778,2.1991148575128552,-1.7496414408436520
2.9112091923265417,2.1991148575128552,-1.6557600966081278
2.9530970943744053,2.1991148575128552,-1.5064133276048217
2.9949849964222697,2.1991148575128552,-1.2960582892046069
3.0368728984701332,2.1991148575128552,-1.0191056944958645
3.0787608005179976,2.1991148575128552,-0.6700887503599634
3.1206487025658611,2.1991148575128552,-0.2437471138487414
0.0209439510239320,2.2410027595607191,-0.2434254450810064
0.0628318530717960,2.2410027595607191,-0.6722173056399779
0.1047197551196597,2.2410027595607191,-1.0264962824458090
0.1466076571675237,2.2410027595607191,-1.3104037869714698
0.1884955592153876,2.2410027595607191,-1.5287862365507325
0.2303834612632514,2.2410027595607191,-1.6869878435192154
0.2722713633111153,2.2410027595607191,-1.7904813961563388
0.3141592653589793,2.2410027595607191,-1.8444067187752089
0.3560471674068433,2.2410027595607191,-1.8532127899155439
0.3979350694547070,2.2410027595607191,-1.8207092196974193
0.4398229715025710,2.2410027595607191,-1.7505508416483269
0.4817108735504350,2.2410027595607191,-1.6465309676541720
0.5235987755982989,2.2410027595607191,-1.5125738727887452
0.5654866776461627,2.2410027595607191,-1.3531448996405582
0.6073745796940266,2.2410027595607191,-1.1733881494166134
0.6492624817418906,2.2410027595607191,-0.9774440925458434
0.6911503837897545,2.2410027595607191,-0.7657033058076651
0.7330382858376183,2.2410027595607191,-0.5386268655136577
0.7749261878854823,2.2410027595607191,-0.3104006870140215
0.8168140899333461,2.2410027595607191,-0.0746902505739862
0.8587019919812100,2.2410027595607191,0.0821850223950194
0.9005898940290740,2.2410027595607191,0.1997832862049475
0.9424777960769379,2.2410027595607191,0.3203537268130495
0.9843656981248019,2.2410027595607191,0.4383385387603547
1.0262536001726656,2.2410027595607191,0.5517711674266459
1.0681415022205296,2.2410027595607191,0.6605450022942499
1.1100294042683936,2.2410027595607191,0.7640935433526899
1.1519173063162575,2.2410027595607191,0.8615323895148621
1.1938052083641213,2.2410027595607191,0.9520578300975715
1.2356931104119853,2.2410027595607191,1.0350365955633725
1.2775810124598492,2.2410027595607191,1.1099383880360174
1.3194689145077132,2.2410027595607191,1.1762601366816137
1.3613568165555769,2.2410027595607191,1.2334916762983563
1.4032447186034409,2.2410027595607191,1.2811213214229644
1.4451326206513049,2.2410027595607191,1.3186656845648437
1.4870205226991688,2.2410027595607191,1.3457086239703786
1.5289084247470326,2.2410027595607191,1.3619383154366196
1.5707963267948966,2.2410027595607191,1.3671754249348240
1.6126842288427605,2.2410027595607191,1.3613884453869718
1.6545721308906245,2.2410027595607191,1.3446945522599871
1.6964600329384882,2.2410027595607191,1.3173460939081723
1.7383479349863524,2.2410027595607191,1.2797043199021860
1.7802358370342162,2.2410027595607191,1.2322034073832020
1.8221237390820799,2.2410027595607191,1.1753095402034439
1.8640116411299441,2.2410027595607191,1.1094820483128669
1.9058995431778079,2.2410027595607191,1.0351467451626433
1.9477874452256716,2.2410027595607191,0.9526955862148841
1.9896753472735358,2.2410027595607191,0.8625299906655125
2.0315632493213993,2.2410027595607191,0.7651608277327991
2.0734511513692637,2.2410027595607191,0.6613470828148127
2.1153390534171272,2.2410027595607191,0.5521642603479640
2.1572269554649912,2.2410027595607191,0.4387583769203879
2.1991148575128552,2.2410027595607191,0.3217445546137594
2.2410027595607191,2.2410027595607191,0.2019366458739021
2.2828906616085827,2.2410027595607191,0.0842226189258399
2.3247785636564471,2.2410027595607191,-0.0713074293214927
2.3666664657043106,2.2410027595607191,-0.3103683619356913
2.4085543677521750,2.2410027595607191,-0.5387776249433999
2.4504422698000385,2.2410027595607191,-0.7643651768282617
2.4923301718479025,2.2410027595607191,-0.9767836009285363
2.5342180738957665,2.2410027595607191,-1.1750380846809365
2.5761059759436304,2.2410027595607191,-1.3563471042945590
2.6179938779914940,2.2410027595607191,-1.5159341574325438
2.6598817800393584,2.2410027595607191,-1.6490169605803826
2.7017696820872219,2.2410027595607191,-1.7515358991727528
2.7436575841350863,2.2410027595607191,-1.8199738532926653
2.7855454861829498,2.2410027595607191,-1.8510508519809785
2.8274333882308138,2.2410027595607191,-1.8414153820369914
2.8693212902786778,2.2410027595607191,-1.7872624027466779
2.9112091923265417,2.2410027595607191,-1.6840922321150962
2.9530970943744053,2.2410027595607191,-1.5267626095232831
2.9949849964222697,2.2410027595607191,-1.3097396946779611
3.0368728984701332,2.2410027595607191,-1.0273834331060565
3.0787608005179976,2.2410027595607191,-0.6741672667368058
3.1206487025658611,2.2410027595607191,-0.2448063568046638
0.0209439510239320,2.2828906616085827,-0.2442684143047655
0.0628318530717960,2.2828906616085827,-0.6756879895858722
0.1047197551196597,2.2828906616085827,-1.0338312256190845
0.1466076571675237,2.2828906616085827,-1.3228585770819330
0.1884955592153876,2.2828906616085827,-1.5476381859286492
0.2303834612632514,2.2828906616085827,-1.7134882211497529
0.2722713633111153,2.2828906616085827,-1.8257909591876285
0.3141592653589793,2.2828906616085827,-1.8896074773611915
0.3560471674068433,2.2828906616085827,-1.9094948970233991
0.3979350694547070,2.2828906616085827,-1.8895708322049121
0.4398229715025710,2.2828906616085827,-1.8335383924493913
0.4817108735504350,2.2828906616085827,-1.7446343207783808
0.5235987755982989,2.2828906616085827,-1.6260004779368844
0.5654866776461627,2.2828906616085827,-1.4814099417499518
0.6073745796940266,2.2828906616085827,-1.3155306394329003
0.6492624817418906,2.2828906616085827,-1.1331598797626177
0.6911503837897545,2.2828906616085827,-0.9373847185393163
0.7330382858376183,2.2828906616085827,-0.7281266036923494
0.7749261878854823,2.2828906616085827,-0.5077594933470775
0.8168140899333461,2.2828906616085827,-0.2882216285940439
0.8587019919812100,2.2828906616085827,-0.0601790283127177
0.9005898940290740,2.2828906616085827,0.0822742423898400
0.9424777960769379,2.2828906616085827,0.1924289146509921
0.9843656981248019,2.2828906616085827,0.3038308337330825
1.0262536001726656,2.2828906616085827,0.4122865514223451
1.0681415022205296,2.2828906616085827,0.5158068166632916
1.1100294042683936,2.2828906616085827,0.6140061392191057
1.1519173063162575,2.2828906616085827,0.7064290124651822
1.1938052083641213,2.2828906616085827,0.7924329019980506
1.2356931104119853,2.2828906616085827,0.8713779289915936
1.2775810124598492,2.2828906616085827,0.9426918337288352
1.3194689145077132,2.2828906616085827,1.0058501530502775
1.3613568165555769,2.2828906616085827,1.0603491861209338
1.4032447186034409,2.2828906616085827,1.1057017087638199
1.4451326206513049,2.2828906616085827,1.1414550570419943
1.4870205226991688,2.2828906616085827,1.1672213161688287
1.5289084247470326,2.2828906616085827,1.1827090635959414
1.5707963267948966,2.2828906616085827,1.1877487803222277
1.6126842288427605,2.2828906616085827,1.1823070391619310
1.6545721308906245,2.2828906616085827,1.1664871831952375
1.6964600329384882,2.2828906616085827,1.1405163937648493
1.7383479349863524,2.2828906616085827,1.1047209950952659
1.7802358370342162,2.2828906616085827,1.0594937877202324
1.8221237390820799,2.2828906616085827,1.0052593870130988
1.8640116411299441,2.2828906616085827,0.9424461223116066
1.9058995431778079,2.2828906616085827,0.8714757715761766
1.9477874452256716,2.2828906616085827,0.7927836381920141
1.9896753472735358,2.2828906616085827,0.7068759403837983
2.0315632493213993,2.2828906616085827,0.6144067367448480
2.0734511513692637,2.2828906616085827,0.5161959408936450
2.1153390534171272,2.2828906616085827,0.4130428161837150
2.1572269554649912,2.2828906616085827,0.3054036623604202
2.1991148575128552,2.2828906616085827,0.1942338610588656
2.2410027595607191,2.2828906616085827,0.0839345023828314
2.2828906616085827,2.2828906616085827,-0.0566310063693503
2.3247785636564471,2.2828906616085827,-0.2878439139845175
2.3666664657043106,2.2828906616085827,-0.5071558608889591
2.4085543677521750,2.2828906616085827,-0.7254426226067148
2.4504422698000385,2.2828906616085827,-0.9337927320839624
2.4923301718479025,2.2828906616085827,-1.1315991175964539
2.5342180738957665,2.2828906616085827,-1.3163303084545355
2.5761059759436304,2.2828906616085827,-1.4834191310829603
2.6179938779914940,2.2828906616085827,-1.6280795166953419
2.6598817800393584,2.2828906616085827,-1.7461655124891633
2.7017696820872219,2.2828906616085827,-1.8342631459615899
2.7436575841350863,2.2828906616085827,-1.8893317458297836
2.7855454861829498,2.2828906616085827,-1.9082717258372628
2.8274333882308138,2.2828906616085827,-1.8876476479463302
2.8693212902786778,2.2828906616085827,-1.8235282099818133
2.9112091923265417,2.2828906616085827,-1.7113955759161084
2.9530970943744053,2.2828906616085827,-1.5461839861901108
2.9949849964222697,2.2828906616085827,-1.3224639922657728
3.0368728984701332,2.2828906616085827,-1.0346924515653220
3.0787608005179976,2.2828906616085827,-0.6774338045888585
3.1206487025658611,2.2828906616085827,-0.2455029688362773
0.0209439510239320,2.3247785636564471,-0.2446355456974778
0.0628318530717960,2.3247785636564471,-0.6779301827840780
0.1047197551196597,2.3247785636564471,-1.0394423465559595
0.1466076571675237,2.3247785636564471,-1.3332993163302413
0.1884955592153876,2.3247785636564471,-1.5643026953903894
0.2303834612632514,2.3247785636564471,-1.7376595395100776
0.2722713633111153,2.3247785636564471,-1.8586452772503825
0.3141592653589793,2.3247785636564471,-1.9323146560096605
0.3560471674068433,2.3247785636564471,-1.9633193895137382
0.3979350694547070,2.3247785636564471,-1.9557630705537579
0.4398229715025710,2.3247785636564471,-1.9131039674662551
0.4817108735504350,2.3247785636564471,-1.8383337363509289
0.5235987755982989,2.3247785636564471,-1.7344702882073229
0.5654866776461627,2.3247785636564471,-1.6050082293787402
0.6073745796940266,2.3247785636564471,-1.4540138882320872
0.6492624817418906,2.3247785636564471,-1.2858440559387569
0.6911503837897545,2.3247785636564471,-1.1044512120739043
0.7330382858376183,2.3247785636564471,-0.9120659816516627
0.7749261878854823,2.3247785636564471,-0.7085102820227663
0.8168140899333461,2.3247785636564471,-0.4971680810187180
0.8587019919812100,2.3247785636564471,-0.2877577710827083
0.9005898940290740,2.3247785636564471,-0.0739526932327516
0.9424777960769379,2.3247785636564471,0.0685366020212282
0.9843656981248019,2.3247785636564471,0.1703808971079986
1.0262536001726656,2.3247785636564471,0.2718004584232056
1.0681415022205296,2.3247785636564471,0.3701095919478964
1.1100294042683936,2.3247785636564471,0.4632345240134702
1.1519173063162575,2.3247785636564471,0.5505849824169934
1.1938052083641213,2.3247785636564471,0.6317972833009674
1.2356931104119853,2.3247785636564471,0.7064020001959093
1.2775810124598492,2.3247785636564471,0.7738719549780443
1.3194689145077132,2.3247785636564471,0.8336796519208299
1.3613568165555769,2.3247785636564471,0.8853169519018297
1.4032447186034409,2.3247785636564471,0.9283041571779491
1.4451326206513049,2.3247785636564471,0.9622054113457260
1.4870205226991688,2.3247785636564471,0.9866517956591546
1.5289084247470326,2.3247785636564471,1.0013666333284641
1.5707963267948966,2.3247785636564471,1.0061865901007945
1.6126842288427605,2.3247785636564471,1.0010737468747328
1.6545721308906245,2.3247785636564471,0.9861161295840485
1.6964600329384882,2.3247785636564471,0.9615165511162334
1.7383479349863524,2.3247785636564471,0.9275719048551331
1.7802358370342162,2.3247785636564471,0.8846472696908465
1.8221237390820799,2.3247785636564471,0.8331512840999262
1.8640116411299441,2.3247785636564471,0.7735207336739199
1.9058995431778079,2.3247785636564471,0.7062215204157823
1.9477874452256716,2.3247785636564471,0.6317660423093098
1.9896753472735358,2.3247785636564471,0.5507263495906448
2.0315632493213993,2.3247785636564471,0.4636865576571156
2.0734511513692637,2.3247785636564471,0.3710801933049931
2.1153390534171272,2.3247785636564471,0.2731471937223858
2.1572269554649912,2.3247785636564471,0.1711345016775225
2.1991148575128552,2.3247785636564471,0.0691882688673733
2.2410027595607191,2.3247785636564471,-0.0725494066661261
2.2828906616085827,2.3247785636564471,-0.2886625296327976
2.3247785636564471,2.3247785636564471,-0.4975606026839125
2.3666664657043106,2.3247785636564471,-0.7068254489057156
2.4085543677521750,2.3247785636564471,-0.9079487339395524
2.4504422698000385,2.3247785636564471,-1.1012246853637271
2.4923301718479025,2.3247785636564471,-1.2848345130229886
2.5342180738957665,2.3247785636564471,-1.4546589775308680
2.5761059759436304,2.3247785636564471,-1.6063018872915977
2.6179938779914940,2.3247785636564471,-1.7357095349487566
2.6598817800393584,2.3247785636564471,-1.8392624460129559
2.7017696820872219,2.3247785636564471,-1.9137383756821771
2.7436575841350863,2.3247785636564471,-1.9561313851839555
2.7855454861829498,2.3247785636564471,-1.9633527463172187
2.8274333882308138,2.3247785636564471,-1.9319517973140194
2.8693212902786778,2.3247785636564471,-1.8579621868324334
2.9112091923265417,2.3247785636564471,-1.7368805888982530
2.9530970943744053,2.3247785636564471,-1.5637506200301434
2.9949849964222697,2.3247785636564471,-1.3333275802469053
3.0368728984701332,2.3247785636564471,-1.0402828157242658
3.0787608005179976,2.3247785636564471,-0.6793914656245829
3.1206487025658611,2.3247785636564471,-0.2456610645571431
0.0209439510239320,2.3666664657043106,-0.2443611989495948
0.0628318530717960,2.3666664657043106,-0.6784986118327561
0.1047197551196597,2.3666664657043106,-1.0426755026955312
0.1466076571675237,2.3666664657043106,-1.3409416411194486
0.1884955592153876,2.3666664657043106,-1.5779683121516770
0.2303834612632514,2.3666664657043106,-1.7588015057236688
0.2722713633111153,2.3666664657043106,-1.8885698752122584
0.3141592653589793,2.3666664657043106,-1.9722031734986647
0.3560471674068433,2.3666664657043106,-2.0141908367638424
0.3979350694547070,2.3666664657043106,-2.0184327720641280
0.4398229715025710,2.3666664657043106,-1.9882853340324464
0.4817108735504350,2.3666664657043106,-1.9268241323915845
0.5235987755982989,2.3666664657043106,-1.8371624641300641
0.5654866776461627,2.3666664657043106,-1.7226319949904914
0.6073745796940266,2.3666664657043106,-1.5867946779031505
0.6492624817418906,2.3666664657043106,-1.4333848319333096
0.6911503837897545,2.3666664657043106,-1.2661856089515924
0.7330382858376183,2.3666664657043106,-1.0885519944093300
0.7749261878854823,2.3666664657043106,-0.9022641055118005
0.8168140899333461,2.3666664657043106,-0.7071557816651334
0.8587019919812100,2.3666664657043106,-0.5068376655178578
0.9005898940290740,2.3666664657043106,-0.3103897273876172
0.9424777960769379,2.3666664657043106,-0.1129404997411832
0.9843656981248019,2.3666664657043106,0.0405900516962401
1.0262536001726656,2.3666664657043106,0.1342598140247046
1.0681415022205296,2.3666664657043106,0.2252066298332444
1.1100294042683936,2.3666664657043106,0.3129808612750221
1.1519173063162575,2.3666664657043106,0.3955257786187102
1.1938052083641213,2.3666664657043106,0.4720097081808594
1.2356931104119853,2.3666664657043106,0.5420901832808350
1.2775810124598492,2.3666664657043106,0.6054273662301016
1.3194689145077132,2.3666664657043106,0.6615994607121306
1.3613568165555769,2.3666664657043106,0.7101404446914221
1.4032447186034409,2.3666664657043106,0.7505858394086402
1.4451326206513049,2.3666664657043106,0.7825083099777259
1.4870205226991688,2.3666664657043106,0.8055465325184268
1.5289084247470326,2.3666664657043106,0.8194294602814988
1.5707963267948966,2.3666664657043106,0.8239948154242256
1.6126842288427605,2.3666664657043106,0.8191995718157299
1.6545721308906245,2.3666664657043106,0.8051209717952732
1.6964600329384882,2.3666664657043106,0.7819482834791026
1.7383479349863524,2.3666664657043106,0.7499673523639931
1.7802358370342162,2.3666664657043106,0.7095414434652343
1.8221237390820799,2.3666664657043106,0.6610920613429717
1.8640116411299441,2.3666664657043106,0.6050808221256538
1.9058995431778079,2.3666664657043106,0.5419857353606946
1.9477874452256716,2.3666664657043106,0.4722522585954621
1.9896753472735358,2.3666664657043106,0.3961976857563674
2.0315632493213993,2.3666664657043106,0.3139333597120031
2.0734511513692637,2.3666664657043106,0.2257129590972100
2.1153390534171272,2.3666664657043106,0.1334424544243943
2.1572269554649912,2.3666664657043106,0.0403233139789308
2.1991148575128552,2.3666664657043106,-0.1132308176849078
2.2410027595607191,2.3666664657043106,-0.3132908476161080
2.2828906616085827,2.3666664657043106,-0.5097667158192962
2.3247785636564471,2.3666664657043106,-0.7083370160554158
2.3666664657043106,2.3666664657043106,-0.9002268956768797
2.4085543677521750,2.3666664657043106,-1.0862257927882191
2.4504422698000385,2.3666664657043106,-1.2652170134572807
2.4923301718479025,2.3666664657043106,-1.4336122400499409
2.5342180738957665,2.3666664657043106,-1.5875510192146081
2.5761059759436304,2.3666664657043106,-1.7234650379125904
2.6179938779914940,2.3666664657043106,-1.8379420891336302
2.6598817800393584,2.3666664657043106,-1.9276282711400099
2.7017696820872219,2.3666664657043106,-1.9892492536469726
2.7436575841350863,2.3666664657043106,-2.0196071284973169
2.7855454861829498,2.3666664657043106,-2.0154626451660640
2.8274333882308138,2.3666664657043106,-1.9733407506939253
2.8693212902786778,2.3666664657043106,-1.8893656090778095
2.9112091923265417,2.3666664657043106,-1.7592044959327442
2.9530970943744053,2.3666664657043106,-1.5781317424029933
2.9949849964222697,2.3666664657043106,-1.3411752284639917
3.0368728984701332,2.3666664657043106,-1.0432923120962723
3.0787608005179976,2.3666664657043106,-0.6795271628312249
3.1206487025658611,2.3666664657043106,-0.2451181008688693
0.0209439510239320,2.4085543677521750,-0.2433165516723305
0.0628318530717960,2.4085543677521750,-0.6770039687111798
0.1047197551196597,2.4085543677521750,-1.0428789777688399
0.1466076571675237,2.4085543677521750,-1.3448863159766546
0.1884955592153876,2.4085543677521750,-1.5875245890128602
0.2303834612632514,2.4085543677521750,-1.7756162945614402
0.2722713633111153,2.4085543677521750,-1.9140331884420996
0.3141592653589793,2.4085543677521750,-2.0074288276797048
0.3560471674068433,2.4085543677521750,-2.0600437365734581
0.3979350694547070,2.4085543677521750,-2.0756491220876714
0.4398229715025710,2.4085543677521750,-2.0576432236128457
0.4817108735504350,2.4085543677521750,-2.0092250803659346
0.5235987755982989,2.4085543677521750,-1.9335345911536250
0.5654866776461627,2.4085543677521750,-1.8337117560840057
0.6073745796940266,2.4085543677521750,-1.7129219824985904
0.6492624817418906,2.4085543677521750,-1.5744161967850174
0.6911503837897545,2.4085543677521750,-1.4216109935917300
0.7330382858376183,2.4085543677521750,-1.2580195348951084
0.7749261878854823,2.4085543677521750,-1.0867146085319437
0.8168140899333461,2.4085543677521750,-0.9092012124800178
0.8587019919812100,2.4085543677521750,-0.7252204085643713
0.9005898940290740,2.4085543677521750,-0.5377367495369283
0.9424777960769379,2.4085543677521750,-0.3560197377512392
0.9843656981248019,2.4085543677521750,-0.1714561271087195
1.0262536001726656,2.4085543677521750,-0.0044290132261634
1.0681415022205296,2.4085543677521750,0.0846954618666841
1.1100294042683936,2.4085543677521750,0.1651284040186267
1.1519173063162575,2.4085543677521750,0.2421094244657762
1.1938052083641213,2.4085543677521750,0.3141535917280066
1.2356931104119853,2.4085543677521750,0.3801048100717624
1.2775810124598492,2.4085543677521750,0.4394578256433893
1.3194689145077132,2.4085543677521750,0.4919174716328779
1.3613568165555769,2.4085543677521750,0.5371733508000849
1.4032447186034409,2.4085543677521750,0.5748668585156494
1.4451326206513049,2.4085543677521750,0.6046285595550872
1.4870205226991688,2.4085543677521750,0.6261252691220947
1.5289084247470326,2.4085543677521750,0.6390982008922889
1.5707963267948966,2.4085543677521750,0.6433889439201537
1.6126842288427605,2.4085543677521750,0.6389536931671200
1.6545721308906245,2.4085543677521750,0.6258665995748337
1.6964600329384882,2.4085543677521750,0.6043131069983912
1.7383479349863524,2.4085543677521750,0.5745738938535134
1.7802358370342162,2.4085543677521750,0.5369988349661753
1.8221237390820799,2.4085543677521750,0.4919676437386903
1.8640116411299441,2.4085543677521750,0.4398309947602134
1.9058995431778079,2.4085543677521750,0.3808323035292957
1.9477874452256716,2.4085543677521750,0.3150563312298079
1.9896753472735358,2.4085543677521750,0.2425934970885824
2.0315632493213993,2.4085543677521750,0.1642936244639386
2.0734511513692637,2.4085543677521750,0.0827128146779453
2.1153390534171272,2.4085543677521750,-0.0050327878315282
2.1572269554649912,2.4085543677521750,-0.1755504655339596
2.1991148575128552,2.4085543677521750,-0.3603272231171828
2.2410027595607191,2.4085543677521750,-0.5434437770960358
2.2828906616085827,2.4085543677521750,-0.7293863444190527
2.3247785636564471,2.4085543677521750,-0.9102695699824874
2.3666664657043106,2.4085543677521750,-1.0871216668175057
2.4085543677521750,2.4085543677521750,-1.2590815539103775
2.4504422698000385,2.4085543677521750,-1.4229939858077161
2.4923301718479025,2.4085543677521750,-1.5754670225352525
2.5342180738957665,2.4085543677521750,-1.7134381794417402
2.5761059759436304,2.4085543677521750,-1.8339563527953557
2.6179938779914940,2.4085543677521750,-1.9339446590792133
2.6598817800393584,2.4085543677521750,-2.0101518181403053
2.7017696820872219,2.4085543677521750,-2.0592282903004402
2.7436575841350863,2.4085543677521750,-2.0778043163923625
2.7855454861829498,2.4085543677521750,-2.0624857081895840
2.8274333882308138,2.4085543677521750,-2.0097599562882369
2.8693212902786778,2.4085543677521750,-1.9158713903038720
2.9112091923265417,2.4085543677521750,-1.7767416933997475
2.9530970943744053,2.4085543677521750,-1.5879793763737950
2.9949849964222697,2.4085543677521750,-1.3449715174031398
3.0368728984701332,2.4085543677521750,-1.0430172781556981
3.0787608005179976,2.4085543677521750,-0.6774568382516917
3.1206487025658611,2.4085543677521750,-0.2437633561750079
0.0209439510239320,2.4504422698000385,-0.2414121264873989
0.0628318530717960,2.4504422698000385,-0.6731377492526466
0.1047197551196597,2.4504422698000385,-1.0394704582726866
0.1466076571675237,2.4504422698000385,-1.3442256092723914
0.1884955592153876,2.4504422698000385,-1.5916846398282860
0.2303834612632514,2.4504422698000385,-1.7863824042822896
0.2722713633111153,2.4504422698000385,-1.9328701845460208
0.3141592653589793,2.4504422698000385,-2.0355101661836841
0.3560471674068433,2.4504422698000385,-2.0983529408927870
0.3979350694547070,2.4504422698000385,-2.1251165449760183
0.4398229715025710,2.4504422698000385,-2.1192362528579811
0.4817108735504350,2.4504422698000385,-2.0839278219080697
0.5235987755982989,2.4504422698000385,-2.0222301204870372
0.5654866776461627,2.4504422698000385,-1.9370439503521841
0.6073745796940266,2.4504422698000385,-1.8312094046994150
0.6492624817418906,2.4504422698000385,-1.7076355309720099
0.6911503837897545,2.4504422698000385,-1.5694354667105384
0.7330382858376183,2.4504422698000385,-1.4199655258146915
0.7749261878854823,2.4504422698000385,-1.2626210966316675
0.8168140899333461,2.4504422698000385,-1.1002138133111854
0.8587019919812100,2.4504422698000385,-0.9339804015400212
0.9005898940290740,2.4504422698000385,-0.7634811067819808
0.9424777960769379,2.4504422698000385,-0.5904269946463887
0.9843656981248019,2.4504422698000385,-0.4231917659362340
1.0262536001726656,2.4504422698000385,-0.2586646818670101
1.0681415022205296,2.4504422698000385,-0.1037775416698128
1.1100294042683936,2.4504422698000385,0.0212450099277306
1.1519173063162575,2.4504422698000385,0.0931655628085204
1.1938052083641213,2.4504422698000385,0.1591100022227777
1.2356931104119853,2.4504422698000385,0.2204678455968281
1.2775810124598492,2.4504422698000385,0.2762362065392416
1.3194689145077132,2.4504422698000385,0.3255738343928175
1.3613568165555769,2.4504422698000385,0.3679988163431555
1.4032447186034409,2.4504422698000385,0.4032018669853816
1.4451326206513049,2.4504422698000385,0.4309244351297331
1.4870205226991688,2.4504422698000385,0.4509315645649306
1.5289084247470326,2.4504422698000385,0.4630307310475231
1.5707963267948966,2.4504422698000385,0.4670998078738420
1.6126842288427605,2.4504422698000385,0.4631068593482463
1.6545721308906245,2.4504422698000385,0.4511154863091600
1.6964600329384882,2.4504422698000385,0.4312736593869375
1.7383479349863524,2.4504422698000385,0.4037852430267111
1.7802358370342162,2.4504422698000385,0.3688656893681025
1.8221237390820799,2.4504422698000385,0.3266931682946998
1.8640116411299441,2.4504422698000385,0.2773957719578211
1.9058995431778079,2.4504422698000385,0.2211749200089094
1.9477874452256716,2.4504422698000385,0.1587006308094890
1.9896753472735358,2.4504422698000385,0.0915516250244259
2.0315632493213993,2.4504422698000385,0.0200996363951962
2.0734511513692637,2.4504422698000385,-0.1078529801048687
2.1153390534171272,2.4504422698000385,-0.2655722644347582
2.1572269554649912,2.4504422698000385,-0.4281240050247020
2.1991148575128552,2.4504422698000385,-0.5975580907239805
2.2410027595607191,2.4504422698000385,-0.7688826021802442
2.2828906616085827,2.4504422698000385,-0.9371106272697025
2.3247785636564471,2.4504422698000385,-1.1033360400233598
2.3666664657043106,2.4504422698000385,-1.2665087433263256
2.4085543677521750,2.4504422698000385,-1.4237166465987519
2.4504422698000385,2.4504422698000385,-1.5719404022245405
2.4923301718479025,2.4504422698000385,-1.7085178020263236
2.5342180738957665,2.4504422698000385,-1.8309155093348406
2.5761059759436304,2.4504422698000385,-1.9364575655498208
2.6179938779914940,2.4504422698000385,-2.0222078709518860
2.6598817800393584,2.4504422698000385,-2.0849871720852802
2.7017696820872219,2.4504422698000385,-2.1214569538898589
2.7436575841350863,2.4504422698000385,-2.1282053266984198
2.7855454861829498,2.4504422698000385,-2.1017862388570419
2.8274333882308138,2.4504422698000385,-2.0386940608943709
2.8693212902786778,2.4504422698000385,-1.9352942654913587
2.9112091923265417,2.4504422698000385,-1.7877562354590748
2.9530970943744053,2.4504422698000385,-1.5920302909089665
2.9949849964222697,2.4504422698000385,-1.3438835090150607
3.0368728984701332,2.4504422698000385,-1.0389785846291850
3.0787608005179976,2.4504422698000385,-0.6729642615587749
3.1206487025658611,2.4504422698000385,-0.2415482864432572
0.0209439510239320,2.4923301718479025,-0.2385872041282413
0.0628318530717960,2.4923301718479025,-0.6666610312271051
0.1047197551196597,2.4923301718479025,-1.0319488544766076
0.1466076571675237,2.4923301718479025,-1.3381108218831081
0.1884955592153876,2.4923301718479025,-1.5891843355815611
0.2303834612632514,2.4923301718479025,-1.7894060422634919
0.2722713633111153,2.4923301718479025,-1.9430312943884394
0.3141592653589793,2.4923301718479025,-2.0541892829782884
0.3560471674068433,2.4923301718479025,-2.1267944711316700
0.3979350694547070,2.4923301718479025,-2.1645073597093911
0.4398229715025710,2.4923301718479025,-2.1707198053962786
0.4817108735504350,2.4923301718479025,-2.1485482839737067
0.5235987755982989,2.4923301718479025,-2.1008461400604568
0.5654866776461627,2.4923301718479025,-2.0302645827207466
0.6073745796940266,2.4923301718479025,-1.9393774276343541
0.6492624817418906,2.4923301718479025,-1.8308423355291590
0.6911503837897545,2.4923301718479025,-1.7075348673880222
0.7330382858376183,2.4923301718479025,-1.5725864422159255
0.7749261878854823,2.4923301718479025,-1.4292728672274251
0.8168140899333461,2.4923301718479025,-1.2807091863353457
0.8587019919812100,2.4923301718479025,-1.1293144480962536
0.9005898940290740,2.4923301718479025,-0.9761372884408401
0.9424777960769379,2.4923301718479025,-0.8207820857903156
0.9843656981248019,2.4923301718479025,-0.6637763550745133
1.0262536001726656,2.4923301718479025,-0.5107491889562643
1.0681415022205296,2.4923301718479025,-0.3671981222511052
1.1100294042683936,2.4923301718479025,-0.2245484668142529
1.1519173063162575,2.4923301718479025,-0.0965737859548384
1.1938052083641213,2.4923301718479025,0.0091912362605358
1.2356931104119853,2.4923301718479025,0.0672331324535899
1.2775810124598492,2.4923301718479025,0.1176673499207788
1.3194689145077132,2.4923301718479025,0.1626906654918911
1.3613568165555769,2.4923301718479025,0.2019673966221892
1.4032447186034409,2.4923301718479025,0.2348742025281512
1.4451326206513049,2.4923301718479025,0.2609221330755431
1.4870205226991688,2.4923301718479025,0.2797842426697461
1.5289084247470326,2.4923301718479025,0.2912540701991490
1.5707963267948966,2.4923301718479025,0.2952159050978967
1.6126842288427605,2.4923301718479025,0.2916305903783322
1.6545721308906245,2.4923301718479025,0.2805259090844548
1.6964600329384882,2.4923301718479025,0.2619861226349204
1.7383479349863524,2.4923301718479025,0.2361471877987534
1.7802358370342162,2.4923301718479025,0.2032196406352730
1.8221237390820799,2.4923301718479025,0.1635711090007338
1.8640116411299441,2.4923301718479025,0.1178551280659979
1.9058995431778079,2.4923301718479025,0.0668858117474512
1.9477874452256716,2.4923301718479025,0.0093546793598843
1.9896753472735358,2.4923301718479025,-0.0998543193091752
2.0315632493213993,2.4923301718479025,-0.2290629120386036
2.0734511513692637,2.4923301718479025,-0.3707837697327448
2.1153390534171272,2.4923301718479025,-0.5156865141549557
2.1572269554649912,2.4923301718479025,-0.6698502510457811
2.1991148575128552,2.4923301718479025,-0.8248831568688343
2.2410027595607191,2.4923301718479025,-0.9792301221214340
2.2828906616085827,2.4923301718479025,-1.1336411906648400
2.3247785636564471,2.4923301718479025,-1.2866172246484939
2.3666664657043106,2.4923301718479025,-1.4353563935525233
2.4085543677521750,2.4923301718479025,-1.5771456077950792
2.4504422698000385,2.4923301718479025,-1.7096555480552400
2.4923301718479025,2.4923301718479025,-1.8306889327161393
2.5342180738957665,2.4923301718479025,-1.9379158385920261
2.5761059759436304,2.4923301718479025,-2.0287514344010611
2.6179938779914940,2.4923301718479025,-2.1003455877402848
2.6598817800393584,2.4923301718479025,-2.1496273815353977
2.7017696820872219,2.4923301718479025,-2.1733689192438961
2.7436575841350863,2.4923301718479025,-2.1682470550682265
2.7855454861829498,2.4923301718479025,-2.1308843084030737
2.8274333882308138,2.4923301718479025,-2.0578552571210524
2.8693212902786778,2.4923301718479025,-1.9456598009622490
2.9112091923265417,2.4923301718479025,-1.7906825953799796
2.9530970943744053,2.4923301718479025,-1.5891653303873738
2.9949849964222697,2.4923301718479025,-1.3372099040649894
3.0368728984701332,2.4923301718479025,-1.0308128040690567
3.0787608005179976,2.4923301718479025,-0.6659160756147584
3.1206487025658611,2.4923301718479025,-0.2384554798915663
0.0209439510239320,2.5342180738957665,-0.2347911518807579
0.0628318530717960,2.5342180738957665,-0.6573672609061344
0.1047197551196597,2.5342180738957665,-1.0198774150542724
0.1466076571675237,2.5342180738957665,-1.3258160889151596
0.1884955592153876,2.5342180738957665,-1.5789866674795430
0.2303834612632514,2.5342180738957665,-1.7833647747695467
0.2722713633111153,2.5342180738957665,-1.9429652094031153
0.3141592653589793,2.5342180738957665,-2.0617300540328034
0.3560471674068433,2.5342180738957665,-2.1434412870599906
0.3979350694547070,2.5342180738957665,-2.1916506047064370
0.4398229715025710,2.5342180738957665,-2.2096222836961799
0.4817108735504350,2.5342180738957665,-2.2003010364685482
0.5235987755982989,2.5342180738957665,-2.1663308899780036
0.5654866776461627,2.5342180738957665,-2.1101446058067226
0.6073745796940266,2.5342180738957665,-2.0341123740188491
0.6492624817418906,2.5342180738957665,-1.9407024657204293
0.6911503837897545,2.5342180738957665,-1.8325917451225788
0.7330382858376183,2.5342180738957665,-1.7126786210472782
0.7749261878854823,2.5342180738957665,-1.5839799133527781
0.8168140899333461,2.5342180738957665,-1.4494233997634349
0.8587019919812100,2.5342180738957665,-1.3115827612506641
0.9005898940290740,2.5342180738957665,-1.1724141742914942
0.9424777960769379,2.5342180738957665,-1.0330024029514446
0.9843656981248019,2.5342180738957665,-0.8934706817707702
1.0262536001726656,2.5342180738957665,-0.7539202122128650
1.0681415022205296,2.5342180738957665,-0.6169114988887766
1.1100294042683936,2.5342180738957665,-0.4880775121525010
1.1519173063162575,2.5342180738957665,-0.3693649473679625
1.1938052083641213,2.5342180738957665,-0.2542225504620817
1.2356931104119853,2.5342180738957665,-0.1522242873736619
1.2775810124598492,2.5342180738957665,-0.0531619991310060
1.3194689145077132,2.5342180738957665,0.0088616184268590
1.3613568165555769,2.5342180738957665,0.0460954689771472
1.4032447186034409,2.5342180738957665,0.0754905921404334
1.4451326206513049,2.5342180738957665,0.0985331829204298
1.4870205226991688,2.5342180738957665,0.1152787692029137
1.5289084247470326,2.5342180738957665,0.1255265875354261
1.5707963267948966,2.5342180738957665,0.1290914853844310
1.6126842288427605,2.5342180738957665,0.1258843247761199
1.6545721308906245,2.5342180738957665,0.1159324947597162
1.6964600329384882,2.5342180738957665,0.0993786897763379
1.7383479349863524,2.5342180738957665,0.0764429868635724
1.7802358370342162,2.5342180738957665,0.0472270318064122
1.8221237390820799,2.5342180738957665,0.0105871756029561
1.8640116411299441,2.5342180738957665,-0.0519582981633705
1.9058995431778079,2.5342180738957665,-0.1505116998542266
1.9477874452256716,2.5342180738957665,-0.2552114396474879
1.9896753472735358,2.5342180738957665,-0.3698771049541095
2.0315632493213993,2.5342180738957665,-0.4894748309111527
2.0734511513692637,2.5342180738957665,-0.6202918617059536
2.1153390534171272,2.5342180738957665,-0.7566609593843093
2.1572269554649912,2.5342180738957665,-0.8946062762484882
2.1991148575128552,2.5342180738957665,-1.0344705980701612
2.2410027595607191,2.5342180738957665,-1.1761901602694376
2.2828906616085827,2.5342180738957665,-1.3177818130642580
2.3247785636564471,2.5342180738957665,-1.4565413278414139
2.3666664657043106,2.5342180738957665,-1.5900436879334099
2.4085543677521750,2.5342180738957665,-1.7162673674466666
2.4504422698000385,2.5342180738957665,-1.8333158046828109
2.4923301718479025,2.5342180738957665,-1.9391579301559749
2.5342180738957665,2.5342180738957665,-2.0315136295586855
2.5761059759436304,2.5342180738957665,-2.1078481117571628
2.6179938779914940,2.5342180738957665,-2.1654111014423867
2.6598817800393584,2.5342180738957665,-2.2012820569910163
2.7017696820872219,2.5342180738957665,-2.2124095819153382
2.7436575841350863,2.5342180738957665,-2.1956448616403512
2.7855454861829498,2.5342180738957665,-2.1477676402052532
2.8274333882308138,2.5342180738957665,-2.0654990683162455
2.8693212902786778,2.5342180738957665,-1.9454973633521846
2.9112091923265417,2.5342180738957665,-1.7843402536466442
2.9530970943744053,2.5342180738957665,-1.5785059517630140
2.9949849964222697,2.5342180738957665,-1.3243651520018473
3.0368728984701332,2.5342180738957665,-1.0181896595306976
3.0787608005179976,2.5342180738957665,-0.6561738951564859
3.1206487025658611,2.5342180738957665,-0.2344595698158566
0.0209439510239320,2.5761059759436304,-0.2299648908390489
0.0628318530717960,2.5761059759436304,-0.6450492536221000
0.1047197551196597,2.5761059759436304,-1.0028704970848383
0.1466076571675237,2.5761059759436304,-1.3067672809196000
0.1884955592153876,2.5761059759436304,-1.5603399225557981
0.2303834612632514,2.5761059759436304,-1.7673465488702871
0.2722713633111153,2.5761059759436304,-1.9315979006250461
0.3141592653589793,2.5761059759436304,-2.0568564814074941
0.3560471674068433,2.5761059759436304,-2.1467403274768992
0.3979350694547070,2.5761059759436304,-2.2046335347267307
0.4398229715025710,2.5761059759436304,-2.2336159840148180
0.4817108735504350,2.5761059759436304,-2.2364358223198528
0.5235987755982989,2.5761059759436304,-2.2155474157493349
0.5654866776461627,2.5761059759436304,-2.1732176642248366
0.6073745796940266,2.5761059759436304,-2.1116728688129132
0.6492624817418906,2.5761059759436304,-2.0332365837813984
0.6911503837897545,2.5761059759436304,-1.9404104074066033
0.7330382858376183,2.5761059759436304,-1.8358689730036455
0.7749261878854823,2.5761059759436304,-1.7223603524789546
0.8168140899333461,2.5761059759436304,-1.6025227170855716
0.8587019919812100,2.5761059759436304,-1.4786741463848470
0.9005898940290740,2.5761059759436304,-1.3527034176497377
0.9424777960769379,2.5761059759436304,-1.2261586439482395
0.9843656981248019,2.5761059759436304,-1.1003707556974460
1.0262536001726656,2.5761059759436304,-0.9763187708695087
1.0681415022205296,2.5761059759436304,-0.8545485083801849
1.1100294042683936,2.5761059759436304,-0.7359523293174950
1.1519173063162575,2.5761059759436304,-0.6229298500903288
1.1938052083641213,2.5761059759436304,-0.5189161286012973
1.2356931104119853,2.5761059759436304,-0.4256302569273197
1.2775810124598492,2.5761059759436304,-0.3409255353364489
1.3194689145077132,2.5761059759436304,-0.2626718308853465
1.3613568165555769,2.5761059759436304,-0.1954404528497718
1.4032447186034409,2.5761059759436304,-0.1435401408107458
1.4451326206513049,2.5761059759436304,-0.1006642168991115
1.4870205226991688,2.5761059759436304,-0.0639094539492124
1.5289084247470326,2.5761059759436304,-0.0424248838921149
1.5707963267948966,2.5761059759436304,-0.0356353621067553
1.6126842288427605,2.5761059759436304,-0.0413182155085930
1.6545721308906245,2.5761059759436304,-0.0616812151650970
1.6964600329384882,2.5761059759436304,-0.0977080687878731
1.7383479349863524,2.5761059759436304,-0.1397916648068840
1.7802358370342162,2.5761059759436304,-0.1913466968082854
1.8221237390820799,2.5761059759436304,-0.2592200807044619
1.8640116411299441,2.5761059759436304,-0.3376496069673338
1.9058995431778079,2.5761059759436304,-0.4223802577009705
1.9477874452256716,2.5761059759436304,-0.5170888943718034
1.9896753472735358,2.5761059759436304,-0.6228758417806961
2.0315632493213993,2.5761059759436304,-0.7361145865299747
2.0734511513692637,2.5761059759436304,-0.8535625477593296
2.1153390534171272,2.5761059759436304,-0.9747589651413771
2.1572269554649912,2.5761059759436304,-1.1000372324312289
2.1991148575128552,2.5761059759436304,-1.2283997185081317
2.2410027595607191,2.5761059759436304,-1.3575653356892479
2.2828906616085827,2.5761059759436304,-1.4850155902666680
2.3247785636564471,2.5761059759436304,-1.6086304500560218
2.3666664657043106,2.5761059759436304,-1.7266831153381090
2.4085543677521750,2.5761059759436304,-1.8375570451050753
2.4504422698000385,2.5761059759436304,-1.9394990362350770
2.4923301718479025,2.5761059759436304,-2.0305084103182942
2.5342180738957665,2.5761059759436304,-2.1083323547962634
2.5761059759436304,2.5761059759436304,-2.1705085679777585
2.6179938779914940,2.5761059759436304,-2.2144137569283378
2.6598817800393584,2.5761059759436304,-2.2373001420960250
2.7017696820872219,2.5761059759436304,-2.2363180853022495
2.7436575841350863,2.5761059759436304,-2.2085299184954446
2.7855454861829498,2.5761059759436304,-2.1509197879514366
2.8274333882308138,2.5761059759436304,-2.0604002958684990
2.8693212902786778,2.5761059759436304,-1.9338136698809238
2.9112091923265417,2.5761059759436304,-1.7679261963627342
2.9530970943744053,2.5761059759436304,-1.5594185579334885
2.9949849964222697,2.5761059759436304,-1.3048775803514026
3.0368728984701332,2.5761059759436304,-1.0007939920921305
3.0787608005179976,2.5761059759436304,-0.6435668571703635
3.1206487025658611,2.5761059759436304,-0.2295113100124960
0.0209439510239320,2.6179938779914940,-0.2240310318168729
0.0628318530717960,2.6179938779914940,-0.6294806678142189
0.1047197551196597,2.6179938779914940,-0.9805690356964333
0.1466076571675237,2.6179938779914940,-1.2804950165860218
0.1884955592153876,2.6179938779914940,-1.5326809038856126
0.2303834612632514,2.6179938779914940,-1.7406887365945001
0.2722713633111153,2.6179938779914940,-1.9081284883851066
0.3141592653589793,2.6179938779914940,-2.0385604412899565
0.3560471674068433,2.6179938779914940,-2.1353957037942299
0.3979350694547070,2.6179938779914940,-2.2018059029408543
0.4398229715025710,2.6179938779914940,-2.2406619748398438
0.4817108735504350,2.6179938779914940,-2.2545245260539133
0.5235987755982989,2.6179938779914940,-2.2456973769720463
0.5654866776461627,2.6179938779914940,-2.2163332332613366
0.6073745796940266,2.6179938779914940,-2.1685583089789997
0.6492624817418906,2.6179938779914940,-2.1045757784592074
0.6911503837897545,2.6179938779914940,-2.0267193788923961
0.7330382858376183,2.6179938779914940,-1.9374452376412785
0.7749261878854823,2.6179938779914940,-1.8392556639851905
0.8168140899333461,2.6179938779914940,-1.7345472633744992
0.8587019919812100,2.6179938779914940,-1.6254038522030372
0.9005898940290740,2.6179938779914940,-1.5134451985551836
0.9424777960769379,2.6179938779914940,-1.3999222957407207
0.9843656981248019,2.6179938779914940,-1.2861058115242416
1.0262536001726656,2.6179938779914940,-1.1736118465386098
1.0681415022205296,2.6179938779914940,-1.0641902552530620
1.1100294042683936,2.6179938779914940,-0.9591462217396407
1.1519173063162575,2.6179938779914940,-0.8591799752554385
1.1938052083641213,2.6179938779914940,-0.7649171761529205
1.2356931104119853,2.6179938779914940,-0.6774637028968620
1.2775810124598492,2.6179938779914940,-0.5983293500380724
1.3194689145077132,2.6179938779914940,-0.5288344897100781
1.3613568165555769,2.6179938779914940,-0.4696022767538416
1.4032447186034409,2.6179938779914940,-0.4205962011357124
1.4451326206513049,2.6179938779914940,-0.3816507451287494
1.4870205226991688,2.6179938779914940,-0.3529623033995858
1.5289084247470326,2.6179938779914940,-0.3350791716644497
1.5707963267948966,2.6179938779914940,-0.3285426481487304
1.6126842288427605,2.6179938779914940,-0.3336000257696949
1.6545721308906245,2.6179938779914940,-0.3501099767333708
1.6964600329384882,2.6179938779914940,-0.3776167145753115
1.7383479349863524,2.6179938779914940,-0.4156837565670789
1.7802358370342162,2.6179938779914940,-0.4643301441188556
1.8221237390820799,2.6179938779914940,-0.5239436872191434
1.8640116411299441,2.6179938779914940,-0.5944682054173049
1.9058995431778079,2.6179938779914940,-0.6747027212019177
1.9477874452256716,2.6179938779914940,-0.7626408133791320
1.9896753472735358,2.6179938779914940,-0.8566655863227127
2.0315632493213993,2.6179938779914940,-0.9563182023997540
2.0734511513692637,2.6179938779914940,-1.0617332985053296
2.1153390534171272,2.6179938779914940,-1.1724339610943739
2.1572269554649912,2.6179938779914940,-1.2868155649561517
2.1991148575128552,2.6179938779914940,-1.4026084878556999
2.2410027595607191,2.6179938779914940,-1.5176025785891618
2.2828906616085827,2.6179938779914940,-1.6300030865299813
2.3247785636564471,2.6179938779914940,-1.7383550394951055
2.3666664657043106,2.6179938779914940,-1.8412858011981219
2.4085543677521750,2.6179938779914940,-1.9372881566586870
2.4504422698000385,2.6179938779914940,-2.0246201020015935
2.4923301718479025,2.6179938779914940,-2.1012969822357990
2.5342180738957665,2.6179938779914940,-2.1651271403201107
2.5761059759436304,2.6179938779914940,-2.2137569869328053
2.6179938779914940,2.6179938779914940,-2.2447100671662303
2.6598817800393584,2.6179938779914940,-2.2554150087846767
2.7017696820872219,2.6179938779914940,-2.2432215449173736
2.7436575841350863,2.6179938779914940,-2.2054065236675444
2.7855454861829498,2.6179938779914940,-2.1391737318635595
2.8274333882308138,2.6179938779914940,-2.0416511872511052
2.8693212902786778,2.6179938779914940,-1.9098874746573991
2.9112091923265417,2.6179938779914940,-1.7408468459911162
2.9530970943744053,2.6179938779914940,-1.5314028003246722
2.9949849964222697,2.6179938779914940,-1.2783311362071177
3.0368728984701332,2.6179938779914940,-0.9783042248002376
3.0787608005179976,2.6179938779914940,-0.6278875042339342
3.1206487025658611,2.6179938779914940,-0.2235375450451258
0.0209439510239320,2.6598817800393584,-0.2168902673755453
0.0628318530717960,2.6598817800393584,-0.6103983574851406
0.1047197551196597,2.6598817800393584,-0.9525911808796801
0.1466076571675237,2.6598817800393584,-1.2465333227018680
0.1884955592153876,2.6598817800393584,-1.4954720764371927
0.2303834612632514,2.6598817800393584,-1.7027654238664212
0.2722713633111153,2.6598817800393584,-1.8717986007843608
0.3141592653589793,2.6598817800393584,-2.0058926757032824
0.3560471674068433,2.6598817800393584,-2.1082134288525824
0.3979350694547070,2.6598817800393584,-2.1816956900651472
0.4398229715025710,2.6598817800393584,-2.2290023249414213
0.4817108735504350,2.6598817800393584,-2.2525325461388523
0.5235987755982989,2.6598817800393584,-2.2544795923232095
0.5654866776461627,2.6598817800393584,-2.2369192364728736
0.6073745796940266,2.6598817800393584,-2.2018995395727772
0.6492624817418906,2.6598817800393584,-2.1515066418964910
0.6911503837897545,2.6598817800393584,-2.0878969850960982
0.7330382858376183,2.6598817800393584,-2.0132978436050464
0.7749261878854823,2.6598817800393584,-1.9299714952374039
0.8168140899333461,2.6598817800393584,-1.8401189588914433
0.8587019919812100,2.6598817800393584,-1.7457024027189409
0.9005898940290740,2.6598817800393584,-1.6482387603892157
0.9424777960769379,2.6598817800393584,-1.5487438547512171
0.9843656981248019,2.6598817800393584,-1.4480205582463033
1.0262536001726656,2.6598817800393584,-1.3472008654989891
1.0681415022205296,2.6598817800393584,-1.2480622607645349
1.1100294042683936,2.6598817800393584,-1.1527189810543836
1.1519173063162575,2.6598817800393584,-1.0629324912692999
1.1938052083641213,2.6598817800393584,-0.9796920179575135
1.2356931104119853,2.6598817800393584,-0.9033593942428999
1.2775810124598492,2.6598817800393584,-0.8341067023303215
1.3194689145077132,2.6598817800393584,-0.7722512166099067
1.3613568165555769,2.6598817800393584,-0.7183321622452211
1.4032447186034409,2.6598817800393584,-0.6730047787442303
1.4451326206513049,2.6598817800393584,-0.6368943317225348
1.4870205226991688,2.6598817800393584,-0.6105043214656865
1.5289084247470326,2.6598817800393584,-0.5941965432783268
1.5707963267948966,2.6598817800393584,-0.5882121233150859
1.6126842288427605,2.6598817800393584,-0.5926956541146152
1.6545721308906245,2.6598817800393584,-0.6076986093640531
1.6964600329384882,2.6598817800393584,-0.6331495113597735
1.7383479349863524,2.6598817800393584,-0.6687897020787966
1.7802358370342162,2.6598817800393584,-0.7141059760125119
1.8221237390820799,2.6598817800393584,-0.7683379510948767
1.8640116411299441,2.6598817800393584,-0.8306367413296100
1.9058995431778079,2.6598817800393584,-0.9003374996929150
1.9477874452256716,2.6598817800393584,-0.9771339870958196
1.9896753472735358,2.6598817800393584,-1.0609170238197883
2.0315632493213993,2.6598817800393584,-1.1513064308672003
2.0734511513692637,2.6598817800393584,-1.2472456973212975
2.1153390534171272,2.6598817800393584,-1.3470155386098750
2.1572269554649912,2.6598817800393584,-1.4486311949453901
2.1991148575128552,2.6598817800393584,-1.5502741813609016
2.2410027595607191,2.6598817800393584,-1.6504716112853306
2.2828906616085827,2.6598817800393584,-1.7480023839302414
2.3247785636564471,2.6598817800393584,-1.8416862239663678
2.3666664657043106,2.6598817800393584,-1.9302094919604391
2.4085543677521750,2.6598817800393584,-2.0120468136255107
2.4504422698000385,2.6598817800393584,-2.0854577339728548
2.4923301718479025,2.6598817800393584,-2.1485147158630684
2.5342180738957665,2.6598817800393584,-2.1991341720914042
2.5761059759436304,2.6598817800393584,-2.2351031074426482
2.6179938779914940,2.6598817800393584,-2.2541034599078693
2.6598817800393584,2.6598817800393584,-2.2537348719171697
2.7017696820872219,2.6598817800393584,-2.2315323771864848
2.7436575841350863,2.6598817800393584,-2.1849747010650082
2.7855454861829498,2.6598817800393584,-2.1114821801133408
2.8274333882308138,2.6598817800393584,-2.0084072568869464
2.8693212902786778,2.6598817800393584,-1.8730219460709547
2.9112091923265417,2.6598817800393584,-1.7025054303700560
2.9530970943744053,2.6598817800393584,-1.4939329664365826
2.9949849964222697,2.6598817800393584,-1.2442661639838075
3.0368728984701332,2.6598817800393584,-0.9503445306734483
3.0787608005179976,2.6598817800393584,-0.6088781950554208
3.1206487025658611,2.6598817800393584,-0.2164414661169505
0.0209439510239320,2.7017696820872219,-0.2084185716114674
0.0628318530717960,2.7017696820872219,-0.5874794751882800
0.1047197551196597,2.7017696820872219,-0.9184711116773717
0.1466076571675237,2.7017696820872219,-1.2043099095028478
0.1884955592153876,2.7017696820872219,-1.4480461972960021
0.2303834612632514,2.7017696820872219,-1.6528018362332613
0.2722713633111153,2.7017696820872219,-1.8216979068523298
0.3141592653589793,2.7017696820872219,-1.9577776747579416
0.3560471674068433,2.7017696820872219,-2.0639348655228438
0.3979350694547070,2.7017696820872219,-2.1428613100369285
0.4398229715025710,2.7017696820872219,-2.1970273199280679
0.4817108735504350,2.7017696820872219,-2.2287001492809675
0.5235987755982989,2.7017696820872219,-2.2399926196659878
0.5654866776461627,2.7017696820872219,-2.2329226116616634
0.6073745796940266,2.7017696820872219,-2.2094628182705076
0.6492624817418906,2.7017696820872219,-2.1715711265388857
0.6911503837897545,2.7017696820872219,-2.1212075137005817
0.7330382858376183,2.7017696820872219,-2.0603491607793201
0.7749261878854823,2.7017696820872219,-1.9910007676504795
0.8168140899333461,2.7017696820872219,-1.9151664769313310
0.8587019919812100,2.7017696820872219,-1.8347330424332988
0.9005898940290740,2.7017696820872219,-1.7512595555533801
0.9424777960769379,2.7017696820872219,-1.6657943128731996
0.9843656981248019,2.7017696820872219,-1.5789422787136285
1.0262536001726656,2.7017696820872219,-1.4912882633106579
1.0681415022205296,2.7017696820872219,-1.4039243484401536
1.1100294042683936,2.7017696820872219,-1.3186139713216545
1.1519173063162575,2.7017696820872219,-1.2374095149889595
1.1938052083641213,2.7017696820872219,-1.1620512222876873
1.2356931104119853,2.7017696820872219,-1.0936121627795652
1.2775810124598492,2.7017696820872219,-1.0325426226611936
1.3194689145077132,2.7017696820872219,-0.9789454643354383
1.3613568165555769,2.7017696820872219,-0.9328533980622790
1.4032447186034409,2.7017696820872219,-0.8943887914926218
1.4451326206513049,2.7017696820872219,-0.8637991040737700
1.4870205226991688,2.7017696820872219,-0.8414129390132327
1.5289084247470326,2.7017696820872219,-0.8275660928110492
1.5707963267948966,2.7017696820872219,-0.8225310145723189
1.6126842288427605,2.7017696820872219,-0.8264651862694267
1.6545721308906245,2.7017696820872219,-0.8393830793877751
1.6964600329384882,2.7017696820872219,-0.8611541148512553
1.7383479349863524,2.7017696820872219,-0.8915306949409603
1.7802358370342162,2.7017696820872219,-0.9302066367628128
1.8221237390820799,2.7017696820872219,-0.9768889865115323
1.8640116411299441,2.7017696820872219,-1.0313389278657443
1.9058995431778079,2.7017696820872219,-1.0933252221513576
1.9477874452256716,2.7017696820872219,-1.1624707811597681
1.9896753472735358,2.7017696820872219,-1.2380602841508395
2.0315632493213993,2.7017696820872219,-1.3189454397825602
2.0734511513692637,2.7017696820872219,-1.4036443369290503
2.1153390534171272,2.7017696820872219,-1.4905890942258488
2.1572269554649912,2.7017696820872219,-1.5783614438186926
2.1991148575128552,2.7017696820872219,-1.6657776297707669
2.2410027595607191,2.7017696820872219,-1.7518066339624685
2.2828906616085827,2.7017696820872219,-1.8354110894267828
2.3247785636564471,2.7017696820872219,-1.9154165572165864
2.3666664657043106,2.7017696820872219,-1.9904590182628470
2.4085543677521750,2.7017696820872219,-2.0589955154580570
2.4504422698000385,2.7017696820872219,-2.1193357062510549
2.4923301718479025,2.7017696820872219,-2.1696639583453141
2.5342180738957665,2.7017696820872219,-2.2080466305884037
2.5761059759436304,2.7017696820872219,-2.2324352579039464
2.6179938779914940,2.7017696820872219,-2.2406772756424016
2.6598817800393584,2.7017696820872219,-2.2305370270789191
2.7017696820872219,2.7017696820872219,-2.1997202081046825
2.7436575841350863,2.7017696820872219,-2.1458912693021914
2.7855454861829498,2.7017696820872219,-2.0666766854466410
2.8274333882308138,2.7017696820872219,-1.9596537249754289
2.8693212902786778,2.7017696820872219,-1.8223296371546320
2.9112091923265417,2.7017696820872219,-1.6521176308812062
2.9530970943744053,2.7017696820872219,-1.4463143864877335
2.9949849964222697,2.7017696820872219,-1.2020812826792795
3.0368728984701332,2.7017696820872219,-0.9164296190052524
3.0787608005179976,2.7017696820872219,-0.5862092112476474
3.1206487025658611,2.7017696820872219,-0.2080994701136016
0.0209439510239320,2.7436575841350863,-0.1984644604762547
0.0628318530717960,2.7436575841350863,-0.5603198827854003
0.1047197551196597,2.7436575841350863,-0.8776063489618718
0.1466076571675237,2.7436575841350863,-1.1530590189850953
0.1884955592153876,2.7436575841350863,-1.3894897775810557
0.2303834612632514,2.7436575841350863,-1.5897381003244240
0.2722713633111153,2.7436575841350863,-1.7566168904502952
0.3141592653589793,2.7436575841350863,-1.8928586516588033
0.3560471674068433,2.7436575841350863,-2.0010702905716014
0.3979350694547070,2.7436575841350863,-2.0837057591054799
0.4398229715025710,2.7436575841350863,-2.1430623575313410
0.4817108735504350,2.7436575841350863,-2.1812986579741631
0.5235987755982989,2.7436575841350863,-2.2004631103742134
0.5654866776461627,2.7436575841350863,-2.2025183941424467
0.6073745796940266,2.7436575841350863,-2.1893519323085155
0.6492624817418906,2.7436575841350863,-2.1627762740780714
0.6911503837897545,2.7436575841350863,-2.1245358945442758
0.7330382858376183,2.7436575841350863,-2.0763377866311203
0.7749261878854823,2.7436575841350863,-2.0199041591912517
0.8168140899333461,2.7436575841350863,-1.9570101271850013
0.8587019919812100,2.7436575841350863,-1.8894401837323500
0.9005898940290740,2.7436575841350863,-1.8188176591692018
0.9424777960769379,2.7436575841350863,-1.7463650140709486
0.9843656981248019,2.7436575841350863,-1.6727884298435935
1.0262536001726656,2.7436575841350863,-1.5984803880213474
1.0681415022205296,2.7436575841350863,-1.5239879047000513
1.1100294042683936,2.7436575841350863,-1.4503990857274449
1.1519173063162575,2.7436575841350863,-1.3793221090984256
1.1938052083641213,2.7436575841350863,-1.3124909085827081
1.2356931104119853,2.7436575841350863,-1.2513255853116001
1.2775810124598492,2.7436575841350863,-1.1967225753622235
1.3194689145077132,2.7436575841350863,-1.1491056122893826
1.3613568165555769,2.7436575841350863,-1.1086085644923749
1.4032447186034409,2.7436575841350863,-1.0752572735944412
1.4451326206513049,2.7436575841350863,-1.0490849777115898
1.4870205226991688,2.7436575841350863,-1.0301749474654012
1.5289084247470326,2.7436575841350863,-1.0186519108778238
1.5707963267948966,2.7436575841350863,-1.0146491536303350
1.6126842288427605,2.7436575841350863,-1.0182731149731288
1.6545721308906245,2.7436575841350863,-1.0295790617719212
1.6964600329384882,2.7436575841350863,-1.0485627006359275
1.7383479349863524,2.7436575841350863,-1.0751638472151230
1.7802358370342162,2.7436575841350863,-1.1092700567018907
1.8221237390820799,2.7436575841350863,-1.1507032334978213
1.8640116411299441,2.7436575841350863,-1.1991763298454781
1.9058995431778079,2.7436575841350863,-1.2542250425958101
1.9477874452256716,2.7436575841350863,-1.3151462066800994
1.9896753472735358,2.7436575841350863,-1.3809905048825819
2.0315632493213993,2.7436575841350863,-1.4506383390436011
2.0734511513692637,2.7436575841350863,-1.5229348829139597
2.1153390534171272,2.7436575841350863,-1.5968123051108820
2.1572269554649912,2.7436575841350863,-1.6713287918029593
2.1991148575128552,2.7436575841350863,-1.7456078843951044
2.2410027595607191,2.7436575841350863,-1.8187245696155980
2.2828906616085827,2.7436575841350863,-1.8896094811980606
2.3247785636564471,2.7436575841350863,-1.9570164581486367
2.3666664657043106,2.7436575841350863,-2.0195484774141876
2.4085543677521750,2.7436575841350863,-2.0757034180577643
2.4504422698000385,2.7436575841350863,-2.1239027982318990
2.4923301718479025,2.7436575841350863,-2.1624908110027308
2.5342180738957665,2.7436575841350863,-2.1897146587951841
2.5761059759436304,2.7436575841350863,-2.2037069549135544
2.6179938779914940,2.7436575841350863,-2.2024861364946249
2.6598817800393584,2.7436575841350863,-2.1839780172057193
2.7017696820872219,2.7436575841350863,-2.1460491747183728
2.7436575841350863,2.7436575841350863,-2.0865369844812705
2.7855454861829498,2.7436575841350863,-2.0032634325177976
2.8274333882308138,2.7436575841350863,-1.8940275554392638
2.8693212902786778,2.7436575841350863,-1.7565795659052310
2.9112091923265417,2.7436575841350863,-1.5885845903256461
2.9530970943744053,2.7436575841350863,-1.3875844929128061
2.9949849964222697,2.7436575841350863,-1.1509639102203550
3.0368728984701332,2.7436575841350863,-0.8759234837515597
3.0787608005179976,2.7436575841350863,-0.5594607733596697
3.1206487025658611,2.7436575841350863,-0.1983578796120500
0.0209439510239320,2.7855454861829498,-0.1868490061781227
0.0628318530717960,2.7855454861829498,-0.5284236719255604
0.1047197551196597,2.7855454861829498,-0.8292283203780312
0.1466076571675237,2.7855454861829498,-1.0917709013469155
0.1884955592153876,2.7855454861829498,-1.3185733893099079
0.2303834612632514,2.7855454861829498,-1.5121427456345751
0.2722713633111153,2.7855454861829498,-1.6749429569569219
0.3141592653589793,2.7855454861829498,-1.8093710917681525
0.3560471674068433,2.7855454861829498,-1.9177410495678340
0.3979350694547070,2.7855454861829498,-2.0022777073708951
0.4398229715025710,2.7855454861829498,-2.0651206472426527
0.4817108735504350,2.7855454861829498,-2.1083315540619583
0.5235987755982989,2.7855454861829498,-2.1338958526329583
0.5654866776461627,2.7855454861829498,-2.1437109868073247
0.6073745796940266,2.7855454861829498,-2.1395624154309307
0.6492624817418906,2.7855454861829498,-2.1231008314664646
0.6911503837897545,2.7855454861829498,-2.0958430276283235
0.7330382858376183,2.7855454861829498,-2.0592158235446303
0.7749261878854823,2.7855454861829498,-2.0146421097375211
0.8168140899333461,2.7855454861829498,-1.9636324298202494
0.8587019919812100,2.7855454861829498,-1.9078106254333460
0.9005898940290740,2.7855454861829498,-1.8488033839558036
0.9424777960769379,2.7855454861829498,-1.7880007129581064
0.9843656981248019,2.7855454861829498,-1.7263315403168156
1.0262536001726656,2.7855454861829498,-1.6642693516210429
1.0681415022205296,2.7855454861829498,-1.6021434953796505
1.1100294042683936,2.7855454861829498,-1.5405529691253701
1.1519173063162575,2.7855454861829498,-1.4805592313086127
1.1938052083641213,2.7855454861829498,-1.4235299072045611
1.2356931104119853,2.7855454861829498,-1.3707969013054235
1.2775810124598492,2.7855454861829498,-1.3233817581149074
1.3194689145077132,2.7855454861829498,-1.2819115724937531
1.3613568165555769,2.7855454861829498,-1.2466903805975611
1.4032447186034409,2.7855454861829498,-1.2178295672404507
1.4451326206513049,2.7855454861829498,-1.1953628981465627
1.4870205226991688,2.7855454861829498,-1.1793164131969185
1.5289084247470326,2.7855454861829498,-1.1697347745793707
1.5707963267948966,2.7855454861829498,-1.1666783967933079
1.6126842288427605,2.7855454861829498,-1.1702064685245790
1.6545721308906245,2.7855454861829498,-1.1803565016346640
1.6964600329384882,2.7855454861829498,-1.1971251799724711
1.7383479349863524,2.7855454861829498,-1.2204500834833385
1.7802358370342162,2.7855454861829498,-1.2501889194535685
1.8221237390820799,2.7855454861829498,-1.2860937951945288
1.8640116411299441,2.7855454861829498,-1.3277836051397303
1.9058995431778079,2.7855454861829498,-1.3747258380741794
1.9477874452256716,2.7855454861829498,-1.4262439145828001
1.9896753472735358,2.7855454861829498,-1.4815596287043125
2.0315632493213993,2.7855454861829498,-1.5398605406185628
2.0734511513692637,2.7855454861829498,-1.6003604753570468
2.1153390534171272,2.7855454861829498,-1.6623165456152549
2.1572269554649912,2.7855454861829498,-1.7249875073465779
2.1991148575128552,2.7855454861829498,-1.7875540686873104
2.2410027595607191,2.7855454861829498,-1.8490470368613918
2.2828906616085827,2.7855454861829498,-1.9083241320304500
2.3247785636564471,2.7855454861829498,-1.9641030192185465
2.3666664657043106,2.7855454861829498,-2.0150220589116472
2.4085543677521750,2.7855454861829498,-2.0596881676369700
2.4504422698000385,2.7855454861829498,-2.0966868012664266
2.4923301718479025,2.7855454861829498,-2.1245554745380524
2.5342180738957665,2.7855454861829498,-2.1417414213314379
2.5761059759436304,2.7855454861829498,-2.1465686095703198
2.6179938779914940,2.7855454861829498,-2.1372313613916600
2.6598817800393584,2.7855454861829498,-2.1118176224727061
2.7017696820872219,2.7855454861829498,-2.0683514109113168
2.7436575841350863,2.7855454861829498,-2.0048364183607150
2.7855454861829498,2.7855454861829498,-1.9192832562658493
2.8274333882308138,2.7855454861829498,-1.8097099721608085
2.8693212902786778,2.7855454861829498,-1.6741151958429390
2.9112091923265417,2.7855454861829498,-1.5104312922031484
2.9530970943744053,2.7855454861829498,-1.3164686658350362
2.9949849964222697,2.7855454861829498,-1.0898618372896121
3.0368728984701332,2.7855454861829498,-0.8280247217235791
3.0787608005179976,2.7855454861829498,-0.5281186349341387
3.1206487025658611,2.7855454861829498,-0.1870332746533024
0.0209439510239320,2.8274333882308138,-0.1733719152963420
0.0628318530717960,2.8274333882308138,-0.4912124401183567
0.1047197551196597,2.8274333882308138,-0.7724069107386471
0.1466076571675237,2.8274333882308138,-1.0191873770316553
0.1884955592153876,2.8274333882308138,-1.2337353885538589
0.2303834612632514,2.8274333882308138,-1.4181807160334114
0.2722713633111153,2.8274333882308138,-1.5746062989785006
0.3141592653589793,2.8274333882308138,-1.7050575641083632
0.3560471674068433,2.8274333882308138,-1.8115535673729397
0.3979350694547070,2.8274333882308138,-1.8960963801236987
0.4398229715025710,2.8274333882308138,-1.9606736501056521
0.4817108735504350,2.8274333882308138,-2.0072482680948411
0.5235987755982989,2.8274333882308138,-2.0377304728051460
0.5654866776461627,2.8274333882308138,-2.0539331680277897
0.6073745796940266,2.8274333882308138,-2.0575203491645961
0.6492624817418906,2.8274333882308138,-2.0499681263370761
0.6911503837897545,2.8274333882308138,-2.0325626099489535
0.7330382858376183,2.8274333882308138,-2.0064534382185037
0.7749261878854823,2.8274333882308138,-1.9727622795496627
0.8168140899333461,2.8274333882308138,-1.9327127618429218
0.8587019919812100,2.8274333882308138,-1.8877121833555632
0.9005898940290740,2.8274333882308138,-1.8393036670637368
0.9424777960769379,2.8274333882308138,-1.7889597311296066
0.9843656981248019,2.8274333882308138,-1.7378116162075272
1.0262536001726656,2.8274333882308138,-1.6865153587733037
1.0681415022205296,2.8274333882308138,-1.6354005972633818
1.1100294042683936,2.8274333882308138,-1.5848195828373641
1.1519173063162575,2.8274333882308138,-1.5354296233403080
1.1938052083641213,2.8274333882308138,-1.4882096276008261
1.2356931104119853,2.8274333882308138,-1.4442481310235946
1.2775810124598492,2.8274333882308138,-1.4044917387755573
1.3194689145077132,2.8274333882308138,-1.3696044383387167
1.3613568165555769,2.8274333882308138,-1.3399641445841015
1.4032447186034409,2.8274333882308138,-1.3157407102504226
1.4451326206513049,2.8274333882308138,-1.2969897737025657
1.4870205226991688,2.8274333882308138,-1.2837239239367577
1.5289084247470326,2.8274333882308138,-1.2759508741335341
1.5707963267948966,2.8274333882308138,-1.2736841340142659
1.6126842288427605,2.8274333882308138,-1.2769363390528397
1.6545721308906245,2.8274333882308138,-1.2857040672572864
1.6964600329384882,2.8274333882308138,-1.2999496877898811
1.7383479349863524,2.8274333882308138,-1.3195828346534049
1.7802358370342162,2.8274333882308138,-1.3444426751620739
1.8221237390820799,2.8274333882308138,-1.3742827138916114
1.8640116411299441,2.8274333882308138,-1.4087619349010985
1.9058995431778079,2.8274333882308138,-1.4474476898717954
1.9477874452256716,2.8274333882308138,-1.4898338552816786
1.9896753472735358,2.8274333882308138,-1.5353705530744661
2.0315632493213993,2.8274333882308138,-1.5834917408631941
2.0734511513692637,2.8274333882308138,-1.6336216793099043
2.1153390534171272,2.8274333882308138,-1.6851478474017341
2.1572269554649912,2.8274333882308138,-1.7373662232467844
2.1991148575128552,2.8274333882308138,-1.7894253077445608
2.2410027595607191,2.8274333882308138,-1.8403027229112872
2.2828906616085827,2.8274333882308138,-1.8888326725706990
2.3247785636564471,2.8274333882308138,-1.9337715856368276
2.3666664657043106,2.8274333882308138,-1.9738658465988641
2.4085543677521750,2.8274333882308138,-2.0078865910610264
2.4504422698000385,2.8274333882308138,-2.0346178281610010
2.4923301718479025,2.8274333882308138,-2.0528086826504062
2.5342180738957665,2.8274333882308138,-2.0611150465718446
2.5761059759436304,2.8274333882308138,-2.0580569050704529
2.6179938779914940,2.8274333882308138,-2.0420082927254293
2.6598817800393584,2.8274333882308138,-2.0112227907266251
2.7017696820872219,2.8274333882308138,-1.9638840444389476
2.7436575841350863,2.8274333882308138,-1.8981621241055857
2.7855454861829498,2.8274333882308138,-1.8122550014519245
2.8274333882308138,2.8274333882308138,-1.7043998675547620
2.8693212902786778,2.8274333882308138,-1.5728488989374712
2.9112091923265417,2.8274333882308138,-1.4158144276520006
2.9530970943744053,2.8274333882308138,-1.2313957386155554
2.9949849964222697,2.8274333882308138,-1.0175021952827470
3.0368728984701332,2.8274333882308138,-0.7717854845459863
3.0787608005179976,2.8274333882308138,-0.4915892237544922
3.1206487025658611,2.8274333882308138,-0.1739190036548829
0.0209439510239320,2.8693212902786778,-0.1578264618765374
0.0628318530717960,2.8693212902786778,-0.4480620046139869
0.1047197551196597,2.8693212902786778,-0.7061003572709910
0.1466076571675237,2.8693212902786778,-0.9338578213839578
0.1884955592153876,2.8693212902786778,-1.1331368488782094
0.2303834612632514,2.8693212902786778,-1.3056588492492751
0.2722713633111153,2.8693212902786778,-1.4531059977149134
0.3141592653589793,2.8693212902786778,-1.5771638526216016
0.3560471674068433,2.8693212902786778,-1.6795557760098279
0.3979350694547070,2.8693212902786778,-1.7620607831852826
0.4398229715025710,2.8693212902786778,-1.8265083436439002
0.4817108735504350,2.8693212902786778,-1.8747469258458502
0.5235987755982989,2.8693212902786778,-1.9085881006553416
0.5654866776461627,2.8693212902786778,-1.9297348200211975
0.6073745796940266,2.8693212902786778,-1.9397100004040368
0.6492624817418906,2.8693212902786778,-1.9398074277037085
0.6911503837897545,2.8693212902786778,-1.9310881974845255
0.7330382858376183,2.8693212902786778,-1.9144393041498464
0.7749261878854823,2.8693212902786778,-1.8906938961997108
0.8168140899333461,2.8693212902786778,-1.8607841413926702
0.8587019919812100,2.8693212902786778,-1.8258631347384948
0.9005898940290740,2.8693212902786778,-1.7873124491790477
0.9424777960769379,2.8693212902786778,-1.7465832549822200
0.9843656981248019,2.8693212902786778,-1.7049221762804194
1.0262536001726656,2.8693212902786778,-1.6631529232068998
1.0681415022205296,2.8693212902786778,-1.6216905510324884
1.1100294042683936,2.8693212902786778,-1.5807953954186325
1.1519173063162575,2.8693212902786778,-1.5408710506740262
1.1938052083641213,2.8693212902786778,-1.5025883063437955
1.2356931104119853,2.8693212902786778,-1.4667867532236292
1.2775810124598492,2.8693212902786778,-1.4342749428393777
1.3194689145077132,2.8693212902786778,-1.4056749158164292
1.3613568165555769,2.8693212902786778,-1.3813734132345223
1.4032447186034409,2.8693212902786778,-1.3615585243506350
1.4451326206513049,2.8693212902786778,-1.3462905898903057
1.4870205226991688,2.8693212902786778,-1.3355675480330840
1.5289084247470326,2.8693212902786778,-1.3293674992687015
1.5707963267948966,2.8693212902786778,-1.3276676856767000
1.6126842288427605,2.8693212902786778,-1.3304462105445860
1.6545721308906245,2.8693212902786778,-1.3376737274500574
1.6964600329384882,2.8693212902786778,-1.3493005914390315
1.7383479349863524,2.8693212902786778,-1.3652429135227859
1.7802358370342162,2.8693212902786778,-1.3853697078590643
1.8221237390820799,2.8693212902786778,-1.4094931044378094
1.8640116411299441,2.8693212902786778,-1.4373638758454197
1.9058995431778079,2.8693212902786778,-1.4686740615601108
1.9477874452256716,2.8693212902786778,-1.5030659750869502
1.9896753472735358,2.8693212902786778,-1.5401423484901162
2.0315632493213993,2.8693212902786778,-1.5794681791675014
2.0734511513692637,2.8693212902786778,-1.6205549669607033
2.1153390534171272,2.8693212902786778,-1.6628253652063851
2.1572269554649912,2.8693212902786778,-1.7055697008184838
2.1991148575128552,2.8693212902786778,-1.7479181370446679
2.2410027595607191,2.8693212902786778,-1.7888518717824486
2.2828906616085827,2.8693212902786778,-1.8272578404879021
2.3247785636564471,2.8693212902786778,-1.8620046103161161
2.3666664657043106,2.8693212902786778,-1.8920030169386124
2.4085543677521750,2.8693212902786778,-1.9162236223066438
2.4504422698000385,2.8693212902786778,-1.9336658567462408
2.4923301718479025,2.8693212902786778,-1.9432952425415966
2.5342180738957665,2.8693212902786778,-1.9439756551917644
2.5761059759436304,2.8693212902786778,-1.9344221015241478
2.6179938779914940,2.8693212902786778,-1.9131898340704605
2.6598817800393584,2.8693212902786778,-1.8787025257139751
2.7017696820872219,2.8693212902786778,-1.8293095861575843
2.7436575841350863,2.8693212902786778,-1.7633535087533758
2.7855454861829498,2.8693212902786778,-1.6792246518689162
2.8274333882308138,2.8693212902786778,-1.5753840960107086
2.8693212902786778,2.8693212902786778,-1.4503441866704792
2.9112091923265417,2.8693212902786778,-1.3026080562635598
2.9530970943744053,2.8693212902786778,-1.1305798847493906
2.9949849964222697,2.8693212902786778,-0.9324637292364043
3.0368728984701332,2.8693212902786778,-0.7061692169005755
3.0787608005179976,2.8693212902786778,-0.4492381574110462
3.1206487025658611,2.8693212902786778,-0.1587994210324308
0.0209439510239320,2.9112091923265417,-0.1400250765808098
0.0628318530717960,2.9112091923265417,-0.3983730786543264
0.1047197551196597,2.9112091923265417,-0.6292630943026960
0.1466076571675237,2.9112091923265417,-0.8342757582301167
0.1884955592153876,2.9112091923265417,-1.0148172306696071
0.2303834612632514,2.9112091923265417,-1.1721894606492429
0.2722713633111153,2.9112091923265417,-1.3076693859630562
0.3141592653589793,2.9112091923265417,-1.4225821076424949
0.3560471674068433,2.9112091923265417,-1.5183534605818616
0.3979350694547070,2.9112091923265417,-1.5965308909263198
0.4398229715025710,2.9112091923265417,-1.6587672668318638
0.4817108735504350,2.9112091923265417,-1.7067690915978164
0.5235987755982989,2.9112091923265417,-1.7422175922904815
0.5654866776461627,2.9112091923265417,-1.7666774930597677
0.6073745796940266,2.9112091923265417,-1.7815130822215262
0.6492624817418906,2.9112091923265417,-1.7878334630065991
0.6911503837897545,2.9112091923265417,-1.7864875183593936
0.7330382858376183,2.9112091923265417,-1.7781226037121112
0.7749261878854823,2.9112091923265417,-1.7633070136593749
0.8168140899333461,2.9112091923265417,-1.7426925213375626
0.8587019919812100,2.9112091923265417,-1.7171616875453015
0.9005898940290740,2.9112091923265417,-1.6878799970370808
0.9424777960769379,2.9112091923265417,-1.6561874356092410
0.9843656981248019,2.9112091923265417,-1.6233460803457251
1.0262536001726656,2.9112091923265417,-1.5902797051853130
1.0681415022205296,2.9112091923265417,-1.5574882374428047
1.1100294042683936,2.9112091923265417,-1.5252060026908973
1.1519173063162575,2.9112091923265417,-1.4936773568254769
1.1938052083641213,2.9112091923265417,-1.4633414220802781
1.2356931104119853,2.9112091923265417,-1.4348230618634712
1.2775810124598492,2.9112091923265417,-1.4087899476616133
1.3194689145077132,2.9112091923265417,-1.3858022669185459
1.3613568165555769,2.9112091923265417,-1.3662365902929088
1.4032447186034409,2.9112091923265417,-1.3502901601545969
1.4451326206513049,2.9112091923265417,-1.3380301641311545
1.4870205226991688,2.9112091923265417,-1.3294507324949418
1.5289084247470326,2.9112091923265417,-1.3245164913982279
1.5707963267948966,2.9112091923265417,-1.3231870379994117
1.6126842288427605,2.9112091923265417,-1.3254252347759412
1.6545721308906245,2.9112091923265417,-1.3311947244429321
1.6964600329384882,2.9112091923265417,-1.3404514561998861
1.7383479349863524,2.9112091923265417,-1.3531325821308036
1.7802358370342162,2.9112091923265417,-1.3691450188565486
1.8221237390820799,2.9112091923265417,-1.3883555546888238
1.8640116411299441,2.9112091923265417,-1.4105842220764464
1.9058995431778079,2.9112091923265417,-1.4356019530783291
1.9477874452256716,2.9112091923265417,-1.4631316240193351
1.9896753472735358,2.9112091923265417,-1.4928486620719732
2.0315632493213993,2.9112091923265417,-1.5243749240744462
2.0734511513692637,2.9112091923265417,-1.5572601447864303
2.1153390534171272,2.9112091923265417,-1.5909514299040215
2.1572269554649912,2.9112091923265417,-1.6247626409916451
2.1991148575128552,2.9112091923265417,-1.6578649807708030
2.2410027595607191,2.9112091923265417,-1.6893162253455953
2.2828906616085827,2.9112091923265417,-1.7181256611733664
2.3247785636564471,2.9112091923265417,-1.7433282381017552
2.3666664657043106,2.9112091923265417,-1.7640333372207788
2.4085543677521750,2.9112091923265417,-1.7794261957700697
2.4504422698000385,2.9112091923265417,-1.7887228652903011
2.4923301718479025,2.9112091923265417,-1.7910983998604231
2.5342180738957665,2.9112091923265417,-1.7856154085757565
2.5761059759436304,2.9112091923265417,-1.7711767976898636
2.6179938779914940,2.9112091923265417,-1.7465168612654134
2.6598817800393584,2.9112091923265417,-1.7102329956899822
2.7017696820872219,2.9112091923265417,-1.6608488390416467
2.7436575841350863,2.9112091923265417,-1.5968904327908731
2.7855454861829498,2.9112091923265417,-1.5169520189175567
2.8274333882308138,2.9112091923265417,-1.4197290974034400
2.8693212902786778,2.9112091923265417,-1.3040038324953389
2.9112091923265417,2.9112091923265417,-1.1685800204889152
2.9530970943744053,2.9112091923265417,-1.0121778501981715
2.9949849964222697,2.9112091923265417,-0.8333083573644364
3.0368728984701332,2.9112091923265417,-0.6301509354020997
3.0787608005179976,2.9112091923265417,-0.4004541577966332
3.1206487025658611,2.9112091923265417,-0.1414724654010288
0.0209439510239320,2.9530970943744053,-0.1198355498039236
0.0628318530717960,2.9530970943744053,-0.3416783805774377
0.1047197551196597,2.9530970943744053,-0.5410198050535893
0.1466076571675237,2.9530970943744053,-0.7191131615874188
0.1884955592153876,2.9530970943744053,-0.8769794532737665
0.2303834612632514,2.9530970943744053,-1.0155144553311419
0.2722713633111153,2.9530970943744053,-1.1356023245523510
0.3141592653589793,2.9530970943744053,-1.2382146588165635
0.3560471674068433,2.9530970943744053,-1.3244764729763676
0.3979350694547070,2.9530970943744053,-1.3956873191010373
0.4398229715025710,2.9530970943744053,-1.4532948853803873
0.4817108735504350,2.9530970943744053,-1.4988275992865594
0.5235987755982989,2.9530970943744053,-1.5338002187115511
0.5654866776461627,2.9530970943744053,-1.5596111500589707
0.6073745796940266,2.9530970943744053,-1.5774521445200491
0.6492624817418906,2.9530970943744053,-1.5882504615107214
0.6911503837897545,2.9530970943744053,-1.5926608529648687
0.7330382858376183,2.9530970943744053,-1.5911192200440041
0.7749261878854823,2.9530970943744053,-1.5839592670501215
0.8168140899333461,2.9530970943744053,-1.5715744434443468
0.8587019919812100,2.9530970943744053,-1.5545790336069574
0.9005898940290740,2.9530970943744053,-1.5338945739125436
0.9424777960769379,2.9530970943744053,-1.5106889248707560
0.9843656981248019,2.9530970943744053,-1.4861574612853521
1.0262536001726656,2.9530970943744053,-1.4612481116790577
1.0681415022205296,2.9530970943744053,-1.4365055064465231
1.1100294042683936,2.9530970943744053,-1.4121443093157682
1.1519173063162575,2.9530970943744053,-1.3882868110379134
1.1938052083641213,2.9530970943744053,-1.3651805555730754
1.2356931104119853,2.9530970943744053,-1.3432598439851242
1.2775810124598492,2.9530970943744053,-1.3230584818758622
1.3194689145077132,2.9530970943744053,-1.3050743279132662
1.3613568165555769,2.9530970943744053,-1.2896757947704516
1.4032447186034409,2.9530970943744053,-1.2770786953872222
1.4451326206513049,2.9530970943744053,-1.2673739418508321
1.4870205226991688,2.9530970943744053,-1.2605736466988846
1.5289084247470326,2.9530970943744053,-1.2566523669724770
1.5707963267948966,2.9530970943744053,-1.2555739209957943
1.6126842288427605,2.9530970943744053,-1.2573034949014170
1.6545721308906245,2.9530970943744053,-1.2618085771361840
1.6964600329384882,2.9530970943744053,-1.2690526917192095
1.7383479349863524,2.9530970943744053,-1.2789851298720170
1.7802358370342162,2.9530970943744053,-1.2915292017521123
1.8221237390820799,2.9530970943744053,-1.3065713296906294
1.8640116411299441,2.9530970943744053,-1.3239532729152530
1.9058995431778079,2.9530970943744053,-1.3434691902621334
1.9477874452256716,2.9530970943744053,-1.3648673885514113
1.9896753472735358,2.9530970943744053,-1.3878533516351148
2.0315632493213993,2.9530970943744053,-1.4120872891427838
2.0734511513692637,2.9530970943744053,-1.4371692625504746
2.1153390534171272,2.9530970943744053,-1.4626117798553515
2.1572269554649912,2.9530970943744053,-1.4878128405016959
2.1991148575128552,2.9530970943744053,-1.5120519240637948
2.2410027595607191,2.9530970943744053,-1.5345247523736447
2.2828906616085827,2.9530970943744053,-1.5544097848010627
2.3247785636564471,2.9530970943744053,-1.5709370824567495
2.3666664657043106,2.9530970943744053,-1.5834259872513059
2.4085543677521750,2.9530970943744053,-1.5912738472652603
2.4504422698000385,2.9530970943744053,-1.5939012185803381
2.4923301718479025,2.9530970943744053,-1.5906757602447801
2.5342180738957665,2.9530970943744053,-1.5808417083663515
2.5761059759436304,2.9530970943744053,-1.5634766913726066
2.6179938779914940,2.9530970943744053,-1.5374878705365382
2.6598817800393584,2.9530970943744053,-1.5016486790584060
2.7017696820872219,2.9530970943744053,-1.4546673129320495
2.7436575841350863,2.9530970943744053,-1.3952693916231333
2.7855454861829498,2.9530970943744053,-1.3222713429029314
2.8274333882308138,2.9530970943744053,-1.2346202693793600
2.8693212902786778,2.9530970943744053,-1.1313819160648924
2.9112091923265417,2.9530970943744053,-1.0116703120530024
2.9530970943744053,2.9530970943744053,-0.8745274533168423
2.9949849964222697,2.9530970943744053,-0.7187741788931790
3.0368728984701332,2.9530970943744053,-0.5428598946013092
3.0787608005179976,2.9530970943744053,-0.3447372728234261
3.1206487025658611,2.9530970943744053,-0.1217798844016113
0.0209439510239320,2.9949849964222697,-0.0972246704639839
0.0628318530717960,2.9949849964222697,-0.2777793782784118
0.1047197551196597,2.9949849964222697,-0.4408989941292405
0.1466076571675237,2.9949849964222697,-0.5875496029042073
0.1884955592153876,2.9949849964222697,-0.7184089067064418
0.2303834612632514,2.9949849964222697,-0.8340052859553537
0.2722713633111153,2.9949849964222697,-0.9348597321150679
0.3141592653589793,2.9949849964222697,-1.0216051061533034
0.3560471674068433,2.9949849964222697,-1.0950621192082186
0.3979350694547070,2.9949849964222697,-1.1562610570447698
0.4398229715025710,2.9949849964222697,-1.2064096979594405
0.4817108735504350,2.9949849964222697,-1.2468180547446344
0.5235987755982989,2.9949849964222697,-1.2787973963977801
0.5654866776461627,2.9949849964222697,-1.3035538404684754
0.6073745796940266,2.9949849964222697,-1.3220963574660562
0.6492624817418906,2.9949849964222697,-1.3351767065014977
0.6911503837897545,2.9949849964222697,-1.3432758154896580
0.7330382858376183,2.9949849964222697,-1.3466473112847919
0.7749261878854823,2.9949849964222697,-1.3454219162209888
0.8168140899333461,2.9949849964222697,-1.3397617572472937
0.8587019919812100,2.9949849964222697,-1.3300279762250329
0.9005898940290740,2.9949849964222697,-1.3168945942701671
0.9424777960769379,2.9949849964222697,-1.3013309947814191
0.9843656981248019,2.9949849964222697,-1.2844197297995636
1.0262536001726656,2.9949849964222697,-1.2670798016128642
1.0681415022205296,2.9949849964222697,-1.2498580150898904
1.1100294042683936,2.9949849964222697,-1.2329276089472230
1.1519173063162575,2.9949849964222697,-1.2162834577675925
1.1938052083641213,2.9949849964222697,-1.1999798112459386
1.2356931104119853,2.9949849964222697,-1.1842536941887074
1.2775810124598492,2.9949849964222697,-1.1694946024362312
1.3194689145077132,2.9949849964222697,-1.1561308762659572
1.3613568165555769,2.9949849964222697,-1.1445245885469146
1.4032447186034409,2.9949849964222697,-1.1349222176676819
1.4451326206513049,2.9949849964222697,-1.1274583472659645
1.4870205226991688,2.9949849964222697,-1.1221868646209296
1.5289084247470326,2.9949849964222697,-1.1191158077670922
1.5707963267948966,2.9949849964222697,-1.1182329330252754
1.6126842288427605,2.9949849964222697,-1.1195186186868826
1.6545721308906245,2.9949849964222697,-1.1229477741223119
1.6964600329384882,2.9949849964222697,-1.1284840154915783
1.7383479349863524,2.9949849964222697,-1.1360694379081375
1.7802358370342162,2.9949849964222697,-1.1456132200519675
1.8221237390820799,2.9949849964222697,-1.1569824842275596
1.8640116411299441,2.9949849964222697,-1.1699989129956416
1.9058995431778079,2.9949849964222697,-1.1844436087324000
1.9477874452256716,2.9949849964222697,-1.2000695063005595
1.9896753472735358,2.9949849964222697,-1.2166152400306582
2.0315632493213993,2.9949849964222697,-1.2338092448246663
2.0734511513692637,2.9949849964222697,-1.2513536171713349
2.1153390534171272,2.9949849964222697,-1.2688886117586371
2.1572269554649912,2.9949849964222697,-1.2859565717314587
2.1991148575128552,2.9949849964222697,-1.3019936129316758
2.2410027595607191,2.9949849964222697,-1.3163654096428932
2.2828906616085827,2.9949849964222697,-1.3284353411384753
2.3247785636564471,2.9949849964222697,-1.3376306283005019
2.3666664657043106,2.9949849964222697,-1.3434719329375830
2.4085543677521750,2.9949849964222697,-1.3455520578039217
2.4504422698000385,2.9949849964222697,-1.3434740591402048
2.4923301718479025,2.9949849964222697,-1.3367740347427597
2.5342180738957665,2.9949849964222697,-1.3248553073178766
2.5761059759436304,2.9949849964222697,-1.3069532776601875
2.6179938779914940,2.9949849964222697,-1.2821400165420260
2.6598817800393584,2.9949849964222697,-1.2493680131808329
2.7017696820872219,2.9949849964222697,-1.2075438639010603
2.7436575841350863,2.9949849964222697,-1.1556148689137160
2.7855454861829498,2.9949849964222697,-1.0926454790045657
2.8274333882308138,2.9949849964222697,-1.0178586378591912
2.8693212902786778,2.9949849964222697,-0.9306216532344408
2.9112091923265417,2.9949849964222697,-0.8303677388383783
2.9530970943744053,2.9949849964222697,-0.7164601802140540
2.9949849964222697,2.9949849964222697,-0.5880211311217104
3.0368728984701332,2.9949849964222697,-0.4437560596981759
3.0787608005179976,2.9949849964222697,-0.2818048773592532
3.1206487025658611,2.9949849964222697,-0.0996424701856839
0.0209439510239320,3.0368728984701332,-0.0723019721170868
0.0628318530717960,3.0368728984701332,-0.2068916679783971
0.1047197551196597,3.0368728984701332,-0.3290934760631498
0.1466076571675237,3.0368728984701332,-0.4396548990942746
0.1884955592153876,3.0368728984701332,-0.5389798433405338
0.2303834612632514,3.0368728984701332,-0.6272910541985328
0.2722713633111153,3.0368728984701332,-0.7047920453694795
0.3141592653589793,3.0368728984701332,-0.7718006185472310
0.3560471674068433,3.0368728984701332,-0.8288330299198048
0.3979350694547070,3.0368728984701332,-0.8766292912809841
0.4398229715025710,3.0368728984701332,-0.9161224774690502
0.4817108735504350,3.0368728984701332,-0.9483649108934945
0.5235987755982989,3.0368728984701332,-0.9744297487284254
0.5654866776461627,3.0368728984701332,-0.9953076772545292
0.6073745796940266,3.0368728984701332,-1.0118164932156706
0.6492624817418906,3.0368728984701332,-1.0245383751071000
0.6911503837897545,3.0368728984701332,-1.0337972983822121
0.7330382858376183,3.0368728984701332,-1.0396874823143150
0.7749261878854823,3.0368728984701332,-1.0421604709532810
0.8168140899333461,3.0368728984701332,-1.0411679550236226
0.8587019919812100,3.0368728984701332,-1.0368339300028564
0.9005898940290740,3.0368728984701332,-1.0295955625376594
0.9424777960769379,3.0368728984701332,-1.0202290646002348
0.9843656981248019,3.0368728984701332,-1.0097039704277126
1.0262536001726656,3.0368728984701332,-0.9989050667282485
1.0681415022205296,3.0368728984701332,-0.9883719320459310
1.1100294042683936,3.0368728984701332,-0.9782221478462282
1.1519173063162575,3.0368728984701332,-0.9683003370840422
1.1938052083641213,3.0368728984701332,-0.9584328773035875
1.2356931104119853,3.0368728984701332,-0.9486162754512852
1.2775810124598492,3.0368728984701332,-0.9390535358389146
1.3194689145077132,3.0368728984701332,-0.9300730902966275
1.3613568165555769,3.0368728984701332,-0.9220178967041611
1.4032447186034409,3.0368728984701332,-0.9151692664249471
1.4451326206513049,3.0368728984701332,-0.9097216022791547
1.4870205226991688,3.0368728984701332,-0.9057924596275145
1.5289084247470326,3.0368728984701332,-0.9034453889871238
1.5707963267948966,3.0368728984701332,-0.9027098801775055
1.6126842288427605,3.0368728984701332,-0.9035918731272061
1.6545721308906245,3.0368728984701332,-0.9060745258261551
1.6964600329384882,3.0368728984701332,-0.9101119146346448
1.7383479349863524,3.0368728984701332,-0.9156195345852546
1.7802358370342162,3.0368728984701332,-0.9224661337735155
1.8221237390820799,3.0368728984701332,-0.9304718943730028
1.8640116411299441,3.0368728984701332,-0.9394175574812512
1.9058995431778079,3.0368728984701332,-0.9490663438453547
1.9477874452256716,3.0368728984701332,-0.9591943058676733
1.9896753472735358,3.0368728984701332,-0.9696162284427942
2.0315632493213993,3.0368728984701332,-0.9801888352246987
2.0734511513692637,3.0368728984701332,-0.9907790447497781
2.1153390534171272,3.0368728984701332,-1.0012052750323959
2.1572269554649912,3.0368728984701332,-1.0111831532557487
2.1991148575128552,3.0368728984701332,-1.0203126110854772
2.2410027595607191,3.0368728984701332,-1.0281209135971443
2.2828906616085827,3.0368728984701332,-1.0341401484505532
2.3247785636564471,3.0368728984701332,-1.0379756745234781
2.3666664657043106,3.0368728984701332,-1.0393290379871718
2.4085543677521750,3.0368728984701332,-1.0379661388685999
2.4504422698000385,3.0368728984701332,-1.0336481996315039
2.4923301718479025,3.0368728984701332,-1.0260551128064952
2.5342180738957665,3.0368728984701332,-1.0147276178570477
2.5761059759436304,3.0368728984701332,-0.9990441948483534
2.6179938779914940,3.0368728984701332,-0.9782376922641827
2.6598817800393584,3.0368728984701332,-0.9514481542647151
2.7017696820872219,3.0368728984701332,-0.9178013770393081
2.7436575841350863,3.0368728984701332,-0.8764962898956190
2.7855454861829498,3.0368728984701332,-0.8268788148699255
2.8274333882308138,3.0368728984701332,-0.7684777189211407
2.8693212902786778,3.0368728984701332,-0.7009818844466870
2.9112091923265417,3.0368728984701332,-0.6241494824417538
2.9530970943744053,3.0368728984701332,-0.5376556765642395
2.9949849964222697,3.0368728984701332,-0.4409017244635963
3.0368728984701332,3.0368728984701332,-0.3328188683471547
3.0787608005179976,3.0368728984701332,-0.2117014451713254
3.1206487025658611,3.0368728984701332,-0.0750952738658089
0.0209439510239320,3.0787608005179976,-0.0453524906678073
0.0628318530717960,3.0787608005179976,-0.1297632699502807
0.1047197551196597,3.0787608005179976,-0.2066856292353152
0.1466076571675237,3.0787608005179976,-0.2767364680370642
0.1884955592153876,3.0787608005179976,-0.3401348051472954
0.2303834612632514,3.0787608005179976,-0.3968768047209669
0.2722713633111153,3.0787608005179976,-0.4469083587549406
0.3141592653589793,3.0787608005179976,-0.4902671821226970
0.3560471674068433,3.0787608005179976,-0.5271744395444803
0.3979350694547070,3.0787608005179976,-0.5580678064262377
0.4398229715025710,3.0787608005179976,-0.5835798881697345
0.4817108735504350,3.0787608005179976,-0.6044749152237310
0.5235987755982989,3.0787608005179976,-0.6215610146880640
0.5654866776461627,3.0787608005179976,-0.6355954325289315
0.6073745796940266,3.0787608005179976,-0.6471975848146961
0.6492624817418906,3.0787608005179976,-0.6567821014221755
0.6911503837897545,3.0787608005179976,-0.6645230651548492
0.7330382858376183,3.0787608005179976,-0.6703618941129772
0.7749261878854823,3.0787608005179976,-0.6740722792829613
0.8168140899333461,3.0787608005179976,-0.6753897412403650
0.8587019919812100,3.0787608005179976,-0.6741918164742249
0.9005898940290740,3.0787608005179976,-0.6706750082529439
0.9424777960769379,3.0787608005179976,-0.6654352985985066
0.9843656981248019,3.0787608005179976,-0.6593653744306263
1.0262536001726656,3.0787608005179976,-0.6533706146582027
1.0681415022205296,3.0787608005179976,-0.6480406245727416
1.1100294042683936,3.0787608005179976,-0.6434755809833246
1.1519173063162575,3.0787608005179976,-0.6393721972499341
1.1938052083641213,3.0787608005179976,-0.6352914682735723
1.2356931104119853,3.0787608005179976,-0.6309234726779736
1.2775810124598492,3.0787608005179976,-0.6262114413389582
1.3194689145077132,3.0787608005179976,-0.6213233534322474
1.3613568165555769,3.0787608005179976,-0.6165464334295319
1.4032447186034409,3.0787608005179976,-0.6121849718939714
1.4451326206513049,3.0787608005179976,-0.6085001325793522
1.4870205226991688,3.0787608005179976,-0.6056906371386196
1.5289084247470326,3.0787608005179976,-0.6038960809276149
1.5707963267948966,3.0787608005179976,-0.6032055740500786
1.6126842288427605,3.0787608005179976,-0.6036620961662104
1.6545721308906245,3.0787608005179976,-0.6052601341682280
1.6964600329384882,3.0787608005179976,-0.6079387793795719
1.7383479349863524,3.0787608005179976,-0.6115750654100418
1.7802358370342162,3.0787608005179976,-0.6159837885593576
1.8221237390820799,3.0787608005179976,-0.6209303214270936
1.8640116411299441,3.0787608005179976,-0.6261607918618298
1.9058995431778079,3.0787608005179976,-0.6314477644108589
1.9477874452256716,3.0787608005179976,-0.6366390578778980
1.9896753472735358,3.0787608005179976,-0.6416867774093106
2.0315632493213993,3.0787608005179976,-0.6466324757072592
2.0734511513692637,3.0787608005179976,-0.6515414070510910
2.1153390534171272,3.0787608005179976,-0.6564104280652943
2.1572269554649912,3.0787608005179976,-0.6610988364960096
2.1991148575128552,3.0787608005179976,-0.6653251413797632
2.2410027595607191,3.0787608005179976,-0.6687339248722646
2.2828906616085827,3.0787608005179976,-0.6709931604347039
2.3247785636564471,3.0787608005179976,-0.6718662536256339
2.3666664657043106,3.0787608005179976,-0.6712232141353043
2.4085543677521750,3.0787608005179976,-0.6689922418317340
2.4504422698000385,3.0787608005179976,-0.6650804040259146
2.4923301718479025,3.0787608005179976,-0.6592982324417237
2.5342180738957665,3.0787608005179976,-0.6513132748813836
2.5761059759436304,3.0787608005179976,-0.6406433090388078
2.6179938779914940,3.0787608005179976,-0.6266885856020007
2.6598817800393584,3.0787608005179976,-0.6087954170861745
2.7017696820872219,3.0787608005179976,-0.5863385938580072
2.7436575841350863,3.0787608005179976,-0.5588055567060530
2.7855454861829498,3.0787608005179976,-0.5258611108607014
2.8274333882308138,3.0787608005179976,-0.4873699274948365
2.8693212902786778,3.0787608005179976,-0.4433579796336689
2.9112091923265417,3.0787608005179976,-0.3939047746289426
2.9530970943744053,3.0787608005179976,-0.3389740844813254
2.9949849964222697,3.0787608005179976,-0.2782070984224141
3.0368728984701332,3.0787608005179976,-0.2107126855525364
3.0787608005179976,3.0787608005179976,-0.1348906919807928
3.1206487025658611,3.0787608005179976,-0.0483156611319142
0.0209439510239320,3.1206487025658611,-0.0168463431534081
0.0628318530717960,3.1206487025658611,-0.0477232439234445
0.1047197551196597,3.1206487025658611,-0.0757579077042884
0.1466076571675237,3.1206487025658611,-0.1015301749761534
0.1884955592153876,3.1206487025658611,-0.1251705621459487
0.2303834612632514,3.1206487025658611,-0.1465370024692881
0.2722713633111153,3.1206487025658611,-0.1653891735233227
0.3141592653589793,3.1206487025658611,-0.1815341000373072
0.3560471674068433,3.1206487025658611,-0.1949248149097786
0.3979350694547070,3.1206487025658611,-0.2057049296200132
0.4398229715025710,3.1206487025658611,-0.2142026076248459
0.4817108735504350,3.1206487025658611,-0.2208849422241227
0.5235987755982989,3.1206487025658611,-0.2262869585960928
0.5654866776461627,3.1206487025658611,-0.2309289367440249
0.6073745796940266,3.1206487025658611,-0.2352333234874678
0.6492624817418906,3.1206487025658611,-0.2394506110138406
0.6911503837897545,3.1206487025658611,-0.2436044689178667
0.7330382858376183,3.1206487025658611,-0.2474711073073382
0.7749261878854823,3.1206487025658611,-0.2506142067219544
0.8168140899333461,3.1206487025658611,-0.2524972945197926
0.8587019919812100,3.1206487025658611,-0.2526773142173573
0.9005898940290740,3.1206487025658611,-0.2510364400219318
0.9424777960769379,3.1206487025658611,-0.2479472321954813
0.9843656981248019,3.1206487025658611,-0.2442415489536335
1.0262536001726656,3.1206487025658611,-0.2409294594454206
1.0681415022205296,3.1206487025658611,-0.2387806407432706
1.1100294042683936,3.1206487025658611,-0.2380085699709397
1.1519173063162575,3.1206487025658611,-0.2382481298417236
1.1938052083641213,3.1206487025658611,-0.2388133907591725
1.2356931104119853,3.1206487025658611,-0.2390456550101410
1.2775810124598492,3.1206487025658611,-0.2385526922465803
1.3194689145077132,3.1206487025658611,-0.2372641168114035
1.3613568165555769,3.1206487025658611,-0.2353526153122038
1.4032447186034409,3.1206487025658611,-0.2331132074338940
1.4451326206513049,3.1206487025658611,-0.2308650713647450
1.4870205226991688,3.1206487025658611,-0.2288950360641636
1.5289084247470326,3.1206487025658611,-0.2274331554593497
1.5707963267948966,3.1206487025658611,-0.2266435225036879
1.6126842288427605,3.1206487025658611,-0.2266181912047774
1.6545721308906245,3.1206487025658611,-0.2273696799133637
1.6964600329384882,3.1206487025658611,-0.2288238190530987
1.7383479349863524,3.1206487025658611,-0.2308188421631410
1.7802358370342162,3.1206487025658611,-0.2331185931853713
1.8221237390820799,3.1206487025658611,-0.2354467871853693
1.8640116411299441,3.1206487025658611,-0.2375437467826445
1.9058995431778079,3.1206487025658611,-0.2392358321864859
1.9477874452256716,3.1206487025658611,-0.2404934322607162
1.9896753472735358,3.1206487025658611,-0.2414447623549201
2.0315632493213993,3.1206487025658611,-0.2423223555296554
2.0734511513692637,3.1206487025658611,-0.2433518346188505
2.1153390534171272,3.1206487025658611,-0.2446328222893851
2.1572269554649912,3.1206487025658611,-0.2460781148438064
2.1991148575128552,3.1206487025658611,-0.2474487392345360
2.2410027595607191,3.1206487025658611,-0.2484643396732144
2.2828906616085827,3.1206487025658611,-0.2489232005755190
2.3247785636564471,3.1206487025658611,-0.2487665283686867
2.3666664657043106,3.1206487025658611,-0.2480616007191246
2.4085543677521750,3.1206487025658611,-0.2469243118881850
2.4504422698000385,3.1206487025658611,-0.2454246166858720
2.4923301718479025,3.1206487025658611,-0.2435138990661858
2.5342180738957665,3.1206487025658611,-0.2409947656767948
2.5761059759436304,3.1206487025658611,-0.2375358444674348
2.6179938779914940,3.1206487025658611,-0.2327233666093730
2.6598817800393584,3.1206487025658611,-0.2261366815758955
2.7017696820872219,3.1206487025658611,-0.2174327492923385
2.7436575841350863,3.1206487025658611,-0.2064224947244003
2.7855454861829498,3.1206487025658611,-0.1931196509212989
2.8274333882308138,3.1206487025658611,-0.1777424424022986
2.8693212902786778,3.1206487025658611,-0.1606528628135618
2.9112091923265417,3.1206487025658611,-0.1422287054732330
2.9530970943744053,3.1206487025658611,-0.1226783989815628
2.9949849964222697,3.1206487025658611,-0.1018237196617610
3.0368728984701332,3.1206487025658611,-0.0788851558034118
3.0787608005179976,3.1206487025658611,-0.0523052529507898
3.1206487025658611,3.1206487025658611,-0.0196364313116098
