a,b,c
0.0209439510239320,0.0209439510239320,-0.0162501426572143
0.0628318530717960,0.0209439510239320,-0.0464766402114082
0.1047197551196597,0.0209439510239320,-0.0738178038487367
0.1466076571675237,0.0209439510239320,-0.0984450677938834
0.1884955592153876,0.0209439510239320,-0.1205250371384423
0.2303834612632514,0.0209439510239320,-0.1402194878409173
0.2722713633111153,0.0209439510239320,-0.1576853667267231
0.3141592653589793,0.0209439510239320,-0.1730747914881845
0.3560471674068433,0.0209439510239320,-0.1865350506845367
0.3979350694547070,0.0209439510239320,-0.1982086037419250
0.4398229715025710,0.0209439510239320,-0.2082330809534054
0.4817108735504350,0.0209439510239320,-0.2167412834789440
0.5235987755982989,0.0209439510239320,-0.2238611833454170
0.5654866776461627,0.0209439510239320,-0.2297159234466116
0.6073745796940266,0.0209439510239320,-0.2344238175432246
0.6492624817418906,0.0209439510239320,-0.2380983502628634
0.6911503837897545,0.0209439510239320,-0.2408481771000459
0.7330382858376183,0.0209439510239320,-0.2427771244161999
0.7749261878854823,0.0209439510239320,-0.2439841894396641
0.8168140899333461,0.0209439510239320,-0.2445635402656870
0.8587019919812100,0.0209439510239320,-0.2446045158564278
0.9005898940290740,0.0209439510239320,-0.2441916260409556
0.9424777960769379,0.0209439510239320,-0.2434045515152502
0.9843656981248019,0.0209439510239320,-0.2423181438422017
1.0262536001726656,0.0209439510239320,-0.2410024254516102
1.0681415022205296,0.0209439510239320,-0.2395225896401866
1.1100294042683936,0.0209439510239320,-0.2379390005715517
1.1519173063162575,0.0209439510239320,-0.2363071932762369
1.1938052083641213,0.0209439510239320,-0.2346778736516837
1.2356931104119853,0.0209439510239320,-0.2330969184622440
1.2775810124598492,0.0209439510239320,-0.2316053753391802
1.3194689145077132,0.0209439510239320,-0.2302394627806648
1.3613568165555769,0.0209439510239320,-0.2290305701517807
1.4032447186034409,0.0209439510239320,-0.2280052576845211
1.4451326206513049,0.0209439510239320,-0.2271852564777895
1.4870205226991688,0.0209439510239320,-0.2265874684974000
1.5289084247470326,0.0209439510239320,-0.2262239665760766
1.5707963267948966,0.0209439510239320,-0.2261019944134539
1.6126842288427605,0.0209439510239320,-0.2262239665760766
1.6545721308906245,0.0209439510239320,-0.2265874684974000
1.6964600329384882,0.0209439510239320,-0.2271852564777895
1.7383479349863524,0.0209439510239320,-0.2280052576845211
1.7802358370342162,0.0209439510239320,-0.2290305701517807
1.8221237390820799,0.0209439510239320,-0.2302394627806648
1.8640116411299441,0.0209439510239320,-0.2316053753391802
1.9058995431778079,0.0209439510239320,-0.2330969184622440
1.9477874452256716,0.0209439510239320,-0.2346778736516837
1.9896753472735358,0.0209439510239320,-0.2363071932762369
2.0315632493213993,0.0209439510239320,-0.2379390005715518
2.0734511513692637,0.0209439510239320,-0.2395225896401867
2.1153390534171272,0.0209439510239320,-0.2410024254516103
2.1572269554649912,0.0209439510239320,-0.2423181438422017
2.1991148575128552,0.0209439510239320,-0.2434045515152502
2.2410027595607191,0.0209439510239320,-0.2441916260409556
2.2828906616085827,0.0209439510239320,-0.2446045158564277
2.3247785636564471,0.0209439510239320,-0.2445635402656871
2.3666664657043106,0.0209439510239320,-0.2439841894396641
2.4085543677521750,0.0209439510239320,-0.2427771244161999
2.4504422698000385,0.0209439510239320,-0.2408481771000458
2.4923301718479025,0.0209439510239320,-0.2380983502628634
2.5342180738957665,0.0209439510239320,-0.2344238175432246
2.5761059759436304,0.0209439510239320,-0.2297159234466116
2.6179938779914940,0.0209439510239320,-0.2238611833454172
2.6598817800393584,0.0209439510239320,-0.2167412834789439
2.7017696820872219,0.0209439510239320,-0.2082330809534055
2.7436575841350863,0.0209439510239320,-0.1982086037419250
2.7855454861829498,0.0209439510239320,-0.1865350506845367
2.8274333882308138,0.0209439510239320,-0.1730747914881845
2.8693212902786778,0.0209439510239320,-0.1576853667267231
2.9112091923265417,0.0209439510239320,-0.1402194878409173
2.9530970943744053,0.0209439510239320,-0.1205250371384424
2.9949849964222697,0.0209439510239320,-0.0984450677938833
3.0368728984701332,0.0209439510239320,-0.0738178038487368
3.0787608005179976,0.0209439510239320,-0.0464766402114079
3.1206487025658611,0.0209439510239320,-0.0162501426572143
0.0209439510239320,0.0628318530717960,-0.0464766402114082
0.0628318530717960,0.0628318530717960,-0.1327653308042500
0.1047197551196597,0.0628318530717960,-0.2106011562927874
0.1466076571675237,0.0628318530717960,-0.2804915159594739
0.1884955592153876,0.0628318530717960,-0.3429295161492278
0.2303834612632514,0.0628318530717960,-0.3983939702694339
0.2722713633111153,0.0628318530717960,-0.4473493987899434
0.3141592653589793,0.0628318530717960,-0.4902460292430734
0.3560471674068433,0.0628318530717960,-0.5275197962236071
0.3979350694547070,0.0628318530717960,-0.5595923413887935
0.4398229715025710,0.0628318530717960,-0.5868710134583489
0.4817108735504350,0.0628318530717960,-0.6097488682144544
0.5235987755982989,0.0628318530717960,-0.6286046685017578
0.5654866776461627,0.0628318530717960,-0.6438028842273730
0.6073745796940266,0.0628318530717960,-0.6556936923608797
0.6492624817418906,0.0628318530717960,-0.6646129769343244
0.6911503837897545,0.0628318530717960,-0.6708823290422191
0.7330382858376183,0.0628318530717960,-0.6748090468415424
0.7749261878854823,0.0628318530717960,-0.6766861355517387
0.8168140899333461,0.0628318530717960,-0.6767923074547183
0.8587019919812100,0.0628318530717960,-0.6753919818948582
0.9005898940290740,0.0628318530717960,-0.6727352852790013
0.9424777960769379,0.0628318530717960,-0.6690580510764563
0.9843656981248019,0.0628318530717960,-0.6645818198189986
1.0262536001726656,0.0628318530717960,-0.6595138391008689
1.0681415022205296,0.0628318530717960,-0.6540470635787752
1.1100294042683936,0.0628318530717960,-0.6483601549718907
1.1519173063162575,0.0628318530717960,-0.6426174820618550
1.1938052083641213,0.0628318530717960,-0.6369691206927737
1.2356931104119853,0.0628318530717960,-0.6315508537712186
1.2775810124598492,0.0628318530717960,-0.6264841712662277
1.3194689145077132,0.0628318530717960,-0.6218762702093051
1.3613568165555769,0.0628318530717960,-0.6178200546944211
1.4032447186034409,0.0628318530717960,-0.6143941358780119
1.4451326206513049,0.0628318530717960,-0.6116628319789801
1.4870205226991688,0.0628318530717960,-0.6096761682786940
1.5289084247470326,0.0628318530717960,-0.6084698771209884
1.5707963267948966,0.0628318530717960,-0.6080653979121643
1.6126842288427605,0.0628318530717960,-0.6084698771209884
1.6545721308906245,0.0628318530717960,-0.6096761682786940
1.6964600329384882,0.0628318530717960,-0.6116628319789801
1.7383479349863524,0.0628318530717960,-0.6143941358780119
1.7802358370342162,0.0628318530717960,-0.6178200546944211
1.8221237390820799,0.0628318530717960,-0.6218762702093051
1.8640116411299441,0.0628318530717960,-0.6264841712662277
1.9058995431778079,0.0628318530717960,-0.6315508537712186
1.9477874452256716,0.0628318530717960,-0.6369691206927734
1.9896753472735358,0.0628318530717960,-0.6426174820618550
2.0315632493213993,0.0628318530717960,-0.6483601549718907
2.0734511513692637,0.0628318530717960,-0.6540470635787754
2.1153390534171272,0.0628318530717960,-0.6595138391008689
2.1572269554649912,0.0628318530717960,-0.6645818198189986
2.1991148575128552,0.0628318530717960,-0.6690580510764563
2.2410027595607191,0.0628318530717960,-0.6727352852790013
2.2828906616085827,0.0628318530717960,-0.6753919818948584
2.3247785636564471,0.0628318530717960,-0.6767923074547183
2.3666664657043106,0.0628318530717960,-0.6766861355517387
2.4085543677521750,0.0628318530717960,-0.6748090468415424
2.4504422698000385,0.0628318530717960,-0.6708823290422192
2.4923301718479025,0.0628318530717960,-0.6646129769343244
2.5342180738957665,0.0628318530717960,-0.6556936923608797
2.5761059759436304,0.0628318530717960,-0.6438028842273730
2.6179938779914940,0.0628318530717960,-0.6286046685017578
2.6598817800393584,0.0628318530717960,-0.6097488682144544
2.7017696820872219,0.0628318530717960,-0.5868710134583491
2.7436575841350863,0.0628318530717960,-0.5595923413887934
2.7855454861829498,0.0628318530717960,-0.5275197962236071
2.8274333882308138,0.0628318530717960,-0.4902460292430734
2.8693212902786778,0.0628318530717960,-0.4473493987899434
2.9112091923265417,0.0628318530717960,-0.3983939702694339
2.9530970943744053,0.0628318530717960,-0.3429295161492281
2.9949849964222697,0.0628318530717960,-0.2804915159594735
3.0368728984701332,0.0628318530717960,-0.2106011562927878
3.0787608005179976,0.0628318530717960,-0.1327653308042491
3.1206487025658611,0.0628318530717960,-0.0464766402114082
0.0209439510239320,0.1047197551196597,-0.0738178038487367
0.0628318530717960,0.1047197551196597,-0.2106011562927874
0.1047197551196597,0.1047197551196597,-0.3336271018116886
0.1466076571675237,0.1047197551196597,-0.4437298002235326
0.1884955592153876,0.1047197551196597,-0.5417199138867453
0.2303834612632514,0.1047197551196597,-0.6283846077000884
0.2722713633111153,0.1047197551196597,-0.7044875491026599
0.3141592653589793,0.1047197551196597,-0.7707689080738924
0.3560471674068433,0.1047197551196597,-0.8279453571335545
0.3979350694547070,0.1047197551196597,-0.8767100713417493
0.4398229715025710,0.1047197551196597,-0.9177327282989173
0.4817108735504350,0.1047197551196597,-0.9516595081458323
0.5235987755982989,0.1047197551196597,-0.9791130935636050
0.5654866776461627,0.1047197551196597,-1.0006926697736811
0.6073745796940266,0.1047197551196597,-1.0169739245378411
0.6492624817418906,0.1047197551196597,-1.0285090481582027
0.6911503837897545,0.1047197551196597,-1.0358267334772167
0.7330382858376183,0.1047197551196597,-1.0394321758776719
0.7749261878854823,0.1047197551196597,-1.0398070732826905
0.8168140899333461,0.1047197551196597,-1.0374096261557313
0.8587019919812100,0.1047197551196597,-1.0326745375005879
0.9005898940290740,0.1047197551196597,-1.0260130128613902
0.9424777960769379,0.1047197551196597,-1.0178127603226026
0.9843656981248019,0.1047197551196597,-1.0084379905090257
1.0262536001726656,0.1047197551196597,-0.9982294165857948
1.0681415022205296,0.1047197551196597,-0.9875042542583818
1.1100294042683936,0.1047197551196597,-0.9765562217725933
1.1519173063162575,0.1047197551196597,-0.9656555399145715
1.1938052083641213,0.1047197551196597,-0.9550489320107935
1.2356931104119853,0.1047197551196597,-0.9449596239280729
1.2775810124598492,0.1047197551196597,-0.9355873440735580
1.3194689145077132,0.1047197551196597,-0.9271083233947329
1.3613568165555769,0.1047197551196597,-0.9196752953794173
1.4032447186034409,0.1047197551196597,-0.9134174960557659
1.4451326206513049,0.1047197551196597,-0.9084406639922692
1.4870205226991688,0.1047197551196597,-0.9048270402977530
1.5289084247470326,0.1047197551196597,-0.9026353686213788
1.5707963267948966,0.1047197551196597,-0.9019008951526433
1.6126842288427605,0.1047197551196597,-0.9026353686213788
1.6545721308906245,0.1047197551196597,-0.9048270402977530
1.6964600329384882,0.1047197551196597,-0.9084406639922692
1.7383479349863524,0.1047197551196597,-0.9134174960557659
1.7802358370342162,0.1047197551196597,-0.9196752953794173
1.8221237390820799,0.1047197551196597,-0.9271083233947329
1.8640116411299441,0.1047197551196597,-0.9355873440735580
1.9058995431778079,0.1047197551196597,-0.9449596239280729
1.9477874452256716,0.1047197551196597,-0.9550489320107932
1.9896753472735358,0.1047197551196597,-0.9656555399145715
2.0315632493213993,0.1047197551196597,-0.9765562217725935
2.0734511513692637,0.1047197551196597,-0.9875042542583822
2.1153390534171272,0.1047197551196597,-0.9982294165857948
2.1572269554649912,0.1047197551196597,-1.0084379905090257
2.1991148575128552,0.1047197551196597,-1.0178127603226026
2.2410027595607191,0.1047197551196597,-1.0260130128613902
2.2828906616085827,0.1047197551196597,-1.0326745375005879
2.3247785636564471,0.1047197551196597,-1.0374096261557311
2.3666664657043106,0.1047197551196597,-1.0398070732826903
2.4085543677521750,0.1047197551196597,-1.0394321758776717
2.4504422698000385,0.1047197551196597,-1.0358267334772167
2.4923301718479025,0.1047197551196597,-1.0285090481582027
2.5342180738957665,0.1047197551196597,-1.0169739245378411
2.5761059759436304,0.1047197551196597,-1.0006926697736811
2.6179938779914940,0.1047197551196597,-0.9791130935636052
2.6598817800393584,0.1047197551196597,-0.9516595081458323
2.7017696820872219,0.1047197551196597,-0.9177327282989176
2.7436575841350863,0.1047197551196597,-0.8767100713417492
2.7855454861829498,0.1047197551196597,-0.8279453571335545
2.8274333882308138,0.1047197551196597,-0.7707689080738924
2.8693212902786778,0.1047197551196597,-0.7044875491026599
2.9112091923265417,0.1047197551196597,-0.6283846077000884
2.9530970943744053,0.1047197551196597,-0.5417199138867458
2.9949849964222697,0.1047197551196597,-0.4437298002235320
3.0368728984701332,0.1047197551196597,-0.3336271018116891
3.0787608005179976,0.1047197551196597,-0.2106011562927860
3.1206487025658611,0.1047197551196597,-0.0738178038487367
0.0209439510239320,0.1466076571675237,-0.0984450677938835
0.0628318530717960,0.1466076571675237,-0.2804915159594739
0.1047197551196597,0.1466076571675237,-0.4437298002235326
0.1466076571675237,0.1466076571675237,-0.5893116364176603
0.1884955592153876,0.1466076571675237,-0.7183562976739728
0.2303834612632514,0.1466076571675237,-0.8319506144251054
0.2722713633111153,0.1466076571675237,-0.9311489744042135
0.3141592653589793,0.1466076571675237,-1.0169733226449680
0.3560471674068433,0.1466076571675237,-1.0904131614815598
0.3979350694547070,0.1466076571675237,-1.1524255505486971
0.4398229715025710,0.1466076571675237,-1.2039351067816086
0.4817108735504350,0.1466076571675237,-1.2458340044160388
0.5235987755982989,0.1466076571675237,-1.2789819749882516
0.5654866776461627,0.1466076571675237,-1.3042063073350296
0.6073745796940266,0.1466076571675237,-1.3223018475936736
0.6492624817418906,0.1466076571675237,-1.3340309992020019
0.6911503837897545,0.1466076571675237,-1.3401237228983527
0.7330382858376183,0.1466076571675237,-1.3412775367215801
0.7749261878854823,0.1466076571675237,-1.3381575160110595
0.8168140899333461,0.1466076571675237,-1.3313962934066828
0.8587019919812100,0.1466076571675237,-1.3215940588488606
0.9005898940290740,0.1466076571675237,-1.3093185595785217
0.9424777960769379,0.1466076571675237,-1.2951051001371139
0.9843656981248019,0.1466076571675237,-1.2794565423666022
1.0262536001726656,0.1466076571675237,-1.2628433054094710
1.0681415022205296,0.1466076571675237,-1.2457033657087231
1.1100294042683936,0.1466076571675237,-1.2284422570078786
1.1519173063162575,0.1466076571675237,-1.2114330703509772
1.1938052083641213,0.1466076571675237,-1.1950164540825754
1.2356931104119853,0.1466076571675237,-1.1795006138477495
1.2775810124598492,0.1466076571675237,-1.1651613125920939
1.3194689145077132,0.1466076571675237,-1.1522418705617201
1.3613568165555769,0.1466076571675237,-1.1409531653032596
1.4032447186034409,0.1466076571675237,-1.1314736316638614
1.4451326206513049,0.1466076571675237,-1.1239492617911926
1.4870205226991688,0.1466076571675237,-1.1184936051334395
1.5289084247470326,0.1466076571675237,-1.1151877684393059
1.5707963267948966,0.1466076571675237,-1.1140804157580144
1.6126842288427605,0.1466076571675237,-1.1151877684393059
1.6545721308906245,0.1466076571675237,-1.1184936051334395
1.6964600329384882,0.1466076571675237,-1.1239492617911926
1.7383479349863524,0.1466076571675237,-1.1314736316638614
1.7802358370342162,0.1466076571675237,-1.1409531653032596
1.8221237390820799,0.1466076571675237,-1.1522418705617201
1.8640116411299441,0.1466076571675237,-1.1651613125920939
1.9058995431778079,0.1466076571675237,-1.1795006138477495
1.9477874452256716,0.1466076571675237,-1.1950164540825754
1.9896753472735358,0.1466076571675237,-1.2114330703509772
2.0315632493213993,0.1466076571675237,-1.2284422570078788
2.0734511513692637,0.1466076571675237,-1.2457033657087235
2.1153390534171272,0.1466076571675237,-1.2628433054094714
2.1572269554649912,0.1466076571675237,-1.2794565423666022
2.1991148575128552,0.1466076571675237,-1.2951051001371139
2.2410027595607191,0.1466076571675237,-1.3093185595785217
2.2828906616085827,0.1466076571675237,-1.3215940588488606
2.3247785636564471,0.1466076571675237,-1.3313962934066832
2.3666664657043106,0.1466076571675237,-1.3381575160110597
2.4085543677521750,0.1466076571675237,-1.3412775367215801
2.4504422698000385,0.1466076571675237,-1.3401237228983522
2.4923301718479025,0.1466076571675237,-1.3340309992020019
2.5342180738957665,0.1466076571675237,-1.3223018475936736
2.5761059759436304,0.1466076571675237,-1.3042063073350296
2.6179938779914940,0.1466076571675237,-1.2789819749882523
2.6598817800393584,0.1466076571675237,-1.2458340044160385
2.7017696820872219,0.1466076571675237,-1.2039351067816089
2.7436575841350863,0.1466076571675237,-1.1524255505486971
2.7855454861829498,0.1466076571675237,-1.0904131614815598
2.8274333882308138,0.1466076571675237,-1.0169733226449680
2.8693212902786778,0.1466076571675237,-0.9311489744042135
2.9112091923265417,0.1466076571675237,-0.8319506144251054
2.9530970943744053,0.1466076571675237,-0.7183562976739736
2.9949849964222697,0.1466076571675237,-0.5893116364176595
3.0368728984701332,0.1466076571675237,-0.4437298002235334
3.0787608005179976,0.1466076571675237,-0.2804915159594720
3.1206487025658611,0.1466076571675237,-0.0984450677938835
0.0209439510239320,0.1884955592153876,-0.1205250371384423
0.0628318530717960,0.1884955592153876,-0.3429295161492278
0.1047197551196597,0.1884955592153876,-0.5417199138867453
0.1466076571675237,0.1884955592153876,-0.7183562976739729
0.1884955592153876,0.1884955592153876,-0.8742576061769001
0.2303834612632514,0.1884955592153876,-1.0108016494045318
0.2722713633111153,0.1884955592153876,-1.1293251087088894
0.3141592653589793,0.1884955592153876,-1.2311235367850071
0.3560471674068433,0.1884955592153876,-1.3174513576709350
0.3979350694547070,0.1884955592153876,-1.3895218667477369
0.4398229715025710,0.1884955592153876,-1.4485072307394933
0.4817108735504350,0.1884955592153876,-1.4955384877132978
0.5235987755982989,0.1884955592153876,-1.5317055470792587
0.5654866776461627,0.1884955592153876,-1.5580571895905000
0.6073745796940266,0.1884955592153876,-1.5756010673431591
0.6492624817418906,0.1884955592153876,-1.5853037037763911
0.6911503837897545,0.1884955592153876,-1.5880904936723612
0.7330382858376183,0.1884955592153876,-1.5848457031562542
0.7749261878854823,0.1884955592153876,-1.5764124696962669
0.8168140899333461,0.1884955592153876,-1.5635928021036105
0.8587019919812100,0.1884955592153876,-1.5471475805325128
0.9005898940290740,0.1884955592153876,-1.5277965564802156
0.9424777960769379,0.1884955592153876,-1.5062183527869748
0.9843656981248019,0.1884955592153876,-1.4830504636360613
1.0262536001726656,0.1884955592153876,-1.4588892545537619
1.0681415022205296,0.1884955592153876,-1.4342899624093766
1.1100294042683936,0.1884955592153876,-1.4097666954152217
1.1519173063162575,0.1884955592153876,-1.3857924331266269
1.1938052083641213,0.1884955592153876,-1.3627990264419370
1.2356931104119853,0.1884955592153876,-1.3411771976025120
1.2775810124598492,0.1884955592153876,-1.3212765401927260
1.3194689145077132,0.1884955592153876,-1.3034055191399689
1.3613568165555769,0.1884955592153876,-1.2878314707146450
1.4032447186034409,0.1884955592153876,-1.2747806025301720
1.4451326206513049,0.1884955592153876,-1.2644379935429841
1.4870205226991688,0.1884955592153876,-1.2569475940525296
1.5289084247470326,0.1884955592153876,-1.2524122257012720
1.5707963267948966,0.1884955592153876,-1.2508935814746887
1.6126842288427605,0.1884955592153876,-1.2524122257012720
1.6545721308906245,0.1884955592153876,-1.2569475940525296
1.6964600329384882,0.1884955592153876,-1.2644379935429841
1.7383479349863524,0.1884955592153876,-1.2747806025301720
1.7802358370342162,0.1884955592153876,-1.2878314707146450
1.8221237390820799,0.1884955592153876,-1.3034055191399689
1.8640116411299441,0.1884955592153876,-1.3212765401927264
1.9058995431778079,0.1884955592153876,-1.3411771976025120
1.9477874452256716,0.1884955592153876,-1.3627990264419365
1.9896753472735358,0.1884955592153876,-1.3857924331266269
2.0315632493213993,0.1884955592153876,-1.4097666954152217
2.0734511513692637,0.1884955592153876,-1.4342899624093772
2.1153390534171272,0.1884955592153876,-1.4588892545537615
2.1572269554649912,0.1884955592153876,-1.4830504636360613
2.1991148575128552,0.1884955592153876,-1.5062183527869748
2.2410027595607191,0.1884955592153876,-1.5277965564802156
2.2828906616085827,0.1884955592153876,-1.5471475805325130
2.3247785636564471,0.1884955592153876,-1.5635928021036103
2.3666664657043106,0.1884955592153876,-1.5764124696962665
2.4085543677521750,0.1884955592153876,-1.5848457031562539
2.4504422698000385,0.1884955592153876,-1.5880904936723614
2.4923301718479025,0.1884955592153876,-1.5853037037763911
2.5342180738957665,0.1884955592153876,-1.5756010673431591
2.5761059759436304,0.1884955592153876,-1.5580571895905000
2.6179938779914940,0.1884955592153876,-1.5317055470792589
2.6598817800393584,0.1884955592153876,-1.4955384877132978
2.7017696820872219,0.1884955592153876,-1.4485072307394939
2.7436575841350863,0.1884955592153876,-1.3895218667477367
2.7855454861829498,0.1884955592153876,-1.3174513576709350
2.8274333882308138,0.1884955592153876,-1.2311235367850071
2.8693212902786778,0.1884955592153876,-1.1293251087088894
2.9112091923265417,0.1884955592153876,-1.0108016494045318
2.9530970943744053,0.1884955592153876,-0.8742576061769007
2.9949849964222697,0.1884955592153876,-0.7183562976739721
3.0368728984701332,0.1884955592153876,-0.5417199138867463
3.0787608005179976,0.1884955592153876,-0.3429295161492256
3.1206487025658611,0.1884955592153876,-0.1205250371384423
0.0209439510239320,0.2303834612632514,-0.1402194878409173
0.0628318530717960,0.2303834612632514,-0.3983939702694337
0.1047197551196597,0.2303834612632514,-0.6283846077000882
0.1466076571675237,0.2303834612632514,-0.8319506144251055
0.1884955592153876,0.2303834612632514,-1.0108016494045315
0.2303834612632514,0.2303834612632514,-1.1665978162662372
0.2722713633111153,0.2303834612632514,-1.3009496633059210
0.3141592653589793,0.2303834612632514,-1.4154181834871022
0.3560471674068433,0.2303834612632514,-1.5115148144411283
0.3979350694547070,0.2303834612632514,-1.5907014384671687
0.4398229715025710,0.2303834612632514,-1.6543903825322204
0.4817108735504350,0.2303834612632514,-1.7039444182711028
0.5235987755982989,0.2303834612632514,-1.7406767619864600
0.5654866776461627,0.2303834612632514,-1.7658510746487628
0.6073745796940266,0.2303834612632514,-1.7806814618963049
0.6492624817418906,0.2303834612632514,-1.7863324740352053
0.6911503837897545,0.2303834612632514,-1.7839191060394082
0.7330382858376183,0.2303834612632514,-1.7745067975506816
0.7749261878854823,0.2303834612632514,-1.7591114328786188
0.8168140899333461,0.2303834612632514,-1.7386993410006379
0.8587019919812100,0.2303834612632514,-1.7141872955619815
0.9005898940290740,0.2303834612632514,-1.6864425148757169
0.9424777960769379,0.2303834612632514,-1.6562826619227360
0.9843656981248019,0.2303834612632514,-1.6244758443517566
1.0262536001726656,0.2303834612632514,-1.5917406144793189
1.0681415022205296,0.2303834612632514,-1.5587459692897898
1.1100294042683936,0.2303834612632514,-1.5261113504353601
1.1519173063162575,0.2303834612632514,-1.4944066442360460
1.1938052083641213,0.2303834612632514,-1.4641521816796872
1.2356931104119853,0.2303834612632514,-1.4358187384219494
1.2775810124598492,0.2303834612632514,-1.4098275347863218
1.3194689145077132,0.2303834612632514,-1.3865502357641197
1.3613568165555769,0.2303834612632514,-1.3663089510144826
1.4032447186034409,0.2303834612632514,-1.3493762348643734
1.4451326206513049,0.2303834612632514,-1.3359750863085822
1.4870205226991688,0.2303834612632514,-1.3262789490097213
1.5289084247470326,0.2303834612632514,-1.3204117112982299
1.5707963267948966,0.2303834612632514,-1.3184477061723698
1.6126842288427605,0.2303834612632514,-1.3204117112982299
1.6545721308906245,0.2303834612632514,-1.3262789490097213
1.6964600329384882,0.2303834612632514,-1.3359750863085822
1.7383479349863524,0.2303834612632514,-1.3493762348643734
1.7802358370342162,0.2303834612632514,-1.3663089510144826
1.8221237390820799,0.2303834612632514,-1.3865502357641197
1.8640116411299441,0.2303834612632514,-1.4098275347863223
1.9058995431778079,0.2303834612632514,-1.4358187384219494
1.9477874452256716,0.2303834612632514,-1.4641521816796867
1.9896753472735358,0.2303834612632514,-1.4944066442360462
2.0315632493213993,0.2303834612632514,-1.5261113504353598
2.0734511513692637,0.2303834612632514,-1.5587459692897898
2.1153390534171272,0.2303834612632514,-1.5917406144793185
2.1572269554649912,0.2303834612632514,-1.6244758443517566
2.1991148575128552,0.2303834612632514,-1.6562826619227360
2.2410027595607191,0.2303834612632514,-1.6864425148757169
2.2828906616085827,0.2303834612632514,-1.7141872955619808
2.3247785636564471,0.2303834612632514,-1.7386993410006379
2.3666664657043106,0.2303834612632514,-1.7591114328786186
2.4085543677521750,0.2303834612632514,-1.7745067975506819
2.4504422698000385,0.2303834612632514,-1.7839191060394084
2.4923301718479025,0.2303834612632514,-1.7863324740352053
2.5342180738957665,0.2303834612632514,-1.7806814618963049
2.5761059759436304,0.2303834612632514,-1.7658510746487628
2.6179938779914940,0.2303834612632514,-1.7406767619864605
2.6598817800393584,0.2303834612632514,-1.7039444182711025
2.7017696820872219,0.2303834612632514,-1.6543903825322210
2.7436575841350863,0.2303834612632514,-1.5907014384671687
2.7855454861829498,0.2303834612632514,-1.5115148144411283
2.8274333882308138,0.2303834612632514,-1.4154181834871022
2.8693212902786778,0.2303834612632514,-1.3009496633059210
2.9112091923265417,0.2303834612632514,-1.1665978162662372
2.9530970943744053,0.2303834612632514,-1.0108016494045324
2.9949849964222697,0.2303834612632514,-0.8319506144251047
3.0368728984701332,0.2303834612632514,-0.6283846077000894
3.0787608005179976,0.2303834612632514,-0.3983939702694312
3.1206487025658611,0.2303834612632514,-0.1402194878409173
0.0209439510239320,0.2722713633111153,-0.1576853667267231
0.0628318530717960,0.2722713633111153,-0.4473493987899434
0.1047197551196597,0.2722713633111153,-0.7044875491026599
0.1466076571675237,0.2722713633111153,-0.9311489744042135
0.1884955592153876,0.2722713633111153,-1.1293251087088891
0.2303834612632514,0.2722713633111153,-1.3009496633059210
0.2722713633111153,0.2722713633111153,-1.4478986267594927
0.3141592653589793,0.2722713633111153,-1.5719902649087352
0.3560471674068433,0.2722713633111153,-1.6749851208677278
0.3979350694547070,0.2722713633111153,-1.7585860150254971
0.4398229715025710,0.2722713633111153,-1.8244380450460198
0.4817108735504350,0.2722713633111153,-1.8741285858682200
0.5235987755982989,0.2722713633111153,-1.9091872897059694
0.5654866776461627,0.2722713633111153,-1.9310860860480881
0.6073745796940266,0.2722713633111153,-1.9412391816583445
0.6492624817418906,0.2722713633111153,-1.9410030605754571
0.6911503837897545,0.2722713633111153,-1.9316764841130887
0.7330382858376183,0.2722713633111153,-1.9145004908598540
0.7749261878854823,0.2722713633111153,-1.8906583966793142
0.8168140899333461,0.2722713633111153,-1.8612757947099783
0.8587019919812100,0.2722713633111153,-1.8274205553653049
0.9005898940290740,0.2722713633111153,-1.7901028263337004
0.9424777960769379,0.2722713633111153,-1.7502750325785188
0.9843656981248019,0.2722713633111153,-1.7088318763380623
1.0262536001726656,0.2722713633111153,-1.6666103371255820
1.0681415022205296,0.2722713633111153,-1.6243896717292772
1.1100294042683936,0.2722713633111153,-1.5828914142122950
1.1519173063162575,0.2722713633111153,-1.5427793759127311
1.1938052083641213,0.2722713633111153,-1.5046596454436285
1.2356931104119853,0.2722713633111153,-1.4690805886929796
1.2775810124598492,0.2722713633111153,-1.4365328488237241
1.3194689145077132,0.2722713633111153,-1.4074493462737507
1.3613568165555769,0.2722713633111153,-1.3822052787558965
1.4032447186034409,0.2722713633111153,-1.3611181212579451
1.4451326206513049,0.2722713633111153,-1.3444476260426304
1.4870205226991688,0.2722713633111153,-1.3323958226476329
1.5289084247470326,0.2722713633111153,-1.3251070178855830
1.5707963267948966,0.2722713633111153,-1.3226677958440578
1.6126842288427605,0.2722713633111153,-1.3251070178855830
1.6545721308906245,0.2722713633111153,-1.3323958226476329
1.6964600329384882,0.2722713633111153,-1.3444476260426304
1.7383479349863524,0.2722713633111153,-1.3611181212579451
1.7802358370342162,0.2722713633111153,-1.3822052787558965
1.8221237390820799,0.2722713633111153,-1.4074493462737507
1.8640116411299441,0.2722713633111153,-1.4365328488237243
1.9058995431778079,0.2722713633111153,-1.4690805886929796
1.9477874452256716,0.2722713633111153,-1.5046596454436283
1.9896753472735358,0.2722713633111153,-1.5427793759127315
2.0315632493213993,0.2722713633111153,-1.5828914142122950
2.0734511513692637,0.2722713633111153,-1.6243896717292776
2.1153390534171272,0.2722713633111153,-1.6666103371255820
2.1572269554649912,0.2722713633111153,-1.7088318763380623
2.1991148575128552,0.2722713633111153,-1.7502750325785188
2.2410027595607191,0.2722713633111153,-1.7901028263337004
2.2828906616085827,0.2722713633111153,-1.8274205553653049
2.3247785636564471,0.2722713633111153,-1.8612757947099781
2.3666664657043106,0.2722713633111153,-1.8906583966793138
2.4085543677521750,0.2722713633111153,-1.9145004908598540
2.4504422698000385,0.2722713633111153,-1.9316764841130887
2.4923301718479025,0.2722713633111153,-1.9410030605754571
2.5342180738957665,0.2722713633111153,-1.9412391816583445
2.5761059759436304,0.2722713633111153,-1.9310860860480881
2.6179938779914940,0.2722713633111153,-1.9091872897059694
2.6598817800393584,0.2722713633111153,-1.8741285858682202
2.7017696820872219,0.2722713633111153,-1.8244380450460207
2.7436575841350863,0.2722713633111153,-1.7585860150254968
2.7855454861829498,0.2722713633111153,-1.6749851208677278
2.8274333882308138,0.2722713633111153,-1.5719902649087352
2.8693212902786778,0.2722713633111153,-1.4478986267594927
2.9112091923265417,0.2722713633111153,-1.3009496633059210
2.9530970943744053,0.2722713633111153,-1.1293251087088902
2.9949849964222697,0.2722713633111153,-0.9311489744042124
3.0368728984701332,0.2722713633111153,-0.7044875491026612
3.0787608005179976,0.2722713633111153,-0.4473493987899405
3.1206487025658611,0.2722713633111153,-0.1576853667267231
0.0209439510239320,0.3141592653589793,-0.1730747914881845
0.0628318530717960,0.3141592653589793,-0.4902460292430734
0.1047197551196597,0.3141592653589793,-0.7707689080738924
0.1466076571675237,0.3141592653589793,-1.0169733226449680
0.1884955592153876,0.3141592653589793,-1.2311235367850071
0.2303834612632514,0.3141592653589793,-1.4154181834871027
0.2722713633111153,0.3141592653589793,-1.5719902649087354
0.3141592653589793,0.3141592653589793,-1.7029071523717685
0.3560471674068433,0.3141592653589793,-1.8101705863624529
0.3979350694547070,0.3141592653589793,-1.8957166765314211
0.4398229715025710,0.3141592653589793,-1.9614159016936954
0.4817108735504350,0.3141592653589793,-2.0090731098286807
0.5235987755982989,0.3141592653589793,-2.0404275180801670
0.5654866776461627,0.3141592653589793,-2.0571527127563312
0.6073745796940266,0.3141592653589793,-2.0608566493297324
0.6492624817418906,0.3141592653589793,-2.0530816524373199
0.6911503837897545,0.3141592653589793,-2.0353044158804230
0.7330382858376183,0.3141592653589793,-2.0089360026247598
0.7749261878854823,0.3141592653589793,-1.9753218448004319
0.8168140899333461,0.3141592653589793,-1.9357417437019269
0.8587019919812100,0.3141592653589793,-1.8914098697881174
0.9005898940290740,0.3141592653589793,-1.8434747626822625
0.9424777960769379,0.3141592653589793,-1.7930193311720042
0.9843656981248019,0.3141592653589793,-1.7410608532093708
1.0262536001726656,0.3141592653589793,-1.6885509759107766
1.0681415022205296,0.3141592653589793,-1.6363757155570207
1.1100294042683936,0.3141592653589793,-1.5853554575932873
1.1519173063162575,0.3141592653589793,-1.5362449566291463
1.1938052083641213,0.3141592653589793,-1.4897333364385517
1.2356931104119853,0.3141592653589793,-1.4464440899598436
1.2775810124598492,0.3141592653589793,-1.4069350792957469
1.3194689145077132,0.3141592653589793,-1.3716985357133735
1.3613568165555769,0.3141592653589793,-1.3411610596442187
1.4032447186034409,0.3141592653589793,-1.3156836206841627
1.4451326206513049,0.3141592653589793,-1.2955615575934729
1.4870205226991688,0.3141592653589793,-1.2810245782968004
1.5289084247470326,0.3141592653589793,-1.2722367598831825
1.5707963267948966,0.3141592653589793,-1.2692965486060408
1.6126842288427605,0.3141592653589793,-1.2722367598831825
1.6545721308906245,0.3141592653589793,-1.2810245782968004
1.6964600329384882,0.3141592653589793,-1.2955615575934729
1.7383479349863524,0.3141592653589793,-1.3156836206841627
1.7802358370342162,0.3141592653589793,-1.3411610596442187
1.8221237390820799,0.3141592653589793,-1.3716985357133735
1.8640116411299441,0.3141592653589793,-1.4069350792957476
1.9058995431778079,0.3141592653589793,-1.4464440899598436
1.9477874452256716,0.3141592653589793,-1.4897333364385512
1.9896753472735358,0.3141592653589793,-1.5362449566291467
2.0315632493213993,0.3141592653589793,-1.5853554575932873
2.0734511513692637,0.3141592653589793,-1.6363757155570211
2.1153390534171272,0.3141592653589793,-1.6885509759107766
2.1572269554649912,0.3141592653589793,-1.7410608532093708
2.1991148575128552,0.3141592653589793,-1.7930193311720042
2.2410027595607191,0.3141592653589793,-1.8434747626822625
2.2828906616085827,0.3141592653589793,-1.8914098697881176
2.3247785636564471,0.3141592653589793,-1.9357417437019269
2.3666664657043106,0.3141592653589793,-1.9753218448004317
2.4085543677521750,0.3141592653589793,-2.0089360026247594
2.4504422698000385,0.3141592653589793,-2.0353044158804230
2.4923301718479025,0.3141592653589793,-2.0530816524373199
2.5342180738957665,0.3141592653589793,-2.0608566493297324
2.5761059759436304,0.3141592653589793,-2.0571527127563312
2.6179938779914940,0.3141592653589793,-2.0404275180801674
2.6598817800393584,0.3141592653589793,-2.0090731098286811
2.7017696820872219,0.3141592653589793,-1.9614159016936963
2.7436575841350863,0.3141592653589793,-1.8957166765314208
2.7855454861829498,0.3141592653589793,-1.8101705863624529
2.8274333882308138,0.3141592653589793,-1.7029071523717685
2.8693212902786778,0.3141592653589793,-1.5719902649087354
2.9112091923265417,0.3141592653589793,-1.4154181834871027
2.9530970943744053,0.3141592653589793,-1.2311235367850082
2.9949849964222697,0.3141592653589793,-1.0169733226449669
3.0368728984701332,0.3141592653589793,-0.7707689080738939
3.0787608005179976,0.3141592653589793,-0.4902460292430703
3.1206487025658611,0.3141592653589793,-0.1730747914881845
0.0209439510239320,0.3560471674068433,-0.1865350506845367
0.0628318530717960,0.3560471674068433,-0.5275197962236071
0.1047197551196597,0.3560471674068433,-0.8279453571335543
0.1466076571675237,0.3560471674068433,-1.0904131614815600
0.1884955592153876,0.3560471674068433,-1.3174513576709348
0.2303834612632514,0.3560471674068433,-1.5115148144411286
0.2722713633111153,0.3560471674068433,-1.6749851208677280
0.3141592653589793,0.3560471674068433,-1.8101705863624524
0.3560471674068433,0.3560471674068433,-1.9193062406731602
0.3979350694547070,0.3560471674068433,-2.0045538338838429
0.4398229715025710,0.3560471674068433,-2.0680018364146298
0.4817108735504350,0.3560471674068433,-2.1116654390217864
0.5235987755982989,0.3560471674068433,-2.1374865527977112
0.5654866776461627,0.3560471674068433,-2.1473338091709415
0.6073745796940266,0.3560471674068433,-2.1430025599061477
0.6492624817418906,0.3560471674068433,-2.1262148771041400
0.6911503837897545,0.3560471674068433,-2.0986195532018597
0.7330382858376183,0.3560471674068433,-2.0617921009723887
0.7749261878854823,0.3560471674068433,-2.0172347535249404
0.8168140899333461,0.3560471674068433,-1.9663764643048667
0.8587019919812100,0.3560471674068433,-1.9105729070936546
0.9005898940290740,0.3560471674068433,-1.8511064760089264
0.9424777960769379,0.3560471674068433,-1.7891862855044418
0.9843656981248019,0.3560471674068433,-1.7259481703700943
1.0262536001726656,0.3560471674068433,-1.6624546857319149
1.0681415022205296,0.3560471674068433,-1.5996951070520695
1.1100294042683936,0.3560471674068433,-1.5385854301288606
1.1519173063162575,0.3560471674068433,-1.4799683710967257
1.1938052083641213,0.3560471674068433,-1.4246133664262386
1.2356931104119853,0.3560471674068433,-1.3732165729241086
1.2775810124598492,0.3560471674068433,-1.3264008677331809
1.3194689145077132,0.3560471674068433,-1.2847158483324370
1.3613568165555769,0.3560471674068433,-1.2486378325369951
1.4032447186034409,0.3560471674068433,-1.2185698584981060
1.4451326206513049,0.3560471674068433,-1.1948416847031593
1.4870205226991688,0.3560471674068433,-1.1777097899756803
1.5289084247470326,0.3560471674068433,-1.1673573734753289
1.5707963267948966,0.3560471674068433,-1.1638943546979010
1.6126842288427605,0.3560471674068433,-1.1673573734753289
1.6545721308906245,0.3560471674068433,-1.1777097899756803
1.6964600329384882,0.3560471674068433,-1.1948416847031593
1.7383479349863524,0.3560471674068433,-1.2185698584981060
1.7802358370342162,0.3560471674068433,-1.2486378325369951
1.8221237390820799,0.3560471674068433,-1.2847158483324370
1.8640116411299441,0.3560471674068433,-1.3264008677331813
1.9058995431778079,0.3560471674068433,-1.3732165729241086
1.9477874452256716,0.3560471674068433,-1.4246133664262381
1.9896753472735358,0.3560471674068433,-1.4799683710967262
2.0315632493213993,0.3560471674068433,-1.5385854301288602
2.0734511513692637,0.3560471674068433,-1.5996951070520700
2.1153390534171272,0.3560471674068433,-1.6624546857319145
2.1572269554649912,0.3560471674068433,-1.7259481703700943
2.1991148575128552,0.3560471674068433,-1.7891862855044418
2.2410027595607191,0.3560471674068433,-1.8511064760089264
2.2828906616085827,0.3560471674068433,-1.9105729070936539
2.3247785636564471,0.3560471674068433,-1.9663764643048662
2.3666664657043106,0.3560471674068433,-2.0172347535249404
2.4085543677521750,0.3560471674068433,-2.0617921009723887
2.4504422698000385,0.3560471674068433,-2.0986195532018601
2.4923301718479025,0.3560471674068433,-2.1262148771041400
2.5342180738957665,0.3560471674068433,-2.1430025599061477
2.5761059759436304,0.3560471674068433,-2.1473338091709415
2.6179938779914940,0.3560471674068433,-2.1374865527977112
2.6598817800393584,0.3560471674068433,-2.1116654390217864
2.7017696820872219,0.3560471674068433,-2.0680018364146311
2.7436575841350863,0.3560471674068433,-2.0045538338838420
2.7855454861829498,0.3560471674068433,-1.9193062406731602
2.8274333882308138,0.3560471674068433,-1.8101705863624524
2.8693212902786778,0.3560471674068433,-1.6749851208677280
2.9112091923265417,0.3560471674068433,-1.5115148144411286
2.9530970943744053,0.3560471674068433,-1.3174513576709361
2.9949849964222697,0.3560471674068433,-1.0904131614815586
3.0368728984701332,0.3560471674068433,-0.8279453571335561
3.0787608005179976,0.3560471674068433,-0.5275197962236037
3.1206487025658611,0.3560471674068433,-0.1865350506845367
0.0209439510239320,0.3979350694547070,-0.1982086037419250
0.0628318530717960,0.3979350694547070,-0.5595923413887935
0.1047197551196597,0.3979350694547070,-0.8767100713417493
0.1466076571675237,0.3979350694547070,-1.1524255505486973
0.1884955592153876,0.3979350694547070,-1.3895218667477369
0.2303834612632514,0.3979350694547070,-1.5907014384671689
0.2722713633111153,0.3979350694547070,-1.7585860150254973
0.3141592653589793,0.3979350694547070,-1.8957166765314213
0.3560471674068433,0.3979350694547070,-2.0045538338838429
0.3979350694547070,0.3979350694547070,-2.0874772287718630
0.4398229715025710,0.3979350694547070,-2.1467859336747837
0.4817108735504350,0.3979350694547070,-2.1846983518621057
0.5235987755982989,0.3979350694547070,-2.2033522173935305
0.5654866776461627,0.3979350694547070,-2.2048045951189588
0.6073745796940266,0.3979350694547070,-2.1910318806784930
0.6492624817418906,0.3979350694547070,-2.1639298005024310
0.6911503837897545,0.3979350694547070,-2.1253134118112778
0.7330382858376183,0.3979350694547070,-2.0769171026157309
0.7749261878854823,0.3979350694547070,-2.0203945917166930
0.8168140899333461,0.3979350694547070,-1.9573189287052650
0.8587019919812100,0.3979350694547070,-1.8891824939627480
0.9005898940290740,0.3979350694547070,-1.8173969986606411
0.9424777960769379,0.3979350694547070,-1.7432934847606463
0.9843656981248019,0.3979350694547070,-1.6681223250146640
1.0262536001726656,0.3979350694547070,-1.5930532229647951
1.0681415022205296,0.3979350694547070,-1.5191752129433398
1.1100294042683936,0.3979350694547070,-1.4474966600727992
1.1519173063162575,0.3979350694547070,-1.3789452602658738
1.1938052083641213,0.3979350694547070,-1.3143680402254634
1.2356931104119853,0.3979350694547070,-1.2545313574446688
1.2775810124598492,0.3979350694547070,-1.2001209002067896
1.3194689145077132,0.3979350694547070,-1.1517416875853277
1.3613568165555769,0.3979350694547070,-1.1099180694439827
1.4032447186034409,0.3979350694547070,-1.0750937264366540
1.4451326206513049,0.3979350694547070,-1.0476316700074426
1.4870205226991688,0.3979350694547070,-1.0278142423906491
1.5289084247470326,0.3979350694547070,-1.0158431166107731
1.5707963267948966,0.3979350694547070,-1.0118392964825140
1.6126842288427605,0.3979350694547070,-1.0158431166107731
1.6545721308906245,0.3979350694547070,-1.0278142423906491
1.6964600329384882,0.3979350694547070,-1.0476316700074426
1.7383479349863524,0.3979350694547070,-1.0750937264366540
1.7802358370342162,0.3979350694547070,-1.1099180694439827
1.8221237390820799,0.3979350694547070,-1.1517416875853277
1.8640116411299441,0.3979350694547070,-1.2001209002067903
1.9058995431778079,0.3979350694547070,-1.2545313574446688
1.9477874452256716,0.3979350694547070,-1.3143680402254629
1.9896753472735358,0.3979350694547070,-1.3789452602658743
2.0315632493213993,0.3979350694547070,-1.4474966600727990
2.0734511513692637,0.3979350694547070,-1.5191752129433405
2.1153390534171272,0.3979350694547070,-1.5930532229647949
2.1572269554649912,0.3979350694547070,-1.6681223250146640
2.1991148575128552,0.3979350694547070,-1.7432934847606463
2.2410027595607191,0.3979350694547070,-1.8173969986606411
2.2828906616085827,0.3979350694547070,-1.8891824939627471
2.3247785636564471,0.3979350694547070,-1.9573189287052655
2.3666664657043106,0.3979350694547070,-2.0203945917166934
2.4085543677521750,0.3979350694547070,-2.0769171026157309
2.4504422698000385,0.3979350694547070,-2.1253134118112769
2.4923301718479025,0.3979350694547070,-2.1639298005024310
2.5342180738957665,0.3979350694547070,-2.1910318806784930
2.5761059759436304,0.3979350694547070,-2.2048045951189588
2.6179938779914940,0.3979350694547070,-2.2033522173935314
2.6598817800393584,0.3979350694547070,-2.1846983518621057
2.7017696820872219,0.3979350694547070,-2.1467859336747841
2.7436575841350863,0.3979350694547070,-2.0874772287718626
2.7855454861829498,0.3979350694547070,-2.0045538338838429
2.8274333882308138,0.3979350694547070,-1.8957166765314213
2.8693212902786778,0.3979350694547070,-1.7585860150254973
2.9112091923265417,0.3979350694547070,-1.5907014384671689
2.9530970943744053,0.3979350694547070,-1.3895218667477385
2.9949849964222697,0.3979350694547070,-1.1524255505486960
3.0368728984701332,0.3979350694547070,-0.8767100713417511
3.0787608005179976,0.3979350694547070,-0.5595923413887900
3.1206487025658611,0.3979350694547070,-0.1982086037419250
0.0209439510239320,0.4398229715025710,-0.2082330809534055
0.0628318530717960,0.4398229715025710,-0.5868710134583488
0.1047197551196597,0.4398229715025710,-0.9177327282989171
0.1466076571675237,0.4398229715025710,-1.2039351067816086
0.1884955592153876,0.4398229715025710,-1.4485072307394933
0.2303834612632514,0.4398229715025710,-1.6543903825322204
0.2722713633111153,0.4398229715025710,-1.8244380450460200
0.3141592653589793,0.4398229715025710,-1.9614159016936954
0.3560471674068433,0.4398229715025710,-2.0680018364146298
0.3979350694547070,0.4398229715025710,-2.1467859336747837
0.4398229715025710,0.4398229715025710,-2.2002704784666949
0.4817108735504350,0.4398229715025710,-2.2308699563094794
0.5235987755982989,0.4398229715025710,-2.2409110532488308
0.5654866776461627,0.4398229715025710,-2.2326326558570191
0.6073745796940266,0.4398229715025710,-2.2081858512328933
0.6492624817418906,0.4398229715025710,-2.1696339270018790
0.6911503837897545,0.4398229715025710,-2.1189523713159799
0.7330382858376183,0.4398229715025710,-2.0580288728537783
0.7749261878854823,0.4398229715025710,-1.9886633208204314
0.8168140899333461,0.4398229715025710,-1.9125678049476775
0.8587019919812100,0.4398229715025710,-1.8313666154938300
0.9005898940290740,0.4398229715025710,-1.7465962432437800
0.9424777960769379,0.4398229715025710,-1.6597053795089973
0.9843656981248019,0.4398229715025710,-1.5720549161275308
1.0262536001726656,0.4398229715025710,-1.4849179454640020
1.0681415022205296,0.4398229715025710,-1.3994797604096147
1.1100294042683936,0.4398229715025710,-1.3168378543821488
1.1519173063162575,0.4398229715025710,-1.2380019213259619
1.1938052083641213,0.4398229715025710,-1.1638938557119884
1.2356931104119853,0.4398229715025710,-1.0953477525377415
1.2775810124598492,0.4398229715025710,-1.0331099073273105
1.3194689145077132,0.4398229715025710,-0.9778388161313643
1.3613568165555769,0.4398229715025710,-0.9301051755271489
1.4032447186034409,0.4398229715025710,-0.8903918826184857
1.4451326206513049,0.4398229715025710,-0.8590940350357769
1.4870205226991688,0.4398229715025710,-0.8365189309360002
1.5289084247470326,0.4398229715025710,-0.8228860690027123
1.5707963267948966,0.4398229715025710,-0.8183271484460457
1.6126842288427605,0.4398229715025710,-0.8228860690027123
1.6545721308906245,0.4398229715025710,-0.8365189309360002
1.6964600329384882,0.4398229715025710,-0.8590940350357769
1.7383479349863524,0.4398229715025710,-0.8903918826184857
1.7802358370342162,0.4398229715025710,-0.9301051755271489
1.8221237390820799,0.4398229715025710,-0.9778388161313643
1.8640116411299441,0.4398229715025710,-1.0331099073273111
1.9058995431778079,0.4398229715025710,-1.0953477525377415
1.9477874452256716,0.4398229715025710,-1.1638938557119878
1.9896753472735358,0.4398229715025710,-1.2380019213259623
2.0315632493213993,0.4398229715025710,-1.3168378543821484
2.0734511513692637,0.4398229715025710,-1.3994797604096154
2.1153390534171272,0.4398229715025710,-1.4849179454640016
2.1572269554649912,0.4398229715025710,-1.5720549161275308
2.1991148575128552,0.4398229715025710,-1.6597053795089973
2.2410027595607191,0.4398229715025710,-1.7465962432437800
2.2828906616085827,0.4398229715025710,-1.8313666154938288
2.3247785636564471,0.4398229715025710,-1.9125678049476778
2.3666664657043106,0.4398229715025710,-1.9886633208204303
2.4085543677521750,0.4398229715025710,-2.0580288728537783
2.4504422698000385,0.4398229715025710,-2.1189523713159790
2.4923301718479025,0.4398229715025710,-2.1696339270018790
2.5342180738957665,0.4398229715025710,-2.2081858512328933
2.5761059759436304,0.4398229715025710,-2.2326326558570191
2.6179938779914940,0.4398229715025710,-2.2409110532488312
2.6598817800393584,0.4398229715025710,-2.2308699563094798
2.7017696820872219,0.4398229715025710,-2.2002704784666958
2.7436575841350863,0.4398229715025710,-2.1467859336747832
2.7855454861829498,0.4398229715025710,-2.0680018364146298
2.8274333882308138,0.4398229715025710,-1.9614159016936954
2.8693212902786778,0.4398229715025710,-1.8244380450460200
2.9112091923265417,0.4398229715025710,-1.6543903825322204
2.9530970943744053,0.4398229715025710,-1.4485072307394946
2.9949849964222697,0.4398229715025710,-1.2039351067816073
3.0368728984701332,0.4398229715025710,-0.9177327282989189
3.0787608005179976,0.4398229715025710,-0.5868710134583451
3.1206487025658611,0.4398229715025710,-0.2082330809534055
0.0209439510239320,0.4817108735504350,-0.2167412834789440
0.0628318530717960,0.4817108735504350,-0.6097488682144544
0.1047197551196597,0.4817108735504350,-0.9516595081458322
0.1466076571675237,0.4817108735504350,-1.2458340044160388
0.1884955592153876,0.4817108735504350,-1.4955384877132976
0.2303834612632514,0.4817108735504350,-1.7039444182711028
0.2722713633111153,0.4817108735504350,-1.8741285858682200
0.3141592653589793,0.4817108735504350,-2.0090731098286807
0.3560471674068433,0.4817108735504350,-2.1116654390217864
0.3979350694547070,0.4817108735504350,-2.1846983518621057
0.4398229715025710,0.4817108735504350,-2.2308699563094794
0.4817108735504350,0.4817108735504350,-2.2527836898690152
0.5235987755982989,0.4817108735504350,-2.2529483195910891
0.5654866776461627,0.4817108735504350,-2.2337779420713462
0.6073745796940266,0.4817108735504350,-2.1975919834506996
0.6492624817418906,0.4817108735504350,-2.1466151994153346
0.6911503837897545,0.4817108735504350,-2.0829776751967009
0.7330382858376183,0.4817108735504350,-2.0087148255715195
0.7749261878854823,0.4817108735504350,-1.9257673948617811
0.8168140899333461,0.4817108735504350,-1.8359814569347426
0.8587019919812100,0.4817108735504350,-1.7411084152029319
0.9005898940290740,0.4817108735504350,-1.6428050026241432
0.9424777960769379,0.4817108735504350,-1.5426332817014430
0.9843656981248019,0.4817108735504350,-1.4420606444831627
1.0262536001726656,0.4817108735504350,-1.3424598125629068
1.0681415022205296,0.4817108735504350,-1.2451088370795449
1.1100294042683936,0.4817108735504350,-1.1511910987172174
1.1519173063162575,0.4817108735504350,-1.0617953077053333
1.1938052083641213,0.4817108735504350,-0.9779155038185692
1.2356931104119853,0.4817108735504350,-0.9004510563768718
1.2775810124598492,0.4817108735504350,-0.8302066642454555
1.3194689145077132,0.4817108735504350,-0.7678923558348054
1.3613568165555769,0.4817108735504350,-0.7141234891006747
1.4032447186034409,0.4817108735504350,-0.6694207515440826
1.4451326206513049,0.4817108735504350,-0.6342101602113214
1.4870205226991688,0.4817108735504350,-0.6088230616939497
1.5289084247470326,0.4817108735504350,-0.5934961321287959
1.5707963267948966,0.4817108735504350,-0.5883713771979558
1.6126842288427605,0.4817108735504350,-0.5934961321287959
1.6545721308906245,0.4817108735504350,-0.6088230616939497
1.6964600329384882,0.4817108735504350,-0.6342101602113214
1.7383479349863524,0.4817108735504350,-0.6694207515440826
1.7802358370342162,0.4817108735504350,-0.7141234891006747
1.8221237390820799,0.4817108735504350,-0.7678923558348054
1.8640116411299441,0.4817108735504350,-0.8302066642454562
1.9058995431778079,0.4817108735504350,-0.9004510563768718
1.9477874452256716,0.4817108735504350,-0.9779155038185685
1.9896753472735358,0.4817108735504350,-1.0617953077053339
2.0315632493213993,0.4817108735504350,-1.1511910987172169
2.0734511513692637,0.4817108735504350,-1.2451088370795456
2.1153390534171272,0.4817108735504350,-1.3424598125629066
2.1572269554649912,0.4817108735504350,-1.4420606444831627
2.1991148575128552,0.4817108735504350,-1.5426332817014430
2.2410027595607191,0.4817108735504350,-1.6428050026241432
2.2828906616085827,0.4817108735504350,-1.7411084152029308
2.3247785636564471,0.4817108735504350,-1.8359814569347430
2.3666664657043106,0.4817108735504350,-1.9257673948617808
2.4085543677521750,0.4817108735504350,-2.0087148255715204
2.4504422698000385,0.4817108735504350,-2.0829776751967009
2.4923301718479025,0.4817108735504350,-2.1466151994153346
2.5342180738957665,0.4817108735504350,-2.1975919834506996
2.5761059759436304,0.4817108735504350,-2.2337779420713462
2.6179938779914940,0.4817108735504350,-2.2529483195910887
2.6598817800393584,0.4817108735504350,-2.2527836898690161
2.7017696820872219,0.4817108735504350,-2.2308699563094807
2.7436575841350863,0.4817108735504350,-2.1846983518621053
2.7855454861829498,0.4817108735504350,-2.1116654390217864
2.8274333882308138,0.4817108735504350,-2.0090731098286807
2.8693212902786778,0.4817108735504350,-1.8741285858682200
2.9112091923265417,0.4817108735504350,-1.7039444182711028
2.9530970943744053,0.4817108735504350,-1.4955384877132987
2.9949849964222697,0.4817108735504350,-1.2458340044160372
3.0368728984701332,0.4817108735504350,-0.9516595081458341
3.0787608005179976,0.4817108735504350,-0.6097488682144505
3.1206487025658611,0.4817108735504350,-0.2167412834789440
0.0209439510239320,0.5235987755982989,-0.2238611833454171
0.0628318530717960,0.5235987755982989,-0.6286046685017578
0.1047197551196597,0.5235987755982989,-0.9791130935636051
0.1466076571675237,0.5235987755982989,-1.2789819749882516
0.1884955592153876,0.5235987755982989,-1.5317055470792587
0.2303834612632514,0.5235987755982989,-1.7406767619864603
0.2722713633111153,0.5235987755982989,-1.9091872897059694
0.3141592653589793,0.5235987755982989,-2.0404275180801674
0.3560471674068433,0.5235987755982989,-2.1374865527977112
0.3979350694547070,0.5235987755982989,-2.2033522173935300
0.4398229715025710,0.5235987755982989,-2.2409110532488308
0.4817108735504350,0.5235987755982989,-2.2529483195910891
0.5235987755982989,0.5235987755982989,-2.2421479934940551
0.5654866776461627,0.5235987755982989,-2.2110927698777552
0.6073745796940266,0.5235987755982989,-2.1622640615084858
0.6492624817418906,0.5235987755982989,-2.0980419989988195
0.6911503837897545,0.5235987755982989,-2.0207054308076007
0.7330382858376183,0.5235987755982989,-1.9324319232399489
0.7749261878854823,0.5235987755982989,-1.8352977604472553
0.8168140899333461,0.5235987755982989,-1.7312779444271873
0.8587019919812100,0.5235987755982989,-1.6222461950236833
0.9005898940290740,0.5235987755982989,-1.5099749499269557
0.9424777960769379,0.5235987755982989,-1.3961353646734915
0.9843656981248019,0.5235987755982989,-1.2822973126460520
1.0262536001726656,0.5235987755982989,-1.1699293850736683
1.0681415022205296,0.5235987755982989,-1.0603988910316489
1.1100294042683936,0.5235987755982989,-0.9549718574415743
1.1519173063162575,0.5235987755982989,-0.8548130290712992
1.1938052083641213,0.5235987755982989,-0.7609858685349508
1.2356931104119853,0.5235987755982989,-0.6744525562929301
1.2775810124598492,0.5235987755982989,-0.5960739906519114
1.3194689145077132,0.5235987755982989,-0.5266097877648444
1.3613568165555769,0.5235987755982989,-0.4667182816309515
1.4032447186034409,0.5235987755982989,-0.4169565240957260
1.4451326206513049,0.5235987755982989,-0.3777802848509386
1.4870205226991688,0.5235987755982989,-0.3495440514346315
1.5289084247470326,0.5235987755982989,-0.3325010292311212
1.5707963267948966,0.5235987755982989,-0.3268031414709964
1.6126842288427605,0.5235987755982989,-0.3325010292311212
1.6545721308906245,0.5235987755982989,-0.3495440514346315
1.6964600329384882,0.5235987755982989,-0.3777802848509386
1.7383479349863524,0.5235987755982989,-0.4169565240957260
1.7802358370342162,0.5235987755982989,-0.4667182816309515
1.8221237390820799,0.5235987755982989,-0.5266097877648444
1.8640116411299441,0.5235987755982989,-0.5960739906519120
1.9058995431778079,0.5235987755982989,-0.6744525562929301
1.9477874452256716,0.5235987755982989,-0.7609858685349500
1.9896753472735358,0.5235987755982989,-0.8548130290712999
2.0315632493213993,0.5235987755982989,-0.9549718574415738
2.0734511513692637,0.5235987755982989,-1.0603988910316495
2.1153390534171272,0.5235987755982989,-1.1699293850736678
2.1572269554649912,0.5235987755982989,-1.2822973126460520
2.1991148575128552,0.5235987755982989,-1.3961353646734915
2.2410027595607191,0.5235987755982989,-1.5099749499269557
2.2828906616085827,0.5235987755982989,-1.6222461950236819
2.3247785636564471,0.5235987755982989,-1.7312779444271877
2.3666664657043106,0.5235987755982989,-1.8352977604472547
2.4085543677521750,0.5235987755982989,-1.9324319232399489
2.4504422698000385,0.5235987755982989,-2.0207054308076002
2.4923301718479025,0.5235987755982989,-2.0980419989988195
2.5342180738957665,0.5235987755982989,-2.1622640615084858
2.5761059759436304,0.5235987755982989,-2.2110927698777552
2.6179938779914940,0.5235987755982989,-2.2421479934940556
2.6598817800393584,0.5235987755982989,-2.2529483195910891
2.7017696820872219,0.5235987755982989,-2.2409110532488312
2.7436575841350863,0.5235987755982989,-2.2033522173935305
2.7855454861829498,0.5235987755982989,-2.1374865527977112
2.8274333882308138,0.5235987755982989,-2.0404275180801674
2.8693212902786778,0.5235987755982989,-1.9091872897059694
2.9112091923265417,0.5235987755982989,-1.7406767619864603
2.9530970943744053,0.5235987755982989,-1.5317055470792598
2.9949849964222697,0.5235987755982989,-1.2789819749882503
3.0368728984701332,0.5235987755982989,-0.9791130935636069
3.0787608005179976,0.5235987755982989,-0.6286046685017537
3.1206487025658611,0.5235987755982989,-0.2238611833454171
0.0209439510239320,0.5654866776461627,-0.2297159234466116
0.0628318530717960,0.5654866776461627,-0.6438028842273729
0.1047197551196597,0.5654866776461627,-1.0006926697736809
0.1466076571675237,0.5654866776461627,-1.3042063073350296
0.1884955592153876,0.5654866776461627,-1.5580571895904998
0.2303834612632514,0.5654866776461627,-1.7658510746487628
0.2722713633111153,0.5654866776461627,-1.9310860860480885
0.3141592653589793,0.5654866776461627,-2.0571527127563312
0.3560471674068433,0.5654866776461627,-2.1473338091709411
0.3979350694547070,0.5654866776461627,-2.2048045951189583
0.4398229715025710,0.5654866776461627,-2.2326326558570191
0.4817108735504350,0.5654866776461627,-2.2337779420713462
0.5235987755982989,0.5654866776461627,-2.2110927698777552
0.5654866776461627,0.5654866776461627,-2.1673218208216563
0.6073745796940266,0.5654866776461627,-2.1051021418780480
0.6492624817418906,0.5654866776461627,-2.0269631454515240
0.6911503837897545,0.5654866776461627,-1.9353266093762682
0.7330382858376183,0.5654866776461627,-1.8325066769160561
0.7749261878854823,0.5654866776461627,-1.7207098567642538
0.8168140899333461,0.5654866776461627,-1.6020350230438225
0.8587019919812100,0.5654866776461627,-1.4784734153073138
0.9005898940290740,0.5654866776461627,-1.3519086385368686
0.9424777960769379,0.5654866776461627,-1.2241166631442231
0.9843656981248019,0.5654866776461627,-1.0967658249707051
1.0262536001726656,0.5654866776461627,-0.9714168252872312
1.0681415022205296,0.5654866776461627,-0.8495227307943123
1.1100294042683936,0.5654866776461627,-0.7324289736220512
1.1519173063162575,0.5654866776461627,-0.6213733513301418
1.1938052083641213,0.5654866776461627,-0.5174860269078698
1.2356931104119853,0.5654866776461627,-0.4217895287741125
1.2775810124598492,0.5654866776461627,-0.3351987507773389
1.3194689145077132,0.5654866776461627,-0.2585209521956114
1.3613568165555769,0.5654866776461627,-0.1924557577365839
1.4032447186034409,0.5654866776461627,-0.1375951575374989
1.4451326206513049,0.5654866776461627,-0.0944235071651948
1.4870205226991688,0.5654866776461627,-0.0633175276161002
1.5289084247470326,0.5654866776461627,-0.0445463053162357
1.5707963267948966,0.5654866776461627,-0.0382712921212125
1.6126842288427605,0.5654866776461627,-0.0445463053162357
1.6545721308906245,0.5654866776461627,-0.0633175276161002
1.6964600329384882,0.5654866776461627,-0.0944235071651948
1.7383479349863524,0.5654866776461627,-0.1375951575374989
1.7802358370342162,0.5654866776461627,-0.1924557577365839
1.8221237390820799,0.5654866776461627,-0.2585209521956114
1.8640116411299441,0.5654866776461627,-0.3351987507773397
1.9058995431778079,0.5654866776461627,-0.4217895287741125
1.9477874452256716,0.5654866776461627,-0.5174860269078690
1.9896753472735358,0.5654866776461627,-0.6213733513301426
2.0315632493213993,0.5654866776461627,-0.7324289736220506
2.0734511513692637,0.5654866776461627,-0.8495227307943130
2.1153390534171272,0.5654866776461627,-0.9714168252872307
2.1572269554649912,0.5654866776461627,-1.0967658249707051
2.1991148575128552,0.5654866776461627,-1.2241166631442231
2.2410027595607191,0.5654866776461627,-1.3519086385368686
2.2828906616085827,0.5654866776461627,-1.4784734153073125
2.3247785636564471,0.5654866776461627,-1.6020350230438232
2.3666664657043106,0.5654866776461627,-1.7207098567642529
2.4085543677521750,0.5654866776461627,-1.8325066769160565
2.4504422698000385,0.5654866776461627,-1.9353266093762680
2.4923301718479025,0.5654866776461627,-2.0269631454515240
2.5342180738957665,0.5654866776461627,-2.1051021418780480
2.5761059759436304,0.5654866776461627,-2.1673218208216563
2.6179938779914940,0.5654866776461627,-2.2110927698777552
2.6598817800393584,0.5654866776461627,-2.2337779420713462
2.7017696820872219,0.5654866776461627,-2.2326326558570195
2.7436575841350863,0.5654866776461627,-2.2048045951189592
2.7855454861829498,0.5654866776461627,-2.1473338091709411
2.8274333882308138,0.5654866776461627,-2.0571527127563312
2.8693212902786778,0.5654866776461627,-1.9310860860480885
2.9112091923265417,0.5654866776461627,-1.7658510746487628
2.9530970943744053,0.5654866776461627,-1.5580571895905009
2.9949849964222697,0.5654866776461627,-1.3042063073350281
3.0368728984701332,0.5654866776461627,-1.0006926697736827
3.0787608005179976,0.5654866776461627,-0.6438028842273686
3.1206487025658611,0.5654866776461627,-0.2297159234466116
0.0209439510239320,0.6073745796940266,-0.2344238175432246
0.0628318530717960,0.6073745796940266,-0.6556936923608797
0.1047197551196597,0.6073745796940266,-1.0169739245378411
0.1466076571675237,0.6073745796940266,-1.3223018475936736
0.1884955592153876,0.6073745796940266,-1.5756010673431589
0.2303834612632514,0.6073745796940266,-1.7806814618963049
0.2722713633111153,0.6073745796940266,-1.9412391816583445
0.3141592653589793,0.6073745796940266,-2.0608566493297324
0.3560471674068433,0.6073745796940266,-2.1430025599061477
0.3979350694547070,0.6073745796940266,-2.1910318806784925
0.4398229715025710,0.6073745796940266,-2.2081858512328929
0.4817108735504350,0.6073745796940266,-2.1975919834506996
0.5235987755982989,0.6073745796940266,-2.1622640615084854
0.5654866776461627,0.6073745796940266,-2.1051021418780480
0.6073745796940266,0.6073745796940266,-2.0288925533264077
0.6492624817418906,0.6073745796940266,-1.9363078969158087
0.6911503837897545,0.6073745796940266,-1.8299070460037197
0.7330382858376183,0.6073745796940266,-1.7121351462428325
0.7749261878854823,0.6073745796940266,-1.5853236155810611
0.8168140899333461,0.6073745796940266,-1.4516901442615457
0.8587019919812100,0.6073745796940266,-1.3133386948226491
0.9005898940290740,0.6073745796940266,-1.1722595020979563
0.9424777960769379,0.6073745796940266,-1.0303290732162782
0.9843656981248019,0.6073745796940266,-0.8893101876016491
1.0262536001726656,0.6073745796940266,-0.7508518969733247
1.0681415022205296,0.6073745796940266,-0.6164895253457859
1.1100294042683936,0.6073745796940266,-0.4876446690287382
1.1519173063162575,0.6073745796940266,-0.3656251966271094
1.1938052083641213,0.6073745796940266,-0.2516252490410513
1.2356931104119853,0.6073745796940266,-0.1467252394659386
1.2775810124598492,0.6073745796940266,-0.0518918533923703
1.3194689145077132,0.6073745796940266,0.0160109756969149
1.3613568165555769,0.6073745796940266,0.0521384724058080
1.4032447186034409,0.6073745796940266,0.0821238122423592
1.4451326206513049,0.6073745796940266,0.1057111078708215
1.4870205226991688,0.6073745796940266,0.1227013358078367
1.5289084247470326,0.6073745796940266,0.1329523364224337
1.5707963267948966,0.6073745796940266,0.1363788139360309
1.6126842288427605,0.6073745796940266,0.1329523364224337
1.6545721308906245,0.6073745796940266,0.1227013358078365
1.6964600329384882,0.6073745796940266,0.1057111078708215
1.7383479349863524,0.6073745796940266,0.0821238122423590
1.7802358370342162,0.6073745796940266,0.0521384724058080
1.8221237390820799,0.6073745796940266,0.0160109756969149
1.8640116411299441,0.6073745796940266,-0.0518918533923711
1.9058995431778079,0.6073745796940266,-0.1467252394659386
1.9477874452256716,0.6073745796940266,-0.2516252490410505
1.9896753472735358,0.6073745796940266,-0.3656251966271102
2.0315632493213993,0.6073745796940266,-0.4876446690287374
2.0734511513692637,0.6073745796940266,-0.6164895253457867
2.1153390534171272,0.6073745796940266,-0.7508518969733240
2.1572269554649912,0.6073745796940266,-0.8893101876016491
2.1991148575128552,0.6073745796940266,-1.0303290732162782
2.2410027595607191,0.6073745796940266,-1.1722595020979563
2.2828906616085827,0.6073745796940266,-1.3133386948226475
2.3247785636564471,0.6073745796940266,-1.4516901442615462
2.3666664657043106,0.6073745796940266,-1.5853236155810597
2.4085543677521750,0.6073745796940266,-1.7121351462428331
2.4504422698000385,0.6073745796940266,-1.8299070460037192
2.4923301718479025,0.6073745796940266,-1.9363078969158087
2.5342180738957665,0.6073745796940266,-2.0288925533264077
2.5761059759436304,0.6073745796940266,-2.1051021418780480
2.6179938779914940,0.6073745796940266,-2.1622640615084858
2.6598817800393584,0.6073745796940266,-2.1975919834507001
2.7017696820872219,0.6073745796940266,-2.2081858512328933
2.7436575841350863,0.6073745796940266,-2.1910318806784925
2.7855454861829498,0.6073745796940266,-2.1430025599061477
2.8274333882308138,0.6073745796940266,-2.0608566493297324
2.8693212902786778,0.6073745796940266,-1.9412391816583445
2.9112091923265417,0.6073745796940266,-1.7806814618963049
2.9530970943744053,0.6073745796940266,-1.5756010673431604
2.9949849964222697,0.6073745796940266,-1.3223018475936723
3.0368728984701332,0.6073745796940266,-1.0169739245378431
3.0787608005179976,0.6073745796940266,-0.6556936923608757
3.1206487025658611,0.6073745796940266,-0.2344238175432246
0.0209439510239320,0.6492624817418906,-0.2380983502628634
0.0628318530717960,0.6492624817418906,-0.6646129769343245
0.1047197551196597,0.6492624817418906,-1.0285090481582027
0.1466076571675237,0.6492624817418906,-1.3340309992020019
0.1884955592153876,0.6492624817418906,-1.5853037037763908
0.2303834612632514,0.6492624817418906,-1.7863324740352058
0.2722713633111153,0.6492624817418906,-1.9410030605754571
0.3141592653589793,0.6492624817418906,-2.0530816524373203
0.3560471674068433,0.6492624817418906,-2.1262148771041400
0.3979350694547070,0.6492624817418906,-2.1639298005024310
0.4398229715025710,0.6492624817418906,-2.1696339270018790
0.4817108735504350,0.6492624817418906,-2.1466151994153346
0.5235987755982989,0.6492624817418906,-2.0980419989988190
0.5654866776461627,0.6492624817418906,-2.0269631454515245
0.6073745796940266,0.6492624817418906,-1.9363078969158087
0.6492624817418906,0.6492624817418906,-1.8288859499772017
0.6911503837897545,0.6492624817418906,-1.7073874396644002
0.7330382858376183,0.6492624817418906,-1.5743829394492712
0.7749261878854823,0.6492624817418906,-1.4323234612468494
0.8168140899333461,0.6492624817418906,-1.2835404554153400
0.8587019919812100,0.6492624817418906,-1.1302458107561171
0.9005898940290740,0.6492624817418906,-0.9745318545137216
0.9424777960769379,0.6492624817418906,-0.8183713523758661
0.9843656981248019,0.6492624817418906,-0.6636175084734320
1.0262536001726656,0.6492624817418906,-0.5120039653804673
1.0681415022205296,0.6492624817418906,-0.3651448041141908
1.1100294042683936,0.6492624817418906,-0.2245345441349904
1.1519173063162575,0.6492624817418906,-0.0915481433464230
1.1938052083641213,0.6492624817418906,0.0162795009523930
1.2356931104119853,0.6492624817418906,0.0733255284143718
1.2775810124598492,0.6492624817418906,0.1248558740961924
1.3194689145077132,0.6492624817418906,0.1704221821597385
1.3613568165555769,0.6492624817418906,0.2096358775453096
1.4032447186034409,0.6492624817418906,0.2421681659716204
1.4451326206513049,0.6492624817418906,0.2677500339358011
1.4870205226991688,0.6492624817418906,0.2861722487133976
1.5289084247470326,0.6492624817418906,0.2972853583583708
1.5707963267948966,0.6492624817418906,0.3009996917030979
1.6126842288427605,0.6492624817418906,0.2972853583583708
1.6545721308906245,0.6492624817418906,0.2861722487133974
1.6964600329384882,0.6492624817418906,0.2677500339358011
1.7383479349863524,0.6492624817418906,0.2421681659716202
1.7802358370342162,0.6492624817418906,0.2096358775453096
1.8221237390820799,0.6492624817418906,0.1704221821597385
1.8640116411299441,0.6492624817418906,0.1248558740961921
1.9058995431778079,0.6492624817418906,0.0733255284143718
1.9477874452256716,0.6492624817418906,0.0162795009523935
1.9896753472735358,0.6492624817418906,-0.0915481433464238
2.0315632493213993,0.6492624817418906,-0.2245345441349897
2.0734511513692637,0.6492624817418906,-0.3651448041141916
2.1153390534171272,0.6492624817418906,-0.5120039653804666
2.1572269554649912,0.6492624817418906,-0.6636175084734320
2.1991148575128552,0.6492624817418906,-0.8183713523758661
2.2410027595607191,0.6492624817418906,-0.9745318545137216
2.2828906616085827,0.6492624817418906,-1.1302458107561153
2.3247785636564471,0.6492624817418906,-1.2835404554153407
2.3666664657043106,0.6492624817418906,-1.4323234612468481
2.4085543677521750,0.6492624817418906,-1.5743829394492723
2.4504422698000385,0.6492624817418906,-1.7073874396643998
2.4923301718479025,0.6492624817418906,-1.8288859499772017
2.5342180738957665,0.6492624817418906,-1.9363078969158087
2.5761059759436304,0.6492624817418906,-2.0269631454515245
2.6179938779914940,0.6492624817418906,-2.0980419989988195
2.6598817800393584,0.6492624817418906,-2.1466151994153351
2.7017696820872219,0.6492624817418906,-2.1696339270018790
2.7436575841350863,0.6492624817418906,-2.1639298005024319
2.7855454861829498,0.6492624817418906,-2.1262148771041400
2.8274333882308138,0.6492624817418906,-2.0530816524373203
2.8693212902786778,0.6492624817418906,-1.9410030605754571
2.9112091923265417,0.6492624817418906,-1.7863324740352058
2.9530970943744053,0.6492624817418906,-1.5853037037763917
2.9949849964222697,0.6492624817418906,-1.3340309992020005
3.0368728984701332,0.6492624817418906,-1.0285090481582044
3.0787608005179976,0.6492624817418906,-0.6646129769343202
3.1206487025658611,0.6492624817418906,-0.2380983502628634
0.0209439510239320,0.6911503837897545,-0.2408481771000459
0.0628318530717960,0.6911503837897545,-0.6708823290422191
0.1047197551196597,0.6911503837897545,-1.0358267334772164
0.1466076571675237,0.6911503837897545,-1.3401237228983525
0.1884955592153876,0.6911503837897545,-1.5880904936723612
0.2303834612632514,0.6911503837897545,-1.7839191060394082
0.2722713633111153,0.6911503837897545,-1.9316764841130882
0.3141592653589793,0.6911503837897545,-2.0353044158804225
0.3560471674068433,0.6911503837897545,-2.0986195532018597
0.3979350694547070,0.6911503837897545,-2.1253134118112778
0.4398229715025710,0.6911503837897545,-2.1189523713159795
0.4817108735504350,0.6911503837897545,-2.0829776751967009
0.5235987755982989,0.6911503837897545,-2.0207054308076007
0.5654866776461627,0.6911503837897545,-1.9353266093762682
0.6073745796940266,0.6911503837897545,-1.8299070460037197
0.6492624817418906,0.6911503837897545,-1.7073874396644002
0.6911503837897545,0.6911503837897545,-1.5705833532061817
0.7330382858376183,0.6911503837897545,-1.4221852133503650
0.7749261878854823,0.6911503837897545,-1.2647583106916764
0.8168140899333461,0.6911503837897545,-1.1007427996982746
0.8587019919812100,0.6911503837897545,-0.9324536987117427
0.9005898940290740,0.6911503837897545,-0.7620808899470909
0.9424777960769379,0.6911503837897545,-0.5916891194927605
0.9843656981248019,0.6911503837897545,-0.4232179973106199
1.0262536001726656,0.6911503837897545,-0.2584819972359631
1.0681415022205296,0.6911503837897545,-0.0991704569775136
1.1100294042683936,0.6911503837897545,0.0265762109412883
1.1519173063162575,0.6911503837897545,0.0985237869443641
1.1938052083641213,0.6911503837897545,0.1656005348559670
1.2356931104119853,0.6911503837897545,0.2272120580748802
1.2775810124598492,0.6911503837897545,0.2828265280631717
1.3194689145077132,0.6911503837897545,0.3319746843461959
1.3613568165555769,0.6911503837897545,0.3742498345125938
1.4032447186034409,0.6911503837897545,0.4093078542142921
1.4451326206513049,0.6911503837897545,0.4368671871665033
1.4870205226991688,0.6911503837897545,0.4567088451477266
1.5289084247470326,0.6911503837897545,0.4686764079997465
1.5707963267948966,0.6911503837897545,0.4726760236276343
1.6126842288427605,0.6911503837897545,0.4686764079997465
1.6545721308906245,0.6911503837897545,0.4567088451477264
1.6964600329384882,0.6911503837897545,0.4368671871665033
1.7383479349863524,0.6911503837897545,0.4093078542142919
1.7802358370342162,0.6911503837897545,0.3742498345125938
1.8221237390820799,0.6911503837897545,0.3319746843461959
1.8640116411299441,0.6911503837897545,0.2828265280631714
1.9058995431778079,0.6911503837897545,0.2272120580748802
1.9477874452256716,0.6911503837897545,0.1656005348559675
1.9896753472735358,0.6911503837897545,0.0985237869443639
2.0315632493213993,0.6911503837897545,0.0265762109412887
2.0734511513692637,0.6911503837897545,-0.0991704569775144
2.1153390534171272,0.6911503837897545,-0.2584819972359623
2.1572269554649912,0.6911503837897545,-0.4232179973106199
2.1991148575128552,0.6911503837897545,-0.5916891194927605
2.2410027595607191,0.6911503837897545,-0.7620808899470909
2.2828906616085827,0.6911503837897545,-0.9324536987117407
2.3247785636564471,0.6911503837897545,-1.1007427996982753
2.3666664657043106,0.6911503837897545,-1.2647583106916753
2.4085543677521750,0.6911503837897545,-1.4221852133503659
2.4504422698000385,0.6911503837897545,-1.5705833532061813
2.4923301718479025,0.6911503837897545,-1.7073874396644002
2.5342180738957665,0.6911503837897545,-1.8299070460037197
2.5761059759436304,0.6911503837897545,-1.9353266093762682
2.6179938779914940,0.6911503837897545,-2.0207054308076002
2.6598817800393584,0.6911503837897545,-2.0829776751967013
2.7017696820872219,0.6911503837897545,-2.1189523713159799
2.7436575841350863,0.6911503837897545,-2.1253134118112773
2.7855454861829498,0.6911503837897545,-2.0986195532018597
2.8274333882308138,0.6911503837897545,-2.0353044158804225
2.8693212902786778,0.6911503837897545,-1.9316764841130882
2.9112091923265417,0.6911503837897545,-1.7839191060394082
2.9530970943744053,0.6911503837897545,-1.5880904936723623
2.9949849964222697,0.6911503837897545,-1.3401237228983511
3.0368728984701332,0.6911503837897545,-1.0358267334772189
3.0787608005179976,0.6911503837897545,-0.6708823290422151
3.1206487025658611,0.6911503837897545,-0.2408481771000459
0.0209439510239320,0.7330382858376183,-0.2427771244162000
0.0628318530717960,0.7330382858376183,-0.6748090468415425
0.1047197551196597,0.7330382858376183,-1.0394321758776719
0.1466076571675237,0.7330382858376183,-1.3412775367215801
0.1884955592153876,0.7330382858376183,-1.5848457031562542
0.2303834612632514,0.7330382858376183,-1.7745067975506816
0.2722713633111153,0.7330382858376183,-1.9145004908598540
0.3141592653589793,0.7330382858376183,-2.0089360026247594
0.3560471674068433,0.7330382858376183,-2.0617921009723883
0.3979350694547070,0.7330382858376183,-2.0769171026157309
0.4398229715025710,0.7330382858376183,-2.0580288728537779
0.4817108735504350,0.7330382858376183,-2.0087148255715199
0.5235987755982989,0.7330382858376183,-1.9324319232399489
0.5654866776461627,0.7330382858376183,-1.8325066769160561
0.6073745796940266,0.7330382858376183,-1.7121351462428327
0.6492624817418906,0.7330382858376183,-1.5743829394492714
0.6911503837897545,0.7330382858376183,-1.4221852133503650
0.7330382858376183,0.7330382858376183,-1.2583466733471058
0.7749261878854823,0.7330382858376183,-1.0855415734264882
0.8168140899333461,0.7330382858376183,-0.9063137161615040
0.8587019919812100,0.7330382858376183,-0.7230764527111503
0.9005898940290740,0.7330382858376183,-0.5381126828204171
0.9424777960769379,0.7330382858376183,-0.3535748548203013
0.9843656981248019,0.7330382858376183,-0.1714849656277978
1.0262536001726656,0.7330382858376183,0.0031327196270487
1.0681415022205296,0.7330382858376183,0.0889576328681956
1.1100294042683936,0.7330382858376183,0.1709169355720430
1.1519173063162575,0.7330382858376183,0.2482605321080933
1.1938052083641213,0.7330382858376183,0.3203035525528473
1.2356931104119853,0.7330382858376183,0.3864263526898074
1.2775810124598492,0.7330382858376183,0.4460745140094748
1.3194689145077132,0.7330382858376183,0.4987588437093506
1.3613568165555769,0.7330382858376183,0.5440553746939361
1.4032447186034409,0.7330382858376183,0.5816053655747321
1.4451326206513049,0.7330382858376183,0.6111153006702392
1.4870205226991688,0.7330382858376183,0.6323568900059583
1.5289084247470326,0.7330382858376183,0.6451670693143894
1.5707963267948966,0.7330382858376183,0.6494480000350332
1.6126842288427605,0.7330382858376183,0.6451670693143894
1.6545721308906245,0.7330382858376183,0.6323568900059581
1.6964600329384882,0.7330382858376183,0.6111153006702392
1.7383479349863524,0.7330382858376183,0.5816053655747319
1.7802358370342162,0.7330382858376183,0.5440553746939361
1.8221237390820799,0.7330382858376183,0.4987588437093506
1.8640116411299441,0.7330382858376183,0.4460745140094746
1.9058995431778079,0.7330382858376183,0.3864263526898074
1.9477874452256716,0.7330382858376183,0.3203035525528475
1.9896753472735358,0.7330382858376183,0.2482605321080928
2.0315632493213993,0.7330382858376183,0.1709169355720434
2.0734511513692637,0.7330382858376183,0.0889576328681951
2.1153390534171272,0.7330382858376183,0.0031327196270493
2.1572269554649912,0.7330382858376183,-0.1714849656277978
2.1991148575128552,0.7330382858376183,-0.3535748548203013
2.2410027595607191,0.7330382858376183,-0.5381126828204171
2.2828906616085827,0.7330382858376183,-0.7230764527111474
2.3247785636564471,0.7330382858376183,-0.9063137161615056
2.3666664657043106,0.7330382858376183,-1.0855415734264868
2.4085543677521750,0.7330382858376183,-1.2583466733471069
2.4504422698000385,0.7330382858376183,-1.4221852133503639
2.4923301718479025,0.7330382858376183,-1.5743829394492714
2.5342180738957665,0.7330382858376183,-1.7121351462428327
2.5761059759436304,0.7330382858376183,-1.8325066769160561
2.6179938779914940,0.7330382858376183,-1.9324319232399487
2.6598817800393584,0.7330382858376183,-2.0087148255715213
2.7017696820872219,0.7330382858376183,-2.0580288728537783
2.7436575841350863,0.7330382858376183,-2.0769171026157314
2.7855454861829498,0.7330382858376183,-2.0617921009723883
2.8274333882308138,0.7330382858376183,-2.0089360026247594
2.8693212902786778,0.7330382858376183,-1.9145004908598540
2.9112091923265417,0.7330382858376183,-1.7745067975506816
2.9530970943744053,0.7330382858376183,-1.5848457031562555
2.9949849964222697,0.7330382858376183,-1.3412775367215790
3.0368728984701332,0.7330382858376183,-1.0394321758776737
3.0787608005179976,0.7330382858376183,-0.6748090468415383
3.1206487025658611,0.7330382858376183,-0.2427771244162000
0.0209439510239320,0.7749261878854823,-0.2439841894396641
0.0628318530717960,0.7749261878854823,-0.6766861355517387
0.1047197551196597,0.7749261878854823,-1.0398070732826905
0.1466076571675237,0.7749261878854823,-1.3381575160110595
0.1884955592153876,0.7749261878854823,-1.5764124696962667
0.2303834612632514,0.7749261878854823,-1.7591114328786190
0.2722713633111153,0.7749261878854823,-1.8906583966793142
0.3141592653589793,0.7749261878854823,-1.9753218448004324
0.3560471674068433,0.7749261878854823,-2.0172347535249409
0.3979350694547070,0.7749261878854823,-2.0203945917166930
0.4398229715025710,0.7749261878854823,-1.9886633208204318
0.4817108735504350,0.7749261878854823,-1.9257673948617813
0.5235987755982989,0.7749261878854823,-1.8352977604472553
0.5654866776461627,0.7749261878854823,-1.7207098567642540
0.6073745796940266,0.7749261878854823,-1.5853236155810611
0.6492624817418906,0.7749261878854823,-1.4323234612468494
0.6911503837897545,0.7749261878854823,-1.2647583106916767
0.7330382858376183,0.7749261878854823,-1.0855415734264882
0.7749261878854823,0.7749261878854823,-0.8974511515431126
0.8168140899333461,0.7749261878854823,-0.7031294397142696
0.8587019919812100,0.7749261878854823,-0.5050833251935613
0.9005898940290740,0.7749261878854823,-0.3056841878154763
0.9424777960769379,0.7749261878854823,-0.1071678999953918
0.9843656981248019,0.7749261878854823,0.0441825866352147
1.0262536001726656,0.7749261878854823,0.1394750872024196
1.0681415022205296,0.7749261878854823,0.2313788766249019
1.1100294042683936,0.7749261878854823,0.3190470335332005
1.1519173063162575,0.7749261878854823,0.4017003902674117
1.1938052083641213,0.7749261878854823,0.4786275328771883
1.2356931104119853,0.7749261878854823,0.5491848011217413
1.2775810124598492,0.7749261878854823,0.6127962884698366
1.3194689145077132,0.7749261878854823,0.6689538420997978
1.3613568165555769,0.7749261878854823,0.7172170628995058
1.4032447186034409,0.7749261878854823,0.7572133054663978
1.4451326206513049,0.7749261878854823,0.7886376781074680
1.4870205226991688,0.7749261878854823,0.8112530428392675
1.5289084247470326,0.7749261878854823,0.8248900153879037
1.5707963267948966,0.7749261878854823,0.8294469651890422
1.6126842288427605,0.7749261878854823,0.8248900153879037
1.6545721308906245,0.7749261878854823,0.8112530428392671
1.6964600329384882,0.7749261878854823,0.7886376781074680
1.7383479349863524,0.7749261878854823,0.7572133054663975
1.7802358370342162,0.7749261878854823,0.7172170628995058
1.8221237390820799,0.7749261878854823,0.6689538420997978
1.8640116411299441,0.7749261878854823,0.6127962884698362
1.9058995431778079,0.7749261878854823,0.5491848011217413
1.9477874452256716,0.7749261878854823,0.4786275328771888
1.9896753472735358,0.7749261878854823,0.4017003902674114
2.0315632493213993,0.7749261878854823,0.3190470335332010
2.0734511513692637,0.7749261878854823,0.2313788766249014
2.1153390534171272,0.7749261878854823,0.1394750872024200
2.1572269554649912,0.7749261878854823,0.0441825866352147
2.1991148575128552,0.7749261878854823,-0.1071678999953918
2.2410027595607191,0.7749261878854823,-0.3056841878154763
2.2828906616085827,0.7749261878854823,-0.5050833251935590
2.3247785636564471,0.7749261878854823,-0.7031294397142701
2.3666664657043106,0.7749261878854823,-0.8974511515431112
2.4085543677521750,0.7749261878854823,-1.0855415734264893
2.4504422698000385,0.7749261878854823,-1.2647583106916760
2.4923301718479025,0.7749261878854823,-1.4323234612468494
2.5342180738957665,0.7749261878854823,-1.5853236155810611
2.5761059759436304,0.7749261878854823,-1.7207098567642540
2.6179938779914940,0.7749261878854823,-1.8352977604472553
2.6598817800393584,0.7749261878854823,-1.9257673948617822
2.7017696820872219,0.7749261878854823,-1.9886633208204316
2.7436575841350863,0.7749261878854823,-2.0203945917166939
2.7855454861829498,0.7749261878854823,-2.0172347535249409
2.8274333882308138,0.7749261878854823,-1.9753218448004324
2.8693212902786778,0.7749261878854823,-1.8906583966793142
2.9112091923265417,0.7749261878854823,-1.7591114328786190
2.9530970943744053,0.7749261878854823,-1.5764124696962678
2.9949849964222697,0.7749261878854823,-1.3381575160110581
3.0368728984701332,0.7749261878854823,-1.0398070732826923
3.0787608005179976,0.7749261878854823,-0.6766861355517344
3.1206487025658611,0.7749261878854823,-0.2439841894396641
0.0209439510239320,0.8168140899333461,-0.2445635402656871
0.0628318530717960,0.8168140899333461,-0.6767923074547183
0.1047197551196597,0.8168140899333461,-1.0374096261557313
0.1466076571675237,0.8168140899333461,-1.3313962934066830
0.1884955592153876,0.8168140899333461,-1.5635928021036103
0.2303834612632514,0.8168140899333461,-1.7386993410006382
0.2722713633111153,0.8168140899333461,-1.8612757947099783
0.3141592653589793,0.8168140899333461,-1.9357417437019271
0.3560471674068433,0.8168140899333461,-1.9663764643048665
0.3979350694547070,0.8168140899333461,-1.9573189287052650
0.4398229715025710,0.8168140899333461,-1.9125678049476771
0.4817108735504350,0.8168140899333461,-1.8359814569347428
0.5235987755982989,0.8168140899333461,-1.7312779444271873
0.5654866776461627,0.8168140899333461,-1.6020350230438229
0.6073745796940266,0.8168140899333461,-1.4516901442615457
0.6492624817418906,0.8168140899333461,-1.2835404554153400
0.6911503837897545,0.8168140899333461,-1.1007427996982748
0.7330382858376183,0.8168140899333461,-0.9063137161615041
0.7749261878854823,0.8168140899333461,-0.7031294397142696
0.8168140899333461,0.8168140899333461,-0.4939259011238973
0.8587019919812100,0.8168140899333461,-0.2812987270158001
0.9005898940290740,0.8168140899333461,-0.0677032398734741
0.9424777960769379,0.8168140899333461,0.0722727709807472
0.9843656981248019,0.8168140899333461,0.1766364521447183
1.0262536001726656,0.8168140899333461,0.2782222185262980
1.0681415022205296,0.8168140899333461,0.3760830171675665
1.1100294042683936,0.8168140899333461,0.4693419471815595
1.1519173063162575,0.8168140899333461,0.5571922597522706
1.1938052083641213,0.8168140899333461,0.6388973581346500
1.2356931104119853,0.8168140899333461,0.7137907976546065
1.2775810124598492,0.8168140899333461,0.7812762857090036
1.3194689145077132,0.8168140899333461,0.8408276817656637
1.3613568165555769,0.8168140899333461,0.8919889973633656
1.4032447186034409,0.8168140899333461,0.9343743961118453
1.4451326206513049,0.8168140899333461,0.9676681936917959
1.4870205226991688,0.8168140899333461,0.9916248578548676
1.5289084247470326,0.8168140899333461,1.0060690084236676
1.5707963267948966,0.8168140899333461,1.0108954172917606
1.6126842288427605,0.8168140899333461,1.0060690084236676
1.6545721308906245,0.8168140899333461,0.9916248578548674
1.6964600329384882,0.8168140899333461,0.9676681936917959
1.7383479349863524,0.8168140899333461,0.9343743961118449
1.7802358370342162,0.8168140899333461,0.8919889973633656
1.8221237390820799,0.8168140899333461,0.8408276817656637
1.8640116411299441,0.8168140899333461,0.7812762857090034
1.9058995431778079,0.8168140899333461,0.7137907976546065
1.9477874452256716,0.8168140899333461,0.6388973581346505
1.9896753472735358,0.8168140899333461,0.5571922597522704
2.0315632493213993,0.8168140899333461,0.4693419471815601
2.0734511513692637,0.8168140899333461,0.3760830171675660
2.1153390534171272,0.8168140899333461,0.2782222185262985
2.1572269554649912,0.8168140899333461,0.1766364521447183
2.1991148575128552,0.8168140899333461,0.0722727709807472
2.2410027595607191,0.8168140899333461,-0.0677032398734741
2.2828906616085827,0.8168140899333461,-0.2812987270157977
2.3247785636564471,0.8168140899333461,-0.4939259011238981
2.3666664657043106,0.8168140899333461,-0.7031294397142688
2.4085543677521750,0.8168140899333461,-0.9063137161615052
2.4504422698000385,0.8168140899333461,-1.1007427996982742
2.4923301718479025,0.8168140899333461,-1.2835404554153400
2.5342180738957665,0.8168140899333461,-1.4516901442615457
2.5761059759436304,0.8168140899333461,-1.6020350230438229
2.6179938779914940,0.8168140899333461,-1.7312779444271869
2.6598817800393584,0.8168140899333461,-1.8359814569347437
2.7017696820872219,0.8168140899333461,-1.9125678049476778
2.7436575841350863,0.8168140899333461,-1.9573189287052659
2.7855454861829498,0.8168140899333461,-1.9663764643048665
2.8274333882308138,0.8168140899333461,-1.9357417437019271
2.8693212902786778,0.8168140899333461,-1.8612757947099783
2.9112091923265417,0.8168140899333461,-1.7386993410006382
2.9530970943744053,0.8168140899333461,-1.5635928021036112
2.9949849964222697,0.8168140899333461,-1.3313962934066819
3.0368728984701332,0.8168140899333461,-1.0374096261557331
3.0787608005179976,0.8168140899333461,-0.6767923074547141
3.1206487025658611,0.8168140899333461,-0.2445635402656871
0.0209439510239320,0.8587019919812100,-0.2446045158564278
0.0628318530717960,0.8587019919812100,-0.6753919818948581
0.1047197551196597,0.8587019919812100,-1.0326745375005879
0.1466076571675237,0.8587019919812100,-1.3215940588488611
0.1884955592153876,0.8587019919812100,-1.5471475805325128
0.2303834612632514,0.8587019919812100,-1.7141872955619815
0.2722713633111153,0.8587019919812100,-1.8274205553653049
0.3141592653589793,0.8587019919812100,-1.8914098697881179
0.3560471674068433,0.8587019919812100,-1.9105729070936546
0.3979350694547070,0.8587019919812100,-1.8891824939627477
0.4398229715025710,0.8587019919812100,-1.8313666154938300
0.4817108735504350,0.8587019919812100,-1.7411084152029317
0.5235987755982989,0.8587019919812100,-1.6222461950236833
0.5654866776461627,0.8587019919812100,-1.4784734153073138
0.6073745796940266,0.8587019919812100,-1.3133386948226493
0.6492624817418906,0.8587019919812100,-1.1302458107561171
0.6911503837897545,0.8587019919812100,-0.9324536987117428
0.7330382858376183,0.8587019919812100,-0.7230764527111503
0.7749261878854823,0.8587019919812100,-0.5050833251935613
0.8168140899333461,0.8587019919812100,-0.2812987270158001
0.8587019919812100,0.8587019919812100,-0.0544022274522865
0.9005898940290740,0.8587019919812100,0.0865357229024806
0.9424777960769379,0.8587019919812100,0.1993662033231613
0.9843656981248019,0.8587019919812100,0.3101678052722905
1.0262536001726656,0.8587019919812100,0.4178904272774595
1.0681415022205296,0.8587019919812100,0.5215563886574619
1.1100294042683936,0.8587019919812100,0.6202604295222898
1.1519173063162575,0.8587019919812100,0.7131697107731367
1.1938052083641213,0.8587019919812100,0.7995238141023967
1.2356931104119853,0.8587019919812100,0.8786347419936655
1.2775810124598492,0.8587019919812100,0.9498869177217369
1.3194689145077132,0.8587019919812100,1.0127371853526073
1.3613568165555769,0.8587019919812100,1.0667148097434733
1.4032447186034409,0.8587019919812100,1.1114214765427313
1.4451326206513049,0.8587019919812100,1.1465312921899791
1.4870205226991688,0.8587019919812100,1.1717907839160149
1.5289084247470326,0.8587019919812100,1.1870188997428364
1.5707963267948966,0.8587019919812100,1.1921070084836438
1.6126842288427605,0.8587019919812100,1.1870188997428364
1.6545721308906245,0.8587019919812100,1.1717907839160147
1.6964600329384882,0.8587019919812100,1.1465312921899791
1.7383479349863524,0.8587019919812100,1.1114214765427310
1.7802358370342162,0.8587019919812100,1.0667148097434733
1.8221237390820799,0.8587019919812100,1.0127371853526073
1.8640116411299441,0.8587019919812100,0.9498869177217367
1.9058995431778079,0.8587019919812100,0.8786347419936655
1.9477874452256716,0.8587019919812100,0.7995238141023971
1.9896753472735358,0.8587019919812100,0.7131697107731365
2.0315632493213993,0.8587019919812100,0.6202604295222903
2.0734511513692637,0.8587019919812100,0.5215563886574615
2.1153390534171272,0.8587019919812100,0.4178904272774600
2.1572269554649912,0.8587019919812100,0.3101678052722905
2.1991148575128552,0.8587019919812100,0.1993662033231613
2.2410027595607191,0.8587019919812100,0.0865357229024806
2.2828906616085827,0.8587019919812100,-0.0544022274522840
2.3247785636564471,0.8587019919812100,-0.2812987270158008
2.3666664657043106,0.8587019919812100,-0.5050833251935598
2.4085543677521750,0.8587019919812100,-0.7230764527111516
2.4504422698000385,0.8587019919812100,-0.9324536987117421
2.4923301718479025,0.8587019919812100,-1.1302458107561171
2.5342180738957665,0.8587019919812100,-1.3133386948226493
2.5761059759436304,0.8587019919812100,-1.4784734153073138
2.6179938779914940,0.8587019919812100,-1.6222461950236828
2.6598817800393584,0.8587019919812100,-1.7411084152029330
2.7017696820872219,0.8587019919812100,-1.8313666154938295
2.7436575841350863,0.8587019919812100,-1.8891824939627484
2.7855454861829498,0.8587019919812100,-1.9105729070936546
2.8274333882308138,0.8587019919812100,-1.8914098697881179
2.8693212902786778,0.8587019919812100,-1.8274205553653049
2.9112091923265417,0.8587019919812100,-1.7141872955619815
2.9530970943744053,0.8587019919812100,-1.5471475805325139
2.9949849964222697,0.8587019919812100,-1.3215940588488595
3.0368728984701332,0.8587019919812100,-1.0326745375005899
3.0787608005179976,0.8587019919812100,-0.6753919818948542
3.1206487025658611,0.8587019919812100,-0.2446045158564278
0.0209439510239320,0.9005898940290740,-0.2441916260409556
0.0628318530717960,0.9005898940290740,-0.6727352852790012
0.1047197551196597,0.9005898940290740,-1.0260130128613900
0.1466076571675237,0.9005898940290740,-1.3093185595785217
0.1884955592153876,0.9005898940290740,-1.5277965564802154
0.2303834612632514,0.9005898940290740,-1.6864425148757172
0.2722713633111153,0.9005898940290740,-1.7901028263337004
0.3141592653589793,0.9005898940290740,-1.8434747626822625
0.3560471674068433,0.9005898940290740,-1.8511064760089264
0.3979350694547070,0.9005898940290740,-1.8173969986606406
0.4398229715025710,0.9005898940290740,-1.7465962432437796
0.4817108735504350,0.9005898940290740,-1.6428050026241430
0.5235987755982989,0.9005898940290740,-1.5099749499269555
0.5654866776461627,0.9005898940290740,-1.3519086385368686
0.6073745796940266,0.9005898940290740,-1.1722595020979565
0.6492624817418906,0.9005898940290740,-0.9745318545137216
0.6911503837897545,0.9005898940290740,-0.7620808899470909
0.7330382858376183,0.9005898940290740,-0.5381126828204171
0.7749261878854823,0.9005898940290740,-0.3056841878154762
0.8168140899333461,0.9005898940290740,-0.0677032398734741
0.8587019919812100,0.9005898940290740,0.0865357229024806
0.9005898940290740,0.9005898940290740,0.2070151368798885
0.9424777960769379,0.9005898940290740,0.3263563841357459
0.9843656981248019,0.9005898940290740,0.4434037866806006
1.0262536001726656,0.9005898940290740,0.5570762263952866
1.0681415022205296,0.9005898940290740,0.6663671450309271
1.1100294042683936,0.9005898940290740,0.7703445442089303
1.1519173063162575,0.9005898940290740,0.8681509854209932
1.1938052083641213,0.9005898940290740,0.9590035900290986
1.2356931104119853,0.9005898940290740,1.0421940392655187
1.2775810124598492,0.9005898940290740,1.1170885742328107
1.3194689145077132,0.9005898940290740,1.1831279959038210
1.3613568165555769,0.9005898940290740,1.2398276651216817
1.4032447186034409,0.9005898940290740,1.2867775025998132
1.4451326206513049,0.9005898940290740,1.3236419889219231
1.4870205226991688,0.9005898940290740,1.3501601645420047
1.5289084247470326,0.9005898940290740,1.3661456297843415
1.5707963267948966,0.9005898940290740,1.3714865448435016
1.6126842288427605,0.9005898940290740,1.3661456297843415
1.6545721308906245,0.9005898940290740,1.3501601645420047
1.6964600329384882,0.9005898940290740,1.3236419889219231
1.7383479349863524,0.9005898940290740,1.2867775025998129
1.7802358370342162,0.9005898940290740,1.2398276651216817
1.8221237390820799,0.9005898940290740,1.1831279959038210
1.8640116411299441,0.9005898940290740,1.1170885742328105
1.9058995431778079,0.9005898940290740,1.0421940392655187
1.9477874452256716,0.9005898940290740,0.9590035900290992
1.9896753472735358,0.9005898940290740,0.8681509854209927
2.0315632493213993,0.9005898940290740,0.7703445442089309
2.0734511513692637,0.9005898940290740,0.6663671450309266
2.1153390534171272,0.9005898940290740,0.5570762263952875
2.1572269554649912,0.9005898940290740,0.4434037866806006
2.1991148575128552,0.9005898940290740,0.3263563841357459
2.2410027595607191,0.9005898940290740,0.2070151368798885
2.2828906616085827,0.9005898940290740,0.0865357229024820
2.3247785636564471,0.9005898940290740,-0.0677032398734750
2.3666664657043106,0.9005898940290740,-0.3056841878154755
2.4085543677521750,0.9005898940290740,-0.5381126828204185
2.4504422698000385,0.9005898940290740,-0.7620808899470902
2.4923301718479025,0.9005898940290740,-0.9745318545137216
2.5342180738957665,0.9005898940290740,-1.1722595020979565
2.5761059759436304,0.9005898940290740,-1.3519086385368686
2.6179938779914940,0.9005898940290740,-1.5099749499269550
2.6598817800393584,0.9005898940290740,-1.6428050026241441
2.7017696820872219,0.9005898940290740,-1.7465962432437798
2.7436575841350863,0.9005898940290740,-1.8173969986606415
2.7855454861829498,0.9005898940290740,-1.8511064760089264
2.8274333882308138,0.9005898940290740,-1.8434747626822625
2.8693212902786778,0.9005898940290740,-1.7901028263337004
2.9112091923265417,0.9005898940290740,-1.6864425148757172
2.9530970943744053,0.9005898940290740,-1.5277965564802167
2.9949849964222697,0.9005898940290740,-1.3093185595785204
3.0368728984701332,0.9005898940290740,-1.0260130128613918
3.0787608005179976,0.9005898940290740,-0.6727352852789972
3.1206487025658611,0.9005898940290740,-0.2441916260409556
0.0209439510239320,0.9424777960769379,-0.2434045515152503
0.0628318530717960,0.9424777960769379,-0.6690580510764563
0.1047197551196597,0.9424777960769379,-1.0178127603226026
0.1466076571675237,0.9424777960769379,-1.2951051001371139
0.1884955592153876,0.9424777960769379,-1.5062183527869746
0.2303834612632514,0.9424777960769379,-1.6562826619227360
0.2722713633111153,0.9424777960769379,-1.7502750325785190
0.3141592653589793,0.9424777960769379,-1.7930193311720042
0.3560471674068433,0.9424777960769379,-1.7891862855044418
0.3979350694547070,0.9424777960769379,-1.7432934847606467
0.4398229715025710,0.9424777960769379,-1.6597053795089973
0.4817108735504350,0.9424777960769379,-1.5426332817014430
0.5235987755982989,0.9424777960769379,-1.3961353646734915
0.5654866776461627,0.9424777960769379,-1.2241166631442233
0.6073745796940266,0.9424777960769379,-1.0303290732162782
0.6492624817418906,0.9424777960769379,-0.8183713523758661
0.6911503837897545,0.9424777960769379,-0.5916891194927605
0.7330382858376183,0.9424777960769379,-0.3535748548203013
0.7749261878854823,0.9424777960769379,-0.1071678999953918
0.8168140899333461,0.9424777960769379,0.0722727709807472
0.8587019919812100,0.9424777960769379,0.1993662033231613
0.9005898940290740,0.9424777960769379,0.3263563841357459
0.9424777960769379,0.9424777960769379,0.4519799198329169
0.9843656981248019,0.9424777960769379,0.5750499861373074
1.0262536001726656,0.9424777960769379,0.6944563280797673
1.0681415022205296,0.9424777960769379,0.8091652599993664
1.1100294042683936,0.9424777960769379,0.9182196655433883
1.1519173063162575,0.9424777960769379,1.0207389976673364
1.1938052083641213,0.9424777960769379,1.1159192786349283
1.2356931104119853,0.9424777960769379,1.2030331000181020
1.2775810124598492,0.9424777960769379,1.2814296226970110
1.3194689145077132,0.9424777960769379,1.3505345768600265
1.3613568165555769,0.9424777960769379,1.4098502620037361
1.4032447186034409,0.9424777960769379,1.4589555469329454
1.4451326206513049,0.9424777960769379,1.4975058697606780
1.4870205226991688,0.9424777960769379,1.5252332379081726
1.5289084247470326,0.9424777960769379,1.5419462281048868
1.5707963267948966,0.9424777960769379,1.5475299863884941
1.6126842288427605,0.9424777960769379,1.5419462281048868
1.6545721308906245,0.9424777960769379,1.5252332379081726
1.6964600329384882,0.9424777960769379,1.4975058697606780
1.7383479349863524,0.9424777960769379,1.4589555469329454
1.7802358370342162,0.9424777960769379,1.4098502620037361
1.8221237390820799,0.9424777960769379,1.3505345768600265
1.8640116411299441,0.9424777960769379,1.2814296226970108
1.9058995431778079,0.9424777960769379,1.2030331000181020
1.9477874452256716,0.9424777960769379,1.1159192786349286
1.9896753472735358,0.9424777960769379,1.0207389976673358
2.0315632493213993,0.9424777960769379,0.9182196655433892
2.0734511513692637,0.9424777960769379,0.8091652599993658
2.1153390534171272,0.9424777960769379,0.6944563280797682
2.1572269554649912,0.9424777960769379,0.5750499861373074
2.1991148575128552,0.9424777960769379,0.4519799198329169
2.2410027595607191,0.9424777960769379,0.3263563841357459
2.2828906616085827,0.9424777960769379,0.1993662033231627
2.3247785636564471,0.9424777960769379,0.0722727709807468
2.3666664657043106,0.9424777960769379,-0.1071678999953909
2.4085543677521750,0.9424777960769379,-0.3535748548203028
2.4504422698000385,0.9424777960769379,-0.5916891194927606
2.4923301718479025,0.9424777960769379,-0.8183713523758661
2.5342180738957665,0.9424777960769379,-1.0303290732162782
2.5761059759436304,0.9424777960769379,-1.2241166631442233
2.6179938779914940,0.9424777960769379,-1.3961353646734911
2.6598817800393584,0.9424777960769379,-1.5426332817014436
2.7017696820872219,0.9424777960769379,-1.6597053795089973
2.7436575841350863,0.9424777960769379,-1.7432934847606469
2.7855454861829498,0.9424777960769379,-1.7891862855044418
2.8274333882308138,0.9424777960769379,-1.7930193311720042
2.8693212902786778,0.9424777960769379,-1.7502750325785190
2.9112091923265417,0.9424777960769379,-1.6562826619227360
2.9530970943744053,0.9424777960769379,-1.5062183527869755
2.9949849964222697,0.9424777960769379,-1.2951051001371128
3.0368728984701332,0.9424777960769379,-1.0178127603226044
3.0787608005179976,0.9424777960769379,-0.6690580510764523
3.1206487025658611,0.9424777960769379,-0.2434045515152503
0.0209439510239320,0.9843656981248019,-0.2423181438422017
0.0628318530717960,0.9843656981248019,-0.6645818198189984
0.1047197551196597,0.9843656981248019,-1.0084379905090255
0.1466076571675237,0.9843656981248019,-1.2794565423666022
0.1884955592153876,0.9843656981248019,-1.4830504636360611
0.2303834612632514,0.9843656981248019,-1.6244758443517564
0.2722713633111153,0.9843656981248019,-1.7088318763380621
0.3141592653589793,0.9843656981248019,-1.7410608532093705
0.3560471674068433,0.9843656981248019,-1.7259481703700941
0.3979350694547070,0.9843656981248019,-1.6681223250146640
0.4398229715025710,0.9843656981248019,-1.5720549161275308
0.4817108735504350,0.9843656981248019,-1.4420606444831625
0.5235987755982989,0.9843656981248019,-1.2822973126460517
0.5654866776461627,0.9843656981248019,-1.0967658249707051
0.6073745796940266,0.9843656981248019,-0.8893101876016490
0.6492624817418906,0.9843656981248019,-0.6636175084734320
0.6911503837897545,0.9843656981248019,-0.4232179973106199
0.7330382858376183,0.9843656981248019,-0.1714849656277978
0.7749261878854823,0.9843656981248019,0.0441825866352147
0.8168140899333461,0.9843656981248019,0.1766364521447183
0.8587019919812100,0.9843656981248019,0.3101678052722905
0.9005898940290740,0.9843656981248019,0.4434037866806006
0.9424777960769379,0.9843656981248019,0.5750499861373073
0.9843656981248019,0.9843656981248019,0.7038904425150597
1.0262536001726656,0.9843656981248019,0.8287876437914967
1.0681415022205296,0.9843656981248019,0.9486825270492508
1.1100294042683936,0.9843656981248019,1.0625944784759409
1.1519173063162575,0.9843656981248019,1.1696213333641787
1.1938052083641213,0.9843656981248019,1.2689393761115639
1.2356931104119853,0.9843656981248019,1.3598033402206897
1.2775810124598492,0.9843656981248019,1.4415464082991367
1.3194689145077132,0.9843656981248019,1.5135802120594781
1.3613568165555769,0.9843656981248019,1.5753948323192764
1.4032447186034409,0.9843656981248019,1.6265587990010844
1.4451326206513049,0.9843656981248019,1.6667190911324459
1.4870205226991688,0.9843656981248019,1.6956011368458939
1.5289084247470326,0.9843656981248019,1.7130088133789538
1.5707963267948966,0.9843656981248019,1.7188244470741383
1.6126842288427605,0.9843656981248019,1.7130088133789538
1.6545721308906245,0.9843656981248019,1.6956011368458939
1.6964600329384882,0.9843656981248019,1.6667190911324459
1.7383479349863524,0.9843656981248019,1.6265587990010844
1.7802358370342162,0.9843656981248019,1.5753948323192764
1.8221237390820799,0.9843656981248019,1.5135802120594781
1.8640116411299441,0.9843656981248019,1.4415464082991363
1.9058995431778079,0.9843656981248019,1.3598033402206897
1.9477874452256716,0.9843656981248019,1.2689393761115642
1.9896753472735358,0.9843656981248019,1.1696213333641783
2.0315632493213993,0.9843656981248019,1.0625944784759418
2.0734511513692637,0.9843656981248019,0.9486825270492503
2.1153390534171272,0.9843656981248019,0.8287876437914977
2.1572269554649912,0.9843656981248019,0.7038904425150597
2.1991148575128552,0.9843656981248019,0.5750499861373073
2.2410027595607191,0.9843656981248019,0.4434037866806006
2.2828906616085827,0.9843656981248019,0.3101678052722920
2.3247785636564471,0.9843656981248019,0.1766364521447179
2.3666664657043106,0.9843656981248019,0.0441825866352154
2.4085543677521750,0.9843656981248019,-0.1714849656277994
2.4504422698000385,0.9843656981248019,-0.4232179973106184
2.4923301718479025,0.9843656981248019,-0.6636175084734320
2.5342180738957665,0.9843656981248019,-0.8893101876016490
2.5761059759436304,0.9843656981248019,-1.0967658249707051
2.6179938779914940,0.9843656981248019,-1.2822973126460511
2.6598817800393584,0.9843656981248019,-1.4420606444831645
2.7017696820872219,0.9843656981248019,-1.5720549161275303
2.7436575841350863,0.9843656981248019,-1.6681223250146651
2.7855454861829498,0.9843656981248019,-1.7259481703700941
2.8274333882308138,0.9843656981248019,-1.7410608532093705
2.8693212902786778,0.9843656981248019,-1.7088318763380621
2.9112091923265417,0.9843656981248019,-1.6244758443517564
2.9530970943744053,0.9843656981248019,-1.4830504636360626
2.9949849964222697,0.9843656981248019,-1.2794565423666011
3.0368728984701332,0.9843656981248019,-1.0084379905090273
3.0787608005179976,0.9843656981248019,-0.6645818198189944
3.1206487025658611,0.9843656981248019,-0.2423181438422017
0.0209439510239320,1.0262536001726656,-0.2410024254516103
0.0628318530717960,1.0262536001726656,-0.6595138391008690
0.1047197551196597,1.0262536001726656,-0.9982294165857948
0.1466076571675237,1.0262536001726656,-1.2628433054094712
0.1884955592153876,1.0262536001726656,-1.4588892545537619
0.2303834612632514,1.0262536001726656,-1.5917406144793189
0.2722713633111153,1.0262536001726656,-1.6666103371255825
0.3141592653589793,1.0262536001726656,-1.6885509759107769
0.3560471674068433,1.0262536001726656,-1.6624546857319149
0.3979350694547070,1.0262536001726656,-1.5930532229647951
0.4398229715025710,1.0262536001726656,-1.4849179454640020
0.4817108735504350,1.0262536001726656,-1.3424598125629068
0.5235987755982989,1.0262536001726656,-1.1699293850736683
0.5654866776461627,1.0262536001726656,-0.9714168252872313
0.6073745796940266,1.0262536001726656,-0.7508518969733247
0.6492624817418906,1.0262536001726656,-0.5120039653804673
0.6911503837897545,1.0262536001726656,-0.2584819972359632
0.7330382858376183,1.0262536001726656,0.0031327196270487
0.7749261878854823,1.0262536001726656,0.1394750872024196
0.8168140899333461,1.0262536001726656,0.2782222185262980
0.8587019919812100,1.0262536001726656,0.4178904272774596
0.9005898940290740,1.0262536001726656,0.5570762263952866
0.9424777960769379,1.0262536001726656,0.6944563280797673
0.9843656981248019,1.0262536001726656,0.8287876437914971
1.0262536001726656,1.0262536001726656,0.9589072842516768
1.0681415022205296,1.0262536001726656,1.0837325594421177
1.1100294042683936,1.0262536001726656,1.2022609786052336
1.1519173063162575,1.0262536001726656,1.3135702502440474
1.1938052083641213,1.0262536001726656,1.4168182821221875
1.2356931104119853,1.0262536001726656,1.5112431812638907
1.2775810124598492,1.0262536001726656,1.5961632539539992
1.3194689145077132,1.0262536001726656,1.6709770057379627
1.3613568165555769,1.0262536001726656,1.7351631414218360
1.4032447186034409,1.0262536001726656,1.7882805650722835
1.4451326206513049,1.0262536001726656,1.8299683800165742
1.4870205226991688,1.0262536001726656,1.8599458888425842
1.5289084247470326,1.0262536001726656,1.8780125933987972
1.5707963267948966,1.0262536001726656,1.8840481947943031
1.6126842288427605,1.0262536001726656,1.8780125933987972
1.6545721308906245,1.0262536001726656,1.8599458888425842
1.6964600329384882,1.0262536001726656,1.8299683800165742
1.7383479349863524,1.0262536001726656,1.7882805650722833
1.7802358370342162,1.0262536001726656,1.7351631414218360
1.8221237390820799,1.0262536001726656,1.6709770057379627
1.8640116411299441,1.0262536001726656,1.5961632539539987
1.9058995431778079,1.0262536001726656,1.5112431812638907
1.9477874452256716,1.0262536001726656,1.4168182821221882
1.9896753472735358,1.0262536001726656,1.3135702502440467
2.0315632493213993,1.0262536001726656,1.2022609786052343
2.0734511513692637,1.0262536001726656,1.0837325594421170
2.1153390534171272,1.0262536001726656,0.9589072842516778
2.1572269554649912,1.0262536001726656,0.8287876437914971
2.1991148575128552,1.0262536001726656,0.6944563280797673
2.2410027595607191,1.0262536001726656,0.5570762263952866
2.2828906616085827,1.0262536001726656,0.4178904272774611
2.3247785636564471,1.0262536001726656,0.2782222185262975
2.3666664657043106,1.0262536001726656,0.1394750872024200
2.4085543677521750,1.0262536001726656,0.0031327196270478
2.4504422698000385,1.0262536001726656,-0.2584819972359623
2.4923301718479025,1.0262536001726656,-0.5120039653804673
2.5342180738957665,1.0262536001726656,-0.7508518969733247
2.5761059759436304,1.0262536001726656,-0.9714168252872313
2.6179938779914940,1.0262536001726656,-1.1699293850736676
2.6598817800393584,1.0262536001726656,-1.3424598125629084
2.7017696820872219,1.0262536001726656,-1.4849179454640016
2.7436575841350863,1.0262536001726656,-1.5930532229647960
2.7855454861829498,1.0262536001726656,-1.6624546857319149
2.8274333882308138,1.0262536001726656,-1.6885509759107769
2.8693212902786778,1.0262536001726656,-1.6666103371255825
2.9112091923265417,1.0262536001726656,-1.5917406144793189
2.9530970943744053,1.0262536001726656,-1.4588892545537633
2.9949849964222697,1.0262536001726656,-1.2628433054094701
3.0368728984701332,1.0262536001726656,-0.9982294165857966
3.0787608005179976,1.0262536001726656,-0.6595138391008650
3.1206487025658611,1.0262536001726656,-0.2410024254516103
0.0209439510239320,1.0681415022205296,-0.2395225896401866
0.0628318530717960,1.0681415022205296,-0.6540470635787752
0.1047197551196597,1.0681415022205296,-0.9875042542583820
0.1466076571675237,1.0681415022205296,-1.2457033657087231
0.1884955592153876,1.0681415022205296,-1.4342899624093766
0.2303834612632514,1.0681415022205296,-1.5587459692897898
0.2722713633111153,1.0681415022205296,-1.6243896717292774
0.3141592653589793,1.0681415022205296,-1.6363757155570209
0.3560471674068433,1.0681415022205296,-1.5996951070520695
0.3979350694547070,1.0681415022205296,-1.5191752129433398
0.4398229715025710,1.0681415022205296,-1.3994797604096147
0.4817108735504350,1.0681415022205296,-1.2451088370795449
0.5235987755982989,1.0681415022205296,-1.0603988910316489
0.5654866776461627,1.0681415022205296,-0.8495227307943124
0.6073745796940266,1.0681415022205296,-0.6164895253457860
0.6492624817418906,1.0681415022205296,-0.3651448041141908
0.6911503837897545,1.0681415022205296,-0.0991704569775136
0.7330382858376183,1.0681415022205296,0.0889576328681956
0.7749261878854823,1.0681415022205296,0.2313788766249019
0.8168140899333461,1.0681415022205296,0.3760830171675665
0.8587019919812100,1.0681415022205296,0.5215563886574618
0.9005898940290740,1.0681415022205296,0.6663671450309272
0.9424777960769379,1.0681415022205296,0.8091652599993664
0.9843656981248019,1.0681415022205296,0.9486825270492510
1.0262536001726656,1.0681415022205296,1.0837325594421177
1.0681415022205296,1.0681415022205296,1.2132107902145719
1.1100294042683936,1.0681415022205296,1.3360944721782828
1.1519173063162575,1.0681415022205296,1.4514426779199880
1.1938052083641213,1.0681415022205296,1.5583962998014889
1.2356931104119853,1.0681415022205296,1.6561780499596568
1.2775810124598492,1.0681415022205296,1.7440924603064261
1.3194689145077132,1.0681415022205296,1.8215258825287999
1.3613568165555769,1.0681415022205296,1.8879464880888457
1.4032447186034409,1.0681415022205296,1.9429042682237001
1.4451326206513049,1.0681415022205296,1.9860310339455629
1.4870205226991688,1.0681415022205296,2.0170404160417017
1.5289084247470326,1.0681415022205296,2.0357278650744521
1.5707963267948966,1.0681415022205296,2.0419706513812135
1.6126842288427605,1.0681415022205296,2.0357278650744521
1.6545721308906245,1.0681415022205296,2.0170404160417017
1.6964600329384882,1.0681415022205296,1.9860310339455629
1.7383479349863524,1.0681415022205296,1.9429042682236999
1.7802358370342162,1.0681415022205296,1.8879464880888457
1.8221237390820799,1.0681415022205296,1.8215258825287999
1.8640116411299441,1.0681415022205296,1.7440924603064258
1.9058995431778079,1.0681415022205296,1.6561780499596568
1.9477874452256716,1.0681415022205296,1.5583962998014895
1.9896753472735358,1.0681415022205296,1.4514426779199874
2.0315632493213993,1.0681415022205296,1.3360944721782837
2.0734511513692637,1.0681415022205296,1.2132107902145712
2.1153390534171272,1.0681415022205296,1.0837325594421185
2.1572269554649912,1.0681415022205296,0.9486825270492510
2.1991148575128552,1.0681415022205296,0.8091652599993664
2.2410027595607191,1.0681415022205296,0.6663671450309272
2.2828906616085827,1.0681415022205296,0.5215563886574636
2.3247785636564471,1.0681415022205296,0.3760830171675661
2.3666664657043106,1.0681415022205296,0.2313788766249024
2.4085543677521750,1.0681415022205296,0.0889576328681947
2.4504422698000385,1.0681415022205296,-0.0991704569775128
2.4923301718479025,1.0681415022205296,-0.3651448041141908
2.5342180738957665,1.0681415022205296,-0.6164895253457860
2.5761059759436304,1.0681415022205296,-0.8495227307943124
2.6179938779914940,1.0681415022205296,-1.0603988910316480
2.6598817800393584,1.0681415022205296,-1.2451088370795464
2.7017696820872219,1.0681415022205296,-1.3994797604096143
2.7436575841350863,1.0681415022205296,-1.5191752129433409
2.7855454861829498,1.0681415022205296,-1.5996951070520695
2.8274333882308138,1.0681415022205296,-1.6363757155570209
2.8693212902786778,1.0681415022205296,-1.6243896717292774
2.9112091923265417,1.0681415022205296,-1.5587459692897898
2.9530970943744053,1.0681415022205296,-1.4342899624093779
2.9949849964222697,1.0681415022205296,-1.2457033657087222
3.0368728984701332,1.0681415022205296,-0.9875042542583837
3.0787608005179976,1.0681415022205296,-0.6540470635787713
3.1206487025658611,1.0681415022205296,-0.2395225896401866
0.0209439510239320,1.1100294042683936,-0.2379390005715518
0.0628318530717960,1.1100294042683936,-0.6483601549718907
0.1047197551196597,1.1100294042683936,-0.9765562217725933
0.1466076571675237,1.1100294042683936,-1.2284422570078788
0.1884955592153876,1.1100294042683936,-1.4097666954152217
0.2303834612632514,1.1100294042683936,-1.5261113504353603
0.2722713633111153,1.1100294042683936,-1.5828914142122952
0.3141592653589793,1.1100294042683936,-1.5853554575932873
0.3560471674068433,1.1100294042683936,-1.5385854301288606
0.3979350694547070,1.1100294042683936,-1.4474966600727992
0.4398229715025710,1.1100294042683936,-1.3168378543821486
0.4817108735504350,1.1100294042683936,-1.1511910987172174
0.5235987755982989,1.1100294042683936,-0.9549718574415743
0.5654866776461627,1.1100294042683936,-0.7324289736220513
0.6073745796940266,1.1100294042683936,-0.4876446690287382
0.6492624817418906,1.1100294042683936,-0.2245345441349905
0.6911503837897545,1.1100294042683936,0.0265762109412883
0.7330382858376183,1.1100294042683936,0.1709169355720430
0.7749261878854823,1.1100294042683936,0.3190470335332005
0.8168140899333461,1.1100294042683936,0.4693419471815595
0.8587019919812100,1.1100294042683936,0.6202604295222898
0.9005898940290740,1.1100294042683936,0.7703445442089304
0.9424777960769379,1.1100294042683936,0.9182196655433885
0.9843656981248019,1.1100294042683936,1.0625944784759411
1.0262536001726656,1.1100294042683936,1.2022609786052336
1.0681415022205296,1.1100294042683936,1.3360944721782828
1.1100294042683936,1.1100294042683936,1.4630535760904728
1.1519173063162575,1.1100294042683936,1.5821802178855575
1.1938052083641213,1.1100294042683936,1.6925996357556590
1.2356931104119853,1.1100294042683936,1.7935203785412708
1.2775810124598492,1.1100294042683936,1.8842343057312541
1.3194689145077132,1.1100294042683936,1.9641165874628399
1.3613568165555769,1.1100294042683936,2.0326257045216272
1.4032447186034409,1.1100294042683936,2.0893034483415867
1.4451326206513049,1.1100294042683936,2.1337749210050561
1.4870205226991688,1.1100294042683936,2.1657485352427424
1.5289084247470326,1.1100294042683936,2.1850160144337236
1.5707963267948966,1.1100294042683936,2.1914523926054459
1.6126842288427605,1.1100294042683936,2.1850160144337236
1.6545721308906245,1.1100294042683936,2.1657485352427424
1.6964600329384882,1.1100294042683936,2.1337749210050561
1.7383479349863524,1.1100294042683936,2.0893034483415862
1.7802358370342162,1.1100294042683936,2.0326257045216272
1.8221237390820799,1.1100294042683936,1.9641165874628399
1.8640116411299441,1.1100294042683936,1.8842343057312538
1.9058995431778079,1.1100294042683936,1.7935203785412708
1.9477874452256716,1.1100294042683936,1.6925996357556596
1.9896753472735358,1.1100294042683936,1.5821802178855571
2.0315632493213993,1.1100294042683936,1.4630535760904737
2.0734511513692637,1.1100294042683936,1.3360944721782824
2.1153390534171272,1.1100294042683936,1.2022609786052345
2.1572269554649912,1.1100294042683936,1.0625944784759411
2.1991148575128552,1.1100294042683936,0.9182196655433885
2.2410027595607191,1.1100294042683936,0.7703445442089304
2.2828906616085827,1.1100294042683936,0.6202604295222914
2.3247785636564471,1.1100294042683936,0.4693419471815590
2.3666664657043106,1.1100294042683936,0.3190470335332010
2.4085543677521750,1.1100294042683936,0.1709169355720420
2.4504422698000385,1.1100294042683936,0.0265762109412887
2.4923301718479025,1.1100294042683936,-0.2245345441349905
2.5342180738957665,1.1100294042683936,-0.4876446690287382
2.5761059759436304,1.1100294042683936,-0.7324289736220513
2.6179938779914940,1.1100294042683936,-0.9549718574415734
2.6598817800393584,1.1100294042683936,-1.1511910987172189
2.7017696820872219,1.1100294042683936,-1.3168378543821484
2.7436575841350863,1.1100294042683936,-1.4474966600728003
2.7855454861829498,1.1100294042683936,-1.5385854301288606
2.8274333882308138,1.1100294042683936,-1.5853554575932873
2.8693212902786778,1.1100294042683936,-1.5828914142122952
2.9112091923265417,1.1100294042683936,-1.5261113504353603
2.9530970943744053,1.1100294042683936,-1.4097666954152228
2.9949849964222697,1.1100294042683936,-1.2284422570078777
3.0368728984701332,1.1100294042683936,-0.9765562217725949
3.0787608005179976,1.1100294042683936,-0.6483601549718868
3.1206487025658611,1.1100294042683936,-0.2379390005715518
0.0209439510239320,1.1519173063162575,-0.2363071932762369
0.0628318530717960,1.1519173063162575,-0.6426174820618550
0.1047197551196597,1.1519173063162575,-0.9656555399145713
0.1466076571675237,1.1519173063162575,-1.2114330703509770
0.1884955592153876,1.1519173063162575,-1.3857924331266267
0.2303834612632514,1.1519173063162575,-1.4944066442360457
0.2722713633111153,1.1519173063162575,-1.5427793759127313
0.3141592653589793,1.1519173063162575,-1.5362449566291463
0.3560471674068433,1.1519173063162575,-1.4799683710967257
0.3979350694547070,1.1519173063162575,-1.3789452602658736
0.4398229715025710,1.1519173063162575,-1.2380019213259621
0.4817108735504350,1.1519173063162575,-1.0617953077053333
0.5235987755982989,1.1519173063162575,-0.8548130290712992
0.5654866776461627,1.1519173063162575,-0.6213733513301418
0.6073745796940266,1.1519173063162575,-0.3656251966271094
0.6492624817418906,1.1519173063162575,-0.0915481433464230
0.6911503837897545,1.1519173063162575,0.0985237869443641
0.7330382858376183,1.1519173063162575,0.2482605321080933
0.7749261878854823,1.1519173063162575,0.4017003902674117
0.8168140899333461,1.1519173063162575,0.5571922597522706
0.8587019919812100,1.1519173063162575,0.7131697107731367
0.9005898940290740,1.1519173063162575,0.8681509854209932
0.9424777960769379,1.1519173063162575,1.0207389976673364
0.9843656981248019,1.1519173063162575,1.1696213333641790
1.0262536001726656,1.1519173063162575,1.3135702502440474
1.0681415022205296,1.1519173063162575,1.4514426779199880
1.1100294042683936,1.1519173063162575,1.5821802178855573
1.1519173063162575,1.1519173063162575,1.7048091435148305
1.1938052083641213,1.1519173063162575,1.8184404000623950
1.2356931104119853,1.1519173063162575,1.9222696046633572
1.2775810124598492,1.1519173063162575,2.0155770463333349
1.3194689145077132,1.1519173063162575,2.0977276859684655
1.3613568165555769,1.1519173063162575,2.1681711563453976
1.4032447186034409,1.1519173063162575,2.2264417621212980
1.4451326206513049,1.1519173063162575,2.2721584798338479
1.4870205226991688,1.1519173063162575,2.3050249579012427
1.5289084247470326,1.1519173063162575,2.3248295166221951
1.5707963267948966,1.1519173063162575,2.3314451481759320
1.6126842288427605,1.1519173063162575,2.3248295166221951
1.6545721308906245,1.1519173063162575,2.3050249579012427
1.6964600329384882,1.1519173063162575,2.2721584798338479
1.7383479349863524,1.1519173063162575,2.2264417621212980
1.7802358370342162,1.1519173063162575,2.1681711563453976
1.8221237390820799,1.1519173063162575,2.0977276859684655
1.8640116411299441,1.1519173063162575,2.0155770463333349
1.9058995431778079,1.1519173063162575,1.9222696046633572
1.9477874452256716,1.1519173063162575,1.8184404000623953
1.9896753472735358,1.1519173063162575,1.7048091435148298
2.0315632493213993,1.1519173063162575,1.5821802178855582
2.0734511513692637,1.1519173063162575,1.4514426779199874
2.1153390534171272,1.1519173063162575,1.3135702502440481
2.1572269554649912,1.1519173063162575,1.1696213333641790
2.1991148575128552,1.1519173063162575,1.0207389976673364
2.2410027595607191,1.1519173063162575,0.8681509854209932
2.2828906616085827,1.1519173063162575,0.7131697107731385
2.3247785636564471,1.1519173063162575,0.5571922597522700
2.3666664657043106,1.1519173063162575,0.4017003902674127
2.4085543677521750,1.1519173063162575,0.2482605321080923
2.4504422698000385,1.1519173063162575,0.0985237869443645
2.4923301718479025,1.1519173063162575,-0.0915481433464230
2.5342180738957665,1.1519173063162575,-0.3656251966271094
2.5761059759436304,1.1519173063162575,-0.6213733513301418
2.6179938779914940,1.1519173063162575,-0.8548130290712982
2.6598817800393584,1.1519173063162575,-1.0617953077053346
2.7017696820872219,1.1519173063162575,-1.2380019213259614
2.7436575841350863,1.1519173063162575,-1.3789452602658747
2.7855454861829498,1.1519173063162575,-1.4799683710967257
2.8274333882308138,1.1519173063162575,-1.5362449566291463
2.8693212902786778,1.1519173063162575,-1.5427793759127313
2.9112091923265417,1.1519173063162575,-1.4944066442360457
2.9530970943744053,1.1519173063162575,-1.3857924331266274
2.9949849964222697,1.1519173063162575,-1.2114330703509761
3.0368728984701332,1.1519173063162575,-0.9656555399145731
3.0787608005179976,1.1519173063162575,-0.6426174820618511
3.1206487025658611,1.1519173063162575,-0.2363071932762369
0.0209439510239320,1.1938052083641213,-0.2346778736516837
0.0628318530717960,1.1938052083641213,-0.6369691206927737
0.1047197551196597,1.1938052083641213,-0.9550489320107935
0.1466076571675237,1.1938052083641213,-1.1950164540825754
0.1884955592153876,1.1938052083641213,-1.3627990264419370
0.2303834612632514,1.1938052083641213,-1.4641521816796872
0.2722713633111153,1.1938052083641213,-1.5046596454436287
0.3141592653589793,1.1938052083641213,-1.4897333364385517
0.3560471674068433,1.1938052083641213,-1.4246133664262386
0.3979350694547070,1.1938052083641213,-1.3143680402254634
0.4398229715025710,1.1938052083641213,-1.1638938557119887
0.4817108735504350,1.1938052083641213,-0.9779155038185694
0.5235987755982989,1.1938052083641213,-0.7609858685349508
0.5654866776461627,1.1938052083641213,-0.5174860269078699
0.6073745796940266,1.1938052083641213,-0.2516252490410513
0.6492624817418906,1.1938052083641213,0.0162795009523930
0.6911503837897545,1.1938052083641213,0.1656005348559670
0.7330382858376183,1.1938052083641213,0.3203035525528471
0.7749261878854823,1.1938052083641213,0.4786275328771883
0.8168140899333461,1.1938052083641213,0.6388973581346500
0.8587019919812100,1.1938052083641213,0.7995238141023967
0.9005898940290740,1.1938052083641213,0.9590035900290986
0.9424777960769379,1.1938052083641213,1.1159192786349283
0.9843656981248019,1.1938052083641213,1.2689393761115639
1.0262536001726656,1.1938052083641213,1.4168182821221873
1.0681415022205296,1.1938052083641213,1.5583962998014889
1.1100294042683936,1.1938052083641213,1.6925996357556587
1.1519173063162575,1.1938052083641213,1.8184404000623948
1.1938052083641213,1.1938052083641213,1.9350166062708969
1.2356931104119853,1.1938052083641213,2.0415121714018727
1.2775810124598492,1.1938052083641213,2.1371969159475315
1.3194689145077132,1.1938052083641213,2.2214265638715900
1.3613568165555769,1.1938052083641213,2.2936427426092663
1.4032447186034409,1.1938052083641213,2.3533729830672869
1.4451326206513049,1.1938052083641213,2.4002307196238801
1.4870205226991688,1.1938052083641213,2.4339152901287791
1.5289084247470326,1.1938052083641213,2.4542119359032237
1.5707963267948966,1.1938052083641213,2.4609918017399561
1.6126842288427605,1.1938052083641213,2.4542119359032237
1.6545721308906245,1.1938052083641213,2.4339152901287791
1.6964600329384882,1.1938052083641213,2.4002307196238801
1.7383479349863524,1.1938052083641213,2.3533729830672869
1.7802358370342162,1.1938052083641213,2.2936427426092663
1.8221237390820799,1.1938052083641213,2.2214265638715900
1.8640116411299441,1.1938052083641213,2.1371969159475315
1.9058995431778079,1.1938052083641213,2.0415121714018727
1.9477874452256716,1.1938052083641213,1.9350166062708971
1.9896753472735358,1.1938052083641213,1.8184404000623942
2.0315632493213993,1.1938052083641213,1.6925996357556599
2.0734511513692637,1.1938052083641213,1.5583962998014884
2.1153390534171272,1.1938052083641213,1.4168182821221882
2.1572269554649912,1.1938052083641213,1.2689393761115639
2.1991148575128552,1.1938052083641213,1.1159192786349283
2.2410027595607191,1.1938052083641213,0.9590035900290986
2.2828906616085827,1.1938052083641213,0.7995238141023985
2.3247785636564471,1.1938052083641213,0.6388973581346495
2.3666664657043106,1.1938052083641213,0.4786275328771893
2.4085543677521750,1.1938052083641213,0.3203035525528462
2.4504422698000385,1.1938052083641213,0.1656005348559675
2.4923301718479025,1.1938052083641213,0.0162795009523930
2.5342180738957665,1.1938052083641213,-0.2516252490410513
2.5761059759436304,1.1938052083641213,-0.5174860269078699
2.6179938779914940,1.1938052083641213,-0.7609858685349498
2.6598817800393584,1.1938052083641213,-0.9779155038185711
2.7017696820872219,1.1938052083641213,-1.1638938557119882
2.7436575841350863,1.1938052083641213,-1.3143680402254647
2.7855454861829498,1.1938052083641213,-1.4246133664262386
2.8274333882308138,1.1938052083641213,-1.4897333364385517
2.8693212902786778,1.1938052083641213,-1.5046596454436287
2.9112091923265417,1.1938052083641213,-1.4641521816796872
2.9530970943744053,1.1938052083641213,-1.3627990264419374
2.9949849964222697,1.1938052083641213,-1.1950164540825747
3.0368728984701332,1.1938052083641213,-0.9550489320107951
3.0787608005179976,1.1938052083641213,-0.6369691206927698
3.1206487025658611,1.1938052083641213,-0.2346778736516837
0.0209439510239320,1.2356931104119853,-0.2330969184622440
0.0628318530717960,1.2356931104119853,-0.6315508537712184
0.1047197551196597,1.2356931104119853,-0.9449596239280726
0.1466076571675237,1.2356931104119853,-1.1795006138477495
0.1884955592153876,1.2356931104119853,-1.3411771976025115
0.2303834612632514,1.2356931104119853,-1.4358187384219492
0.2722713633111153,1.2356931104119853,-1.4690805886929799
0.3141592653589793,1.2356931104119853,-1.4464440899598436
0.3560471674068433,1.2356931104119853,-1.3732165729241086
0.3979350694547070,1.2356931104119853,-1.2545313574446688
0.4398229715025710,1.2356931104119853,-1.0953477525377413
0.4817108735504350,1.2356931104119853,-0.9004510563768718
0.5235987755982989,1.2356931104119853,-0.6744525562929300
0.5654866776461627,1.2356931104119853,-0.4217895287741124
0.6073745796940266,1.2356931104119853,-0.1467252394659386
0.6492624817418906,1.2356931104119853,0.0733255284143718
0.6911503837897545,1.2356931104119853,0.2272120580748803
0.7330382858376183,1.2356931104119853,0.3864263526898074
0.7749261878854823,1.2356931104119853,0.5491848011217413
0.8168140899333461,1.2356931104119853,0.7137907976546065
0.8587019919812100,1.2356931104119853,0.8786347419936653
0.9005898940290740,1.2356931104119853,1.0421940392655185
0.9424777960769379,1.2356931104119853,1.2030331000181020
0.9843656981248019,1.2356931104119853,1.3598033402206893
1.0262536001726656,1.2356931104119853,1.5112431812638905
1.0681415022205296,1.2356931104119853,1.6561780499596563
1.1100294042683936,1.2356931104119853,1.7935203785412708
1.1519173063162575,1.2356931104119853,1.9222696046633569
1.1938052083641213,1.2356931104119853,2.0415121714018727
1.2356931104119853,1.2356931104119853,2.1504215272541169
1.2775810124598492,1.2356931104119853,2.2482581261387220
1.3194689145077132,1.2356931104119853,2.3343694273956608
1.3613568165555769,1.2356931104119853,2.4081898957862409
1.4032447186034409,1.2356931104119853,2.4692410014931077
1.4451326206513049,1.2356931104119853,2.5171312201202451
1.4870205226991688,1.2356931104119853,2.5515560326929716
1.5289084247470326,1.2356931104119853,2.5722979256579444
1.5707963267948966,1.2356931104119853,2.5792263908831581
1.6126842288427605,1.2356931104119853,2.5722979256579444
1.6545721308906245,1.2356931104119853,2.5515560326929716
1.6964600329384882,1.2356931104119853,2.5171312201202451
1.7383479349863524,1.2356931104119853,2.4692410014931077
1.7802358370342162,1.2356931104119853,2.4081898957862409
1.8221237390820799,1.2356931104119853,2.3343694273956608
1.8640116411299441,1.2356931104119853,2.2482581261387220
1.9058995431778079,1.2356931104119853,2.1504215272541169
1.9477874452256716,1.2356931104119853,2.0415121714018727
1.9896753472735358,1.2356931104119853,1.9222696046633563
2.0315632493213993,1.2356931104119853,1.7935203785412717
2.0734511513692637,1.2356931104119853,1.6561780499596559
2.1153390534171272,1.2356931104119853,1.5112431812638916
2.1572269554649912,1.2356931104119853,1.3598033402206893
2.1991148575128552,1.2356931104119853,1.2030331000181020
2.2410027595607191,1.2356931104119853,1.0421940392655185
2.2828906616085827,1.2356931104119853,0.8786347419936672
2.3247785636564471,1.2356931104119853,0.7137907976546058
2.3666664657043106,1.2356931104119853,0.5491848011217421
2.4085543677521750,1.2356931104119853,0.3864263526898062
2.4504422698000385,1.2356931104119853,0.2272120580748807
2.4923301718479025,1.2356931104119853,0.0733255284143718
2.5342180738957665,1.2356931104119853,-0.1467252394659386
2.5761059759436304,1.2356931104119853,-0.4217895287741124
2.6179938779914940,1.2356931104119853,-0.6744525562929288
2.6598817800393584,1.2356931104119853,-0.9004510563768736
2.7017696820872219,1.2356931104119853,-1.0953477525377409
2.7436575841350863,1.2356931104119853,-1.2545313574446701
2.7855454861829498,1.2356931104119853,-1.3732165729241086
2.8274333882308138,1.2356931104119853,-1.4464440899598436
2.8693212902786778,1.2356931104119853,-1.4690805886929799
2.9112091923265417,1.2356931104119853,-1.4358187384219492
2.9530970943744053,1.2356931104119853,-1.3411771976025126
2.9949849964222697,1.2356931104119853,-1.1795006138477486
3.0368728984701332,1.2356931104119853,-0.9449596239280743
3.0787608005179976,1.2356931104119853,-0.6315508537712147
3.1206487025658611,1.2356931104119853,-0.2330969184622440
0.0209439510239320,1.2775810124598492,-0.2316053753391803
0.0628318530717960,1.2775810124598492,-0.6264841712662277
0.1047197551196597,1.2775810124598492,-0.9355873440735581
0.1466076571675237,1.2775810124598492,-1.1651613125920941
0.1884955592153876,1.2775810124598492,-1.3212765401927258
0.2303834612632514,1.2775810124598492,-1.4098275347863221
0.2722713633111153,1.2775810124598492,-1.4365328488237241
0.3141592653589793,1.2775810124598492,-1.4069350792957473
0.3560471674068433,1.2775810124598492,-1.3264008677331809
0.3979350694547070,1.2775810124598492,-1.2001209002067896
0.4398229715025710,1.2775810124598492,-1.0331099073273105
0.4817108735504350,1.2775810124598492,-0.8302066642454557
0.5235987755982989,1.2775810124598492,-0.5960739906519115
0.5654866776461627,1.2775810124598492,-0.3351987507773389
0.6073745796940266,1.2775810124598492,-0.0518918533923703
0.6492624817418906,1.2775810124598492,0.1248558740961924
0.6911503837897545,1.2775810124598492,0.2828265280631717
0.7330382858376183,1.2775810124598492,0.4460745140094748
0.7749261878854823,1.2775810124598492,0.6127962884698366
0.8168140899333461,1.2775810124598492,0.7812762857090036
0.8587019919812100,1.2775810124598492,0.9498869177217369
0.9005898940290740,1.2775810124598492,1.1170885742328109
0.9424777960769379,1.2775810124598492,1.2814296226970110
0.9843656981248019,1.2775810124598492,1.4415464082991369
1.0262536001726656,1.2775810124598492,1.5961632539539992
1.0681415022205296,1.2775810124598492,1.7440924603064261
1.1100294042683936,1.2775810124598492,1.8842343057312541
1.1519173063162575,1.2775810124598492,2.0155770463333349
1.1938052083641213,1.2775810124598492,2.1371969159475315
1.2356931104119853,1.2775810124598492,2.2482581261387224
1.2775810124598492,1.2775810124598492,2.3480128662017967
1.3194689145077132,1.2775810124598492,2.4358013031616572
1.3613568165555769,1.2775810124598492,2.5110515817732200
1.4032447186034409,1.2775810124598492,2.5732798245214141
1.4451326206513049,1.2775810124598492,2.6220901316211807
1.4870205226991688,1.2775810124598492,2.6571745810174749
1.5289084247470326,1.2775810124598492,2.6783132283852646
1.5707963267948966,1.2775810124598492,2.6853741071295305
1.6126842288427605,1.2775810124598492,2.6783132283852646
1.6545721308906245,1.2775810124598492,2.6571745810174749
1.6964600329384882,1.2775810124598492,2.6220901316211807
1.7383479349863524,1.2775810124598492,2.5732798245214137
1.7802358370342162,1.2775810124598492,2.5110515817732200
1.8221237390820799,1.2775810124598492,2.4358013031616572
1.8640116411299441,1.2775810124598492,2.3480128662017963
1.9058995431778079,1.2775810124598492,2.2482581261387224
1.9477874452256716,1.2775810124598492,2.1371969159475319
1.9896753472735358,1.2775810124598492,2.0155770463333345
2.0315632493213993,1.2775810124598492,1.8842343057312554
2.0734511513692637,1.2775810124598492,1.7440924603064256
2.1153390534171272,1.2775810124598492,1.5961632539540005
2.1572269554649912,1.2775810124598492,1.4415464082991369
2.1991148575128552,1.2775810124598492,1.2814296226970110
2.2410027595607191,1.2775810124598492,1.1170885742328109
2.2828906616085827,1.2775810124598492,0.9498869177217388
2.3247785636564471,1.2775810124598492,0.7812762857090032
2.3666664657043106,1.2775810124598492,0.6127962884698372
2.4085543677521750,1.2775810124598492,0.4460745140094737
2.4504422698000385,1.2775810124598492,0.2828265280631722
2.4923301718479025,1.2775810124598492,0.1248558740961924
2.5342180738957665,1.2775810124598492,-0.0518918533923703
2.5761059759436304,1.2775810124598492,-0.3351987507773389
2.6179938779914940,1.2775810124598492,-0.5960739906519102
2.6598817800393584,1.2775810124598492,-0.8302066642454574
2.7017696820872219,1.2775810124598492,-1.0331099073273098
2.7436575841350863,1.2775810124598492,-1.2001209002067910
2.7855454861829498,1.2775810124598492,-1.3264008677331809
2.8274333882308138,1.2775810124598492,-1.4069350792957473
2.8693212902786778,1.2775810124598492,-1.4365328488237241
2.9112091923265417,1.2775810124598492,-1.4098275347863221
2.9530970943744053,1.2775810124598492,-1.3212765401927267
2.9949849964222697,1.2775810124598492,-1.1651613125920930
3.0368728984701332,1.2775810124598492,-0.9355873440735597
3.0787608005179976,1.2775810124598492,-0.6264841712662240
3.1206487025658611,1.2775810124598492,-0.2316053753391803
0.0209439510239320,1.3194689145077132,-0.2302394627806648
0.0628318530717960,1.3194689145077132,-0.6218762702093051
0.1047197551196597,1.3194689145077132,-0.9271083233947329
0.1466076571675237,1.3194689145077132,-1.1522418705617201
0.1884955592153876,1.3194689145077132,-1.3034055191399689
0.2303834612632514,1.3194689145077132,-1.3865502357641197
0.2722713633111153,1.3194689145077132,-1.4074493462737510
0.3141592653589793,1.3194689145077132,-1.3716985357133735
0.3560471674068433,1.3194689145077132,-1.2847158483324372
0.3979350694547070,1.3194689145077132,-1.1517416875853275
0.4398229715025710,1.3194689145077132,-0.9778388161313644
0.4817108735504350,1.3194689145077132,-0.7678923558348055
0.5235987755982989,1.3194689145077132,-0.5266097877648444
0.5654866776461627,1.3194689145077132,-0.2585209521956114
0.6073745796940266,1.3194689145077132,0.0160109756969149
0.6492624817418906,1.3194689145077132,0.1704221821597385
0.6911503837897545,1.3194689145077132,0.3319746843461960
0.7330382858376183,1.3194689145077132,0.4987588437093506
0.7749261878854823,1.3194689145077132,0.6689538420997978
0.8168140899333461,1.3194689145077132,0.8408276817656637
0.8587019919812100,1.3194689145077132,1.0127371853526073
0.9005898940290740,1.3194689145077132,1.1831279959038212
0.9424777960769379,1.3194689145077132,1.3505345768600263
0.9843656981248019,1.3194689145077132,1.5135802120594783
1.0262536001726656,1.3194689145077132,1.6709770057379627
1.0681415022205296,1.3194689145077132,1.8215258825287999
1.1100294042683936,1.3194689145077132,1.9641165874628399
1.1519173063162575,1.3194689145077132,2.0977276859684655
1.1938052083641213,1.3194689145077132,2.2214265638715900
1.2356931104119853,1.3194689145077132,2.3343694273956617
1.2775810124598492,1.3194689145077132,2.4358013031616572
1.3194689145077132,1.3194689145077132,2.5250560381880884
1.3613568165555769,1.3194689145077132,2.6015562998909965
1.4032447186034409,1.3194689145077132,2.6648135760839571
1.4451326206513049,1.3194689145077132,2.7144281749780754
1.4870205226991688,1.3194689145077132,2.7500892251819895
1.5289084247470326,1.3194689145077132,2.7715746757018698
1.5707963267948966,1.3194689145077132,2.7787512959414187
1.6126842288427605,1.3194689145077132,2.7715746757018698
1.6545721308906245,1.3194689145077132,2.7500892251819895
1.6964600329384882,1.3194689145077132,2.7144281749780754
1.7383479349863524,1.3194689145077132,2.6648135760839566
1.7802358370342162,1.3194689145077132,2.6015562998909965
1.8221237390820799,1.3194689145077132,2.5250560381880884
1.8640116411299441,1.3194689145077132,2.4358013031616568
1.9058995431778079,1.3194689145077132,2.3343694273956617
1.9477874452256716,1.3194689145077132,2.2214265638715904
1.9896753472735358,1.3194689145077132,2.0977276859684650
2.0315632493213993,1.3194689145077132,1.9641165874628408
2.0734511513692637,1.3194689145077132,1.8215258825287992
2.1153390534171272,1.3194689145077132,1.6709770057379638
2.1572269554649912,1.3194689145077132,1.5135802120594783
2.1991148575128552,1.3194689145077132,1.3505345768600263
2.2410027595607191,1.3194689145077132,1.1831279959038212
2.2828906616085827,1.3194689145077132,1.0127371853526093
2.3247785636564471,1.3194689145077132,0.8408276817656631
2.3666664657043106,1.3194689145077132,0.6689538420997987
2.4085543677521750,1.3194689145077132,0.4987588437093495
2.4504422698000385,1.3194689145077132,0.3319746843461964
2.4923301718479025,1.3194689145077132,0.1704221821597385
2.5342180738957665,1.3194689145077132,0.0160109756969149
2.5761059759436304,1.3194689145077132,-0.2585209521956114
2.6179938779914940,1.3194689145077132,-0.5266097877648432
2.6598817800393584,1.3194689145077132,-0.7678923558348073
2.7017696820872219,1.3194689145077132,-0.9778388161313636
2.7436575841350863,1.3194689145077132,-1.1517416875853288
2.7855454861829498,1.3194689145077132,-1.2847158483324372
2.8274333882308138,1.3194689145077132,-1.3716985357133735
2.8693212902786778,1.3194689145077132,-1.4074493462737510
2.9112091923265417,1.3194689145077132,-1.3865502357641197
2.9530970943744053,1.3194689145077132,-1.3034055191399696
2.9949849964222697,1.3194689145077132,-1.1522418705617195
3.0368728984701332,1.3194689145077132,-0.9271083233947346
3.0787608005179976,1.3194689145077132,-0.6218762702093016
3.1206487025658611,1.3194689145077132,-0.2302394627806648
0.0209439510239320,1.3613568165555769,-0.2290305701517807
0.0628318530717960,1.3613568165555769,-0.6178200546944211
0.1047197551196597,1.3613568165555769,-0.9196752953794173
0.1466076571675237,1.3613568165555769,-1.1409531653032599
0.1884955592153876,1.3613568165555769,-1.2878314707146450
0.2303834612632514,1.3613568165555769,-1.3663089510144828
0.2722713633111153,1.3613568165555769,-1.3822052787558967
0.3141592653589793,1.3613568165555769,-1.3411610596442187
0.3560471674068433,1.3613568165555769,-1.2486378325369949
0.3979350694547070,1.3613568165555769,-1.1099180694439827
0.4398229715025710,1.3613568165555769,-0.9301051755271489
0.4817108735504350,1.3613568165555769,-0.7141234891006746
0.5235987755982989,1.3613568165555769,-0.4667182816309515
0.5654866776461627,1.3613568165555769,-0.1924557577365839
0.6073745796940266,1.3613568165555769,0.0521384724058080
0.6492624817418906,1.3613568165555769,0.2096358775453096
0.6911503837897545,1.3613568165555769,0.3742498345125938
0.7330382858376183,1.3613568165555769,0.5440553746939361
0.7749261878854823,1.3613568165555769,0.7172170628995057
0.8168140899333461,1.3613568165555769,0.8919889973633656
0.8587019919812100,1.3613568165555769,1.0667148097434733
0.9005898940290740,1.3613568165555769,1.2398276651216817
0.9424777960769379,1.3613568165555769,1.4098502620037361
0.9843656981248019,1.3613568165555769,1.5753948323192766
1.0262536001726656,1.3613568165555769,1.7351631414218360
1.0681415022205296,1.3613568165555769,1.8879464880888457
1.1100294042683936,1.3613568165555769,2.0326257045216272
1.1519173063162575,1.3613568165555769,2.1681711563453976
1.1938052083641213,1.3613568165555769,2.2936427426092663
1.2356931104119853,1.3613568165555769,2.4081898957862413
1.2775810124598492,1.3613568165555769,2.5110515817732195
1.3194689145077132,1.3613568165555769,2.6015562998909965
1.3613568165555769,1.3613568165555769,2.6791220828842586
1.4032447186034409,1.3613568165555769,2.7432564969215885
1.4451326206513049,1.3613568165555769,2.7935566415954631
1.4870205226991688,1.3613568165555769,2.8297091499222513
1.5289084247470326,1.3613568165555769,2.8514901883422183
1.5707963267948966,1.3613568165555769,2.8587654567195235
1.6126842288427605,1.3613568165555769,2.8514901883422183
1.6545721308906245,1.3613568165555769,2.8297091499222513
1.6964600329384882,1.3613568165555769,2.7935566415954631
1.7383479349863524,1.3613568165555769,2.7432564969215885
1.7802358370342162,1.3613568165555769,2.6791220828842586
1.8221237390820799,1.3613568165555769,2.6015562998909965
1.8640116411299441,1.3613568165555769,2.5110515817732191
1.9058995431778079,1.3613568165555769,2.4081898957862413
1.9477874452256716,1.3613568165555769,2.2936427426092671
1.9896753472735358,1.3613568165555769,2.1681711563453971
2.0315632493213993,1.3613568165555769,2.0326257045216281
2.0734511513692637,1.3613568165555769,1.8879464880888452
2.1153390534171272,1.3613568165555769,1.7351631414218367
2.1572269554649912,1.3613568165555769,1.5753948323192766
2.1991148575128552,1.3613568165555769,1.4098502620037361
2.2410027595607191,1.3613568165555769,1.2398276651216817
2.2828906616085827,1.3613568165555769,1.0667148097434753
2.3247785636564471,1.3613568165555769,0.8919889973633650
2.3666664657043106,1.3613568165555769,0.7172170628995066
2.4085543677521750,1.3613568165555769,0.5440553746939349
2.4504422698000385,1.3613568165555769,0.3742498345125944
2.4923301718479025,1.3613568165555769,0.2096358775453096
2.5342180738957665,1.3613568165555769,0.0521384724058080
2.5761059759436304,1.3613568165555769,-0.1924557577365839
2.6179938779914940,1.3613568165555769,-0.4667182816309503
2.6598817800393584,1.3613568165555769,-0.7141234891006764
2.7017696820872219,1.3613568165555769,-0.9301051755271481
2.7436575841350863,1.3613568165555769,-1.1099180694439839
2.7855454861829498,1.3613568165555769,-1.2486378325369949
2.8274333882308138,1.3613568165555769,-1.3411610596442187
2.8693212902786778,1.3613568165555769,-1.3822052787558967
2.9112091923265417,1.3613568165555769,-1.3663089510144828
2.9530970943744053,1.3613568165555769,-1.2878314707146454
2.9949849964222697,1.3613568165555769,-1.1409531653032587
3.0368728984701332,1.3613568165555769,-0.9196752953794189
3.0787608005179976,1.3613568165555769,-0.6178200546944175
3.1206487025658611,1.3613568165555769,-0.2290305701517807
0.0209439510239320,1.4032447186034409,-0.2280052576845211
0.0628318530717960,1.4032447186034409,-0.6143941358780119
0.1047197551196597,1.4032447186034409,-0.9134174960557661
0.1466076571675237,1.4032447186034409,-1.1314736316638614
0.1884955592153876,1.4032447186034409,-1.2747806025301718
0.2303834612632514,1.4032447186034409,-1.3493762348643736
0.2722713633111153,1.4032447186034409,-1.3611181212579453
0.3141592653589793,1.4032447186034409,-1.3156836206841629
0.3560471674068433,1.4032447186034409,-1.2185698584981060
0.3979350694547070,1.4032447186034409,-1.0750937264366540
0.4398229715025710,1.4032447186034409,-0.8903918826184858
0.4817108735504350,1.4032447186034409,-0.6694207515440826
0.5235987755982989,1.4032447186034409,-0.4169565240957261
0.5654866776461627,1.4032447186034409,-0.1375951575374989
0.6073745796940266,1.4032447186034409,0.0821238122423592
0.6492624817418906,1.4032447186034409,0.2421681659716204
0.6911503837897545,1.4032447186034409,0.4093078542142921
0.7330382858376183,1.4032447186034409,0.5816053655747321
0.7749261878854823,1.4032447186034409,0.7572133054663978
0.8168140899333461,1.4032447186034409,0.9343743961118454
0.8587019919812100,1.4032447186034409,1.1114214765427313
0.9005898940290740,1.4032447186034409,1.2867775025998134
0.9424777960769379,1.4032447186034409,1.4589555469329456
0.9843656981248019,1.4032447186034409,1.6265587990010844
1.0262536001726656,1.4032447186034409,1.7882805650722835
1.0681415022205296,1.4032447186034409,1.9429042682236997
1.1100294042683936,1.4032447186034409,2.0893034483415867
1.1519173063162575,1.4032447186034409,2.2264417621212980
1.1938052083641213,1.4032447186034409,2.3533729830672869
1.2356931104119853,1.4032447186034409,2.4692410014931081
1.2775810124598492,1.4032447186034409,2.5732798245214137
1.3194689145077132,1.4032447186034409,2.6648135760839571
1.3613568165555769,1.4032447186034409,2.7432564969215885
1.4032447186034409,1.4032447186034409,2.8081129445842623
1.4451326206513049,1.4032447186034409,2.8589773934310299
1.4870205226991688,1.4032447186034409,2.8955344346300405
1.5289084247470326,1.4032447186034409,2.9175587761585473
1.5707963267948966,1.4032447186034409,2.9249152428028999
1.6126842288427605,1.4032447186034409,2.9175587761585473
1.6545721308906245,1.4032447186034409,2.8955344346300405
1.6964600329384882,1.4032447186034409,2.8589773934310299
1.7383479349863524,1.4032447186034409,2.8081129445842623
1.7802358370342162,1.4032447186034409,2.7432564969215885
1.8221237390820799,1.4032447186034409,2.6648135760839571
1.8640116411299441,1.4032447186034409,2.5732798245214128
1.9058995431778079,1.4032447186034409,2.4692410014931081
1.9477874452256716,1.4032447186034409,2.3533729830672874
1.9896753472735358,1.4032447186034409,2.2264417621212975
2.0315632493213993,1.4032447186034409,2.0893034483415875
2.0734511513692637,1.4032447186034409,1.9429042682236992
2.1153390534171272,1.4032447186034409,1.7882805650722846
2.1572269554649912,1.4032447186034409,1.6265587990010844
2.1991148575128552,1.4032447186034409,1.4589555469329456
2.2410027595607191,1.4032447186034409,1.2867775025998134
2.2828906616085827,1.4032447186034409,1.1114214765427333
2.3247785636564471,1.4032447186034409,0.9343743961118447
2.3666664657043106,1.4032447186034409,0.7572133054663986
2.4085543677521750,1.4032447186034409,0.5816053655747309
2.4504422698000385,1.4032447186034409,0.4093078542142927
2.4923301718479025,1.4032447186034409,0.2421681659716204
2.5342180738957665,1.4032447186034409,0.0821238122423592
2.5761059759436304,1.4032447186034409,-0.1375951575374989
2.6179938779914940,1.4032447186034409,-0.4169565240957248
2.6598817800393584,1.4032447186034409,-0.6694207515440846
2.7017696820872219,1.4032447186034409,-0.8903918826184850
2.7436575841350863,1.4032447186034409,-1.0750937264366554
2.7855454861829498,1.4032447186034409,-1.2185698584981060
2.8274333882308138,1.4032447186034409,-1.3156836206841629
2.8693212902786778,1.4032447186034409,-1.3611181212579453
2.9112091923265417,1.4032447186034409,-1.3493762348643736
2.9530970943744053,1.4032447186034409,-1.2747806025301724
2.9949849964222697,1.4032447186034409,-1.1314736316638607
3.0368728984701332,1.4032447186034409,-0.9134174960557675
3.0787608005179976,1.4032447186034409,-0.6143941358780084
3.1206487025658611,1.4032447186034409,-0.2280052576845211
0.0209439510239320,1.4451326206513049,-0.2271852564777895
0.0628318530717960,1.4451326206513049,-0.6116628319789800
0.1047197551196597,1.4451326206513049,-0.9084406639922691
0.1466076571675237,1.4451326206513049,-1.1239492617911924
0.1884955592153876,1.4451326206513049,-1.2644379935429839
0.2303834612632514,1.4451326206513049,-1.3359750863085822
0.2722713633111153,1.4451326206513049,-1.3444476260426304
0.3141592653589793,1.4451326206513049,-1.2955615575934729
0.3560471674068433,1.4451326206513049,-1.1948416847031593
0.3979350694547070,1.4451326206513049,-1.0476316700074426
0.4398229715025710,1.4451326206513049,-0.8590940350357769
0.4817108735504350,1.4451326206513049,-0.6342101602113214
0.5235987755982989,1.4451326206513049,-0.3777802848509386
0.5654866776461627,1.4451326206513049,-0.0944235071651948
0.6073745796940266,1.4451326206513049,0.1057111078708215
0.6492624817418906,1.4451326206513049,0.2677500339358010
0.6911503837897545,1.4451326206513049,0.4368671871665033
0.7330382858376183,1.4451326206513049,0.6111153006702392
0.7749261878854823,1.4451326206513049,0.7886376781074678
0.8168140899333461,1.4451326206513049,0.9676681936917959
0.8587019919812100,1.4451326206513049,1.1465312921899791
0.9005898940290740,1.4451326206513049,1.3236419889219231
0.9424777960769379,1.4451326206513049,1.4975058697606780
0.9843656981248019,1.4451326206513049,1.6667190911324459
1.0262536001726656,1.4451326206513049,1.8299683800165742
1.0681415022205296,1.4451326206513049,1.9860310339455627
1.1100294042683936,1.4451326206513049,2.1337749210050556
1.1519173063162575,1.4451326206513049,2.2721584798338479
1.1938052083641213,1.4451326206513049,2.4002307196238801
1.2356931104119853,1.4451326206513049,2.5171312201202456
1.2775810124598492,1.4451326206513049,2.6220901316211802
1.3194689145077132,1.4451326206513049,2.7144281749780754
1.3613568165555769,1.4451326206513049,2.7935566415954631
1.4032447186034409,1.4451326206513049,2.8589773934310299
1.4451326206513049,1.4451326206513049,2.9102828629956079
1.4870205226991688,1.4451326206513049,2.9471560533531767
1.5289084247470326,1.4451326206513049,2.9693705381208662
1.5707963267948966,1.4451326206513049,2.9767904614689540
1.6126842288427605,1.4451326206513049,2.9693705381208662
1.6545721308906245,1.4451326206513049,2.9471560533531767
1.6964600329384882,1.4451326206513049,2.9102828629956079
1.7383479349863524,1.4451326206513049,2.8589773934310294
1.7802358370342162,1.4451326206513049,2.7935566415954631
1.8221237390820799,1.4451326206513049,2.7144281749780754
1.8640116411299441,1.4451326206513049,2.6220901316211802
1.9058995431778079,1.4451326206513049,2.5171312201202456
1.9477874452256716,1.4451326206513049,2.4002307196238801
1.9896753472735358,1.4451326206513049,2.2721584798338470
2.0315632493213993,1.4451326206513049,2.1337749210050569
2.0734511513692637,1.4451326206513049,1.9860310339455620
2.1153390534171272,1.4451326206513049,1.8299683800165754
2.1572269554649912,1.4451326206513049,1.6667190911324459
2.1991148575128552,1.4451326206513049,1.4975058697606780
2.2410027595607191,1.4451326206513049,1.3236419889219231
2.2828906616085827,1.4451326206513049,1.1465312921899811
2.3247785636564471,1.4451326206513049,0.9676681936917952
2.3666664657043106,1.4451326206513049,0.7886376781074688
2.4085543677521750,1.4451326206513049,0.6111153006702380
2.4504422698000385,1.4451326206513049,0.4368671871665039
2.4923301718479025,1.4451326206513049,0.2677500339358010
2.5342180738957665,1.4451326206513049,0.1057111078708215
2.5761059759436304,1.4451326206513049,-0.0944235071651948
2.6179938779914940,1.4451326206513049,-0.3777802848509373
2.6598817800393584,1.4451326206513049,-0.6342101602113233
2.7017696820872219,1.4451326206513049,-0.8590940350357761
2.7436575841350863,1.4451326206513049,-1.0476316700074442
2.7855454861829498,1.4451326206513049,-1.1948416847031593
2.8274333882308138,1.4451326206513049,-1.2955615575934729
2.8693212902786778,1.4451326206513049,-1.3444476260426304
2.9112091923265417,1.4451326206513049,-1.3359750863085822
2.9530970943744053,1.4451326206513049,-1.2644379935429848
2.9949849964222697,1.4451326206513049,-1.1239492617911917
3.0368728984701332,1.4451326206513049,-0.9084406639922705
3.0787608005179976,1.4451326206513049,-0.6116628319789764
3.1206487025658611,1.4451326206513049,-0.2271852564777895
0.0209439510239320,1.4870205226991688,-0.2265874684974001
0.0628318530717960,1.4870205226991688,-0.6096761682786941
0.1047197551196597,1.4870205226991688,-0.9048270402977532
0.1466076571675237,1.4870205226991688,-1.1184936051334395
0.1884955592153876,1.4870205226991688,-1.2569475940525296
0.2303834612632514,1.4870205226991688,-1.3262789490097215
0.2722713633111153,1.4870205226991688,-1.3323958226476331
0.3141592653589793,1.4870205226991688,-1.2810245782968004
0.3560471674068433,1.4870205226991688,-1.1777097899756803
0.3979350694547070,1.4870205226991688,-1.0278142423906491
0.4398229715025710,1.4870205226991688,-0.8365189309360003
0.4817108735504350,1.4870205226991688,-0.6088230616939497
0.5235987755982989,1.4870205226991688,-0.3495440514346315
0.5654866776461627,1.4870205226991688,-0.0633175276161003
0.6073745796940266,1.4870205226991688,0.1227013358078367
0.6492624817418906,1.4870205226991688,0.2861722487133976
0.6911503837897545,1.4870205226991688,0.4567088451477267
0.7330382858376183,1.4870205226991688,0.6323568900059583
0.7749261878854823,1.4870205226991688,0.8112530428392675
0.8168140899333461,1.4870205226991688,0.9916248578548679
0.8587019919812100,1.4870205226991688,1.1717907839160149
0.9005898940290740,1.4870205226991688,1.3501601645420049
0.9424777960769379,1.4870205226991688,1.5252332379081723
0.9843656981248019,1.4870205226991688,1.6956011368458941
1.0262536001726656,1.4870205226991688,1.8599458888425842
1.0681415022205296,1.4870205226991688,2.0170404160417021
1.1100294042683936,1.4870205226991688,2.1657485352427424
1.1519173063162575,1.4870205226991688,2.3050249579012427
1.1938052083641213,1.4870205226991688,2.4339152901287795
1.2356931104119853,1.4870205226991688,2.5515560326929716
1.2775810124598492,1.4870205226991688,2.6571745810174749
1.3194689145077132,1.4870205226991688,2.7500892251819891
1.3613568165555769,1.4870205226991688,2.8297091499222513
1.4032447186034409,1.4870205226991688,2.8955344346300405
1.4451326206513049,1.4870205226991688,2.9471560533531771
1.4870205226991688,1.4870205226991688,2.9842558747955161
1.5289084247470326,1.4870205226991688,3.0066066623169614
1.5707963267948966,1.4870205226991688,3.0140720739334492
1.6126842288427605,1.4870205226991688,3.0066066623169614
1.6545721308906245,1.4870205226991688,2.9842558747955161
1.6964600329384882,1.4870205226991688,2.9471560533531771
1.7383479349863524,1.4870205226991688,2.8955344346300405
1.7802358370342162,1.4870205226991688,2.8297091499222513
1.8221237390820799,1.4870205226991688,2.7500892251819891
1.8640116411299441,1.4870205226991688,2.6571745810174745
1.9058995431778079,1.4870205226991688,2.5515560326929716
1.9477874452256716,1.4870205226991688,2.4339152901287804
1.9896753472735358,1.4870205226991688,2.3050249579012423
2.0315632493213993,1.4870205226991688,2.1657485352427437
2.0734511513692637,1.4870205226991688,2.0170404160417017
2.1153390534171272,1.4870205226991688,1.8599458888425857
2.1572269554649912,1.4870205226991688,1.6956011368458941
2.1991148575128552,1.4870205226991688,1.5252332379081723
2.2410027595607191,1.4870205226991688,1.3501601645420049
2.2828906616085827,1.4870205226991688,1.1717907839160169
2.3247785636564471,1.4870205226991688,0.9916248578548672
2.3666664657043106,1.4870205226991688,0.8112530428392684
2.4085543677521750,1.4870205226991688,0.6323568900059572
2.4504422698000385,1.4870205226991688,0.4567088451477273
2.4923301718479025,1.4870205226991688,0.2861722487133976
2.5342180738957665,1.4870205226991688,0.1227013358078367
2.5761059759436304,1.4870205226991688,-0.0633175276161003
2.6179938779914940,1.4870205226991688,-0.3495440514346302
2.6598817800393584,1.4870205226991688,-0.6088230616939516
2.7017696820872219,1.4870205226991688,-0.8365189309359995
2.7436575841350863,1.4870205226991688,-1.0278142423906504
2.7855454861829498,1.4870205226991688,-1.1777097899756803
2.8274333882308138,1.4870205226991688,-1.2810245782968004
2.8693212902786778,1.4870205226991688,-1.3323958226476331
2.9112091923265417,1.4870205226991688,-1.3262789490097215
2.9530970943744053,1.4870205226991688,-1.2569475940525303
2.9949849964222697,1.4870205226991688,-1.1184936051334389
3.0368728984701332,1.4870205226991688,-0.9048270402977547
3.0787608005179976,1.4870205226991688,-0.6096761682786904
3.1206487025658611,1.4870205226991688,-0.2265874684974001
0.0209439510239320,1.5289084247470326,-0.2262239665760766
0.0628318530717960,1.5289084247470326,-0.6084698771209884
0.1047197551196597,1.5289084247470326,-0.9026353686213788
0.1466076571675237,1.5289084247470326,-1.1151877684393059
0.1884955592153876,1.5289084247470326,-1.2524122257012718
0.2303834612632514,1.5289084247470326,-1.3204117112982299
0.2722713633111153,1.5289084247470326,-1.3251070178855830
0.3141592653589793,1.5289084247470326,-1.2722367598831825
0.3560471674068433,1.5289084247470326,-1.1673573734753289
0.3979350694547070,1.5289084247470326,-1.0158431166107729
0.4398229715025710,1.5289084247470326,-0.8228860690027123
0.4817108735504350,1.5289084247470326,-0.5934961321287959
0.5235987755982989,1.5289084247470326,-0.3325010292311212
0.5654866776461627,1.5289084247470326,-0.0445463053162357
0.6073745796940266,1.5289084247470326,0.1329523364224337
0.6492624817418906,1.5289084247470326,0.2972853583583708
0.6911503837897545,1.5289084247470326,0.4686764079997465
0.7330382858376183,1.5289084247470326,0.6451670693143895
0.7749261878854823,1.5289084247470326,0.8248900153879036
0.8168140899333461,1.5289084247470326,1.0060690084236679
0.8587019919812100,1.5289084247470326,1.1870188997428364
0.9005898940290740,1.5289084247470326,1.3661456297843415
0.9424777960769379,1.5289084247470326,1.5419462281048868
0.9843656981248019,1.5289084247470326,1.7130088133789538
1.0262536001726656,1.5289084247470326,1.8780125933987972
1.0681415022205296,1.5289084247470326,2.0357278650744521
1.1100294042683936,1.5289084247470326,2.1850160144337236
1.1519173063162575,1.5289084247470326,2.3248295166221951
1.1938052083641213,1.5289084247470326,2.4542119359032242
1.2356931104119853,1.5289084247470326,2.5722979256579444
1.2775810124598492,1.5289084247470326,2.6783132283852646
1.3194689145077132,1.5289084247470326,2.7715746757018693
1.3613568165555769,1.5289084247470326,2.8514901883422188
1.4032447186034409,1.5289084247470326,2.9175587761585469
1.4451326206513049,1.5289084247470326,2.9693705381208666
1.4870205226991688,1.5289084247470326,3.0066066623169609
1.5289084247470326,1.5289084247470326,3.0290394259523929
1.5707963267948966,1.5289084247470326,3.0365321953504996
1.6126842288427605,1.5289084247470326,3.0290394259523929
1.6545721308906245,1.5289084247470326,3.0066066623169609
1.6964600329384882,1.5289084247470326,2.9693705381208666
1.7383479349863524,1.5289084247470326,2.9175587761585469
1.7802358370342162,1.5289084247470326,2.8514901883422188
1.8221237390820799,1.5289084247470326,2.7715746757018693
1.8640116411299441,1.5289084247470326,2.6783132283852642
1.9058995431778079,1.5289084247470326,2.5722979256579444
1.9477874452256716,1.5289084247470326,2.4542119359032242
1.9896753472735358,1.5289084247470326,2.3248295166221946
2.0315632493213993,1.5289084247470326,2.1850160144337245
2.0734511513692637,1.5289084247470326,2.0357278650744517
2.1153390534171272,1.5289084247470326,1.8780125933987983
2.1572269554649912,1.5289084247470326,1.7130088133789538
2.1991148575128552,1.5289084247470326,1.5419462281048868
2.2410027595607191,1.5289084247470326,1.3661456297843415
2.2828906616085827,1.5289084247470326,1.1870188997428386
2.3247785636564471,1.5289084247470326,1.0060690084236672
2.3666664657043106,1.5289084247470326,0.8248900153879045
2.4085543677521750,1.5289084247470326,0.6451670693143883
2.4504422698000385,1.5289084247470326,0.4686764079997471
2.4923301718479025,1.5289084247470326,0.2972853583583708
2.5342180738957665,1.5289084247470326,0.1329523364224337
2.5761059759436304,1.5289084247470326,-0.0445463053162357
2.6179938779914940,1.5289084247470326,-0.3325010292311198
2.6598817800393584,1.5289084247470326,-0.5934961321287977
2.7017696820872219,1.5289084247470326,-0.8228860690027114
2.7436575841350863,1.5289084247470326,-1.0158431166107742
2.7855454861829498,1.5289084247470326,-1.1673573734753289
2.8274333882308138,1.5289084247470326,-1.2722367598831825
2.8693212902786778,1.5289084247470326,-1.3251070178855830
2.9112091923265417,1.5289084247470326,-1.3204117112982299
2.9530970943744053,1.5289084247470326,-1.2524122257012726
2.9949849964222697,1.5289084247470326,-1.1151877684393052
3.0368728984701332,1.5289084247470326,-0.9026353686213803
3.0787608005179976,1.5289084247470326,-0.6084698771209849
3.1206487025658611,1.5289084247470326,-0.2262239665760766
0.0209439510239320,1.5707963267948966,-0.2261019944134539
0.0628318530717960,1.5707963267948966,-0.6080653979121643
0.1047197551196597,1.5707963267948966,-0.9019008951526433
0.1466076571675237,1.5707963267948966,-1.1140804157580144
0.1884955592153876,1.5707963267948966,-1.2508935814746884
0.2303834612632514,1.5707963267948966,-1.3184477061723698
0.2722713633111153,1.5707963267948966,-1.3226677958440578
0.3141592653589793,1.5707963267948966,-1.2692965486060404
0.3560471674068433,1.5707963267948966,-1.1638943546979010
0.3979350694547070,1.5707963267948966,-1.0118392964825140
0.4398229715025710,1.5707963267948966,-0.8183271484460457
0.4817108735504350,1.5707963267948966,-0.5883713771979558
0.5235987755982989,1.5707963267948966,-0.3268031414709964
0.5654866776461627,1.5707963267948966,-0.0382712921212125
0.6073745796940266,1.5707963267948966,0.1363788139360309
0.6492624817418906,1.5707963267948966,0.3009996917030979
0.6911503837897545,1.5707963267948966,0.4726760236276343
0.7330382858376183,1.5707963267948966,0.6494480000350332
0.7749261878854823,1.5707963267948966,0.8294469651890422
0.8168140899333461,1.5707963267948966,1.0108954172917606
0.8587019919812100,1.5707963267948966,1.1921070084836438
0.9005898940290740,1.5707963267948966,1.3714865448435016
0.9424777960769379,1.5707963267948966,1.5475299863884941
0.9843656981248019,1.5707963267948966,1.7188244470741383
1.0262536001726656,1.5707963267948966,1.8840481947943026
1.0681415022205296,1.5707963267948966,2.0419706513812130
1.1100294042683936,1.5707963267948966,2.1914523926054454
1.1519173063162575,1.5707963267948966,2.3314451481759315
1.1938052083641213,1.5707963267948966,2.4609918017399561
1.2356931104119853,1.5707963267948966,2.5792263908831581
1.2775810124598492,1.5707963267948966,2.6853741071295301
1.3194689145077132,1.5707963267948966,2.7787512959414182
1.3613568165555769,1.5707963267948966,2.8587654567195235
1.4032447186034409,1.5707963267948966,2.9249152428028991
1.4451326206513049,1.5707963267948966,2.9767904614689544
1.4870205226991688,1.5707963267948966,3.0140720739334492
1.5289084247470326,1.5707963267948966,3.0365321953505000
1.5707963267948966,1.5707963267948966,3.0440340948125755
1.6126842288427605,1.5707963267948966,3.0365321953505000
1.6545721308906245,1.5707963267948966,3.0140720739334488
1.6964600329384882,1.5707963267948966,2.9767904614689544
1.7383479349863524,1.5707963267948966,2.9249152428028991
1.7802358370342162,1.5707963267948966,2.8587654567195235
1.8221237390820799,1.5707963267948966,2.7787512959414182
1.8640116411299441,1.5707963267948966,2.6853741071295296
1.9058995431778079,1.5707963267948966,2.5792263908831581
1.9477874452256716,1.5707963267948966,2.4609918017399566
1.9896753472735358,1.5707963267948966,2.3314451481759315
2.0315632493213993,1.5707963267948966,2.1914523926054468
2.0734511513692637,1.5707963267948966,2.0419706513812126
2.1153390534171272,1.5707963267948966,1.8840481947943035
2.1572269554649912,1.5707963267948966,1.7188244470741383
2.1991148575128552,1.5707963267948966,1.5475299863884941
2.2410027595607191,1.5707963267948966,1.3714865448435016
2.2828906616085827,1.5707963267948966,1.1921070084836460
2.3247785636564471,1.5707963267948966,1.0108954172917601
2.3666664657043106,1.5707963267948966,0.8294469651890428
2.4085543677521750,1.5707963267948966,0.6494480000350320
2.4504422698000385,1.5707963267948966,0.4726760236276348
2.4923301718479025,1.5707963267948966,0.3009996917030979
2.5342180738957665,1.5707963267948966,0.1363788139360309
2.5761059759436304,1.5707963267948966,-0.0382712921212125
2.6179938779914940,1.5707963267948966,-0.3268031414709951
2.6598817800393584,1.5707963267948966,-0.5883713771979576
2.7017696820872219,1.5707963267948966,-0.8183271484460448
2.7436575841350863,1.5707963267948966,-1.0118392964825154
2.7855454861829498,1.5707963267948966,-1.1638943546979010
2.8274333882308138,1.5707963267948966,-1.2692965486060404
2.8693212902786778,1.5707963267948966,-1.3226677958440578
2.9112091923265417,1.5707963267948966,-1.3184477061723698
2.9530970943744053,1.5707963267948966,-1.2508935814746889
2.9949849964222697,1.5707963267948966,-1.1140804157580138
3.0368728984701332,1.5707963267948966,-0.9019008951526448
3.0787608005179976,1.5707963267948966,-0.6080653979121607
3.1206487025658611,1.5707963267948966,-0.2261019944134539
0.0209439510239320,1.6126842288427605,-0.2262239665760766
0.0628318530717960,1.6126842288427605,-0.6084698771209884
0.1047197551196597,1.6126842288427605,-0.9026353686213787
0.1466076571675237,1.6126842288427605,-1.1151877684393059
0.1884955592153876,1.6126842288427605,-1.2524122257012720
0.2303834612632514,1.6126842288427605,-1.3204117112982299
0.2722713633111153,1.6126842288427605,-1.3251070178855833
0.3141592653589793,1.6126842288427605,-1.2722367598831825
0.3560471674068433,1.6126842288427605,-1.1673573734753289
0.3979350694547070,1.6126842288427605,-1.0158431166107729
0.4398229715025710,1.6126842288427605,-0.8228860690027123
0.4817108735504350,1.6126842288427605,-0.5934961321287959
0.5235987755982989,1.6126842288427605,-0.3325010292311212
0.5654866776461627,1.6126842288427605,-0.0445463053162357
0.6073745796940266,1.6126842288427605,0.1329523364224337
0.6492624817418906,1.6126842288427605,0.2972853583583708
0.6911503837897545,1.6126842288427605,0.4686764079997465
0.7330382858376183,1.6126842288427605,0.6451670693143895
0.7749261878854823,1.6126842288427605,0.8248900153879037
0.8168140899333461,1.6126842288427605,1.0060690084236679
0.8587019919812100,1.6126842288427605,1.1870188997428366
0.9005898940290740,1.6126842288427605,1.3661456297843415
0.9424777960769379,1.6126842288427605,1.5419462281048868
0.9843656981248019,1.6126842288427605,1.7130088133789538
1.0262536001726656,1.6126842288427605,1.8780125933987970
1.0681415022205296,1.6126842288427605,2.0357278650744521
1.1100294042683936,1.6126842288427605,2.1850160144337236
1.1519173063162575,1.6126842288427605,2.3248295166221951
1.1938052083641213,1.6126842288427605,2.4542119359032242
1.2356931104119853,1.6126842288427605,2.5722979256579448
1.2775810124598492,1.6126842288427605,2.6783132283852646
1.3194689145077132,1.6126842288427605,2.7715746757018693
1.3613568165555769,1.6126842288427605,2.8514901883422183
1.4032447186034409,1.6126842288427605,2.9175587761585473
1.4451326206513049,1.6126842288427605,2.9693705381208666
1.4870205226991688,1.6126842288427605,3.0066066623169609
1.5289084247470326,1.6126842288427605,3.0290394259523929
1.5707963267948966,1.6126842288427605,3.0365321953505000
1.6126842288427605,1.6126842288427605,3.0290394259523929
1.6545721308906245,1.6126842288427605,3.0066066623169609
1.6964600329384882,1.6126842288427605,2.9693705381208666
1.7383479349863524,1.6126842288427605,2.9175587761585473
1.7802358370342162,1.6126842288427605,2.8514901883422183
1.8221237390820799,1.6126842288427605,2.7715746757018693
1.8640116411299441,1.6126842288427605,2.6783132283852642
1.9058995431778079,1.6126842288427605,2.5722979256579448
1.9477874452256716,1.6126842288427605,2.4542119359032242
1.9896753472735358,1.6126842288427605,2.3248295166221946
2.0315632493213993,1.6126842288427605,2.1850160144337245
2.0734511513692637,1.6126842288427605,2.0357278650744517
2.1153390534171272,1.6126842288427605,1.8780125933987983
2.1572269554649912,1.6126842288427605,1.7130088133789538
2.1991148575128552,1.6126842288427605,1.5419462281048868
2.2410027595607191,1.6126842288427605,1.3661456297843415
2.2828906616085827,1.6126842288427605,1.1870188997428386
2.3247785636564471,1.6126842288427605,1.0060690084236672
2.3666664657043106,1.6126842288427605,0.8248900153879045
2.4085543677521750,1.6126842288427605,0.6451670693143883
2.4504422698000385,1.6126842288427605,0.4686764079997470
2.4923301718479025,1.6126842288427605,0.2972853583583708
2.5342180738957665,1.6126842288427605,0.1329523364224337
2.5761059759436304,1.6126842288427605,-0.0445463053162357
2.6179938779914940,1.6126842288427605,-0.3325010292311198
2.6598817800393584,1.6126842288427605,-0.5934961321287978
2.7017696820872219,1.6126842288427605,-0.8228860690027114
2.7436575841350863,1.6126842288427605,-1.0158431166107744
2.7855454861829498,1.6126842288427605,-1.1673573734753289
2.8274333882308138,1.6126842288427605,-1.2722367598831825
2.8693212902786778,1.6126842288427605,-1.3251070178855833
2.9112091923265417,1.6126842288427605,-1.3204117112982299
2.9530970943744053,1.6126842288427605,-1.2524122257012726
2.9949849964222697,1.6126842288427605,-1.1151877684393050
3.0368728984701332,1.6126842288427605,-0.9026353686213804
3.0787608005179976,1.6126842288427605,-0.6084698771209849
3.1206487025658611,1.6126842288427605,-0.2262239665760766
0.0209439510239320,1.6545721308906245,-0.2265874684974000
0.0628318530717960,1.6545721308906245,-0.6096761682786940
0.1047197551196597,1.6545721308906245,-0.9048270402977530
0.1466076571675237,1.6545721308906245,-1.1184936051334398
0.1884955592153876,1.6545721308906245,-1.2569475940525296
0.2303834612632514,1.6545721308906245,-1.3262789490097213
0.2722713633111153,1.6545721308906245,-1.3323958226476331
0.3141592653589793,1.6545721308906245,-1.2810245782968004
0.3560471674068433,1.6545721308906245,-1.1777097899756803
0.3979350694547070,1.6545721308906245,-1.0278142423906489
0.4398229715025710,1.6545721308906245,-0.8365189309360003
0.4817108735504350,1.6545721308906245,-0.6088230616939497
0.5235987755982989,1.6545721308906245,-0.3495440514346315
0.5654866776461627,1.6545721308906245,-0.0633175276161003
0.6073745796940266,1.6545721308906245,0.1227013358078365
0.6492624817418906,1.6545721308906245,0.2861722487133974
0.6911503837897545,1.6545721308906245,0.4567088451477265
0.7330382858376183,1.6545721308906245,0.6323568900059581
0.7749261878854823,1.6545721308906245,0.8112530428392671
0.8168140899333461,1.6545721308906245,0.9916248578548676
0.8587019919812100,1.6545721308906245,1.1717907839160147
0.9005898940290740,1.6545721308906245,1.3501601645420049
0.9424777960769379,1.6545721308906245,1.5252332379081726
0.9843656981248019,1.6545721308906245,1.6956011368458941
1.0262536001726656,1.6545721308906245,1.8599458888425842
1.0681415022205296,1.6545721308906245,2.0170404160417017
1.1100294042683936,1.6545721308906245,2.1657485352427424
1.1519173063162575,1.6545721308906245,2.3050249579012427
1.1938052083641213,1.6545721308906245,2.4339152901287795
1.2356931104119853,1.6545721308906245,2.5515560326929716
1.2775810124598492,1.6545721308906245,2.6571745810174749
1.3194689145077132,1.6545721308906245,2.7500892251819891
1.3613568165555769,1.6545721308906245,2.8297091499222513
1.4032447186034409,1.6545721308906245,2.8955344346300409
1.4451326206513049,1.6545721308906245,2.9471560533531767
1.4870205226991688,1.6545721308906245,2.9842558747955166
1.5289084247470326,1.6545721308906245,3.0066066623169609
1.5707963267948966,1.6545721308906245,3.0140720739334488
1.6126842288427605,1.6545721308906245,3.0066066623169609
1.6545721308906245,1.6545721308906245,2.9842558747955166
1.6964600329384882,1.6545721308906245,2.9471560533531767
1.7383479349863524,1.6545721308906245,2.8955344346300405
1.7802358370342162,1.6545721308906245,2.8297091499222513
1.8221237390820799,1.6545721308906245,2.7500892251819891
1.8640116411299441,1.6545721308906245,2.6571745810174745
1.9058995431778079,1.6545721308906245,2.5515560326929716
1.9477874452256716,1.6545721308906245,2.4339152901287799
1.9896753472735358,1.6545721308906245,2.3050249579012423
2.0315632493213993,1.6545721308906245,2.1657485352427432
2.0734511513692637,1.6545721308906245,2.0170404160417013
2.1153390534171272,1.6545721308906245,1.8599458888425855
2.1572269554649912,1.6545721308906245,1.6956011368458941
2.1991148575128552,1.6545721308906245,1.5252332379081726
2.2410027595607191,1.6545721308906245,1.3501601645420049
2.2828906616085827,1.6545721308906245,1.1717907839160167
2.3247785636564471,1.6545721308906245,0.9916248578548669
2.3666664657043106,1.6545721308906245,0.8112530428392681
2.4085543677521750,1.6545721308906245,0.6323568900059570
2.4504422698000385,1.6545721308906245,0.4567088451477270
2.4923301718479025,1.6545721308906245,0.2861722487133974
2.5342180738957665,1.6545721308906245,0.1227013358078365
2.5761059759436304,1.6545721308906245,-0.0633175276161003
2.6179938779914940,1.6545721308906245,-0.3495440514346302
2.6598817800393584,1.6545721308906245,-0.6088230616939516
2.7017696820872219,1.6545721308906245,-0.8365189309359995
2.7436575841350863,1.6545721308906245,-1.0278142423906504
2.7855454861829498,1.6545721308906245,-1.1777097899756803
2.8274333882308138,1.6545721308906245,-1.2810245782968004
2.8693212902786778,1.6545721308906245,-1.3323958226476331
2.9112091923265417,1.6545721308906245,-1.3262789490097213
2.9530970943744053,1.6545721308906245,-1.2569475940525301
2.9949849964222697,1.6545721308906245,-1.1184936051334389
3.0368728984701332,1.6545721308906245,-0.9048270402977546
3.0787608005179976,1.6545721308906245,-0.6096761682786904
3.1206487025658611,1.6545721308906245,-0.2265874684974000
0.0209439510239320,1.6964600329384882,-0.2271852564777895
0.0628318530717960,1.6964600329384882,-0.6116628319789800
0.1047197551196597,1.6964600329384882,-0.9084406639922691
0.1466076571675237,1.6964600329384882,-1.1239492617911926
0.1884955592153876,1.6964600329384882,-1.2644379935429839
0.2303834612632514,1.6964600329384882,-1.3359750863085822
0.2722713633111153,1.6964600329384882,-1.3444476260426304
0.3141592653589793,1.6964600329384882,-1.2955615575934729
0.3560471674068433,1.6964600329384882,-1.1948416847031593
0.3979350694547070,1.6964600329384882,-1.0476316700074426
0.4398229715025710,1.6964600329384882,-0.8590940350357769
0.4817108735504350,1.6964600329384882,-0.6342101602113214
0.5235987755982989,1.6964600329384882,-0.3777802848509386
0.5654866776461627,1.6964600329384882,-0.0944235071651948
0.6073745796940266,1.6964600329384882,0.1057111078708215
0.6492624817418906,1.6964600329384882,0.2677500339358011
0.6911503837897545,1.6964600329384882,0.4368671871665033
0.7330382858376183,1.6964600329384882,0.6111153006702392
0.7749261878854823,1.6964600329384882,0.7886376781074678
0.8168140899333461,1.6964600329384882,0.9676681936917959
0.8587019919812100,1.6964600329384882,1.1465312921899791
0.9005898940290740,1.6964600329384882,1.3236419889219229
0.9424777960769379,1.6964600329384882,1.4975058697606780
0.9843656981248019,1.6964600329384882,1.6667190911324459
1.0262536001726656,1.6964600329384882,1.8299683800165742
1.0681415022205296,1.6964600329384882,1.9860310339455627
1.1100294042683936,1.6964600329384882,2.1337749210050556
1.1519173063162575,1.6964600329384882,2.2721584798338479
1.1938052083641213,1.6964600329384882,2.4002307196238801
1.2356931104119853,1.6964600329384882,2.5171312201202451
1.2775810124598492,1.6964600329384882,2.6220901316211807
1.3194689145077132,1.6964600329384882,2.7144281749780750
1.3613568165555769,1.6964600329384882,2.7935566415954631
1.4032447186034409,1.6964600329384882,2.8589773934310299
1.4451326206513049,1.6964600329384882,2.9102828629956075
1.4870205226991688,1.6964600329384882,2.9471560533531762
1.5289084247470326,1.6964600329384882,2.9693705381208662
1.5707963267948966,1.6964600329384882,2.9767904614689544
1.6126842288427605,1.6964600329384882,2.9693705381208662
1.6545721308906245,1.6964600329384882,2.9471560533531762
1.6964600329384882,1.6964600329384882,2.9102828629956075
1.7383479349863524,1.6964600329384882,2.8589773934310294
1.7802358370342162,1.6964600329384882,2.7935566415954631
1.8221237390820799,1.6964600329384882,2.7144281749780750
1.8640116411299441,1.6964600329384882,2.6220901316211807
1.9058995431778079,1.6964600329384882,2.5171312201202451
1.9477874452256716,1.6964600329384882,2.4002307196238806
1.9896753472735358,1.6964600329384882,2.2721584798338470
2.0315632493213993,1.6964600329384882,2.1337749210050569
2.0734511513692637,1.6964600329384882,1.9860310339455620
2.1153390534171272,1.6964600329384882,1.8299683800165754
2.1572269554649912,1.6964600329384882,1.6667190911324459
2.1991148575128552,1.6964600329384882,1.4975058697606780
2.2410027595607191,1.6964600329384882,1.3236419889219229
2.2828906616085827,1.6964600329384882,1.1465312921899811
2.3247785636564471,1.6964600329384882,0.9676681936917952
2.3666664657043106,1.6964600329384882,0.7886376781074685
2.4085543677521750,1.6964600329384882,0.6111153006702380
2.4504422698000385,1.6964600329384882,0.4368671871665039
2.4923301718479025,1.6964600329384882,0.2677500339358011
2.5342180738957665,1.6964600329384882,0.1057111078708215
2.5761059759436304,1.6964600329384882,-0.0944235071651948
2.6179938779914940,1.6964600329384882,-0.3777802848509372
2.6598817800393584,1.6964600329384882,-0.6342101602113233
2.7017696820872219,1.6964600329384882,-0.8590940350357761
2.7436575841350863,1.6964600329384882,-1.0476316700074439
2.7855454861829498,1.6964600329384882,-1.1948416847031593
2.8274333882308138,1.6964600329384882,-1.2955615575934729
2.8693212902786778,1.6964600329384882,-1.3444476260426304
2.9112091923265417,1.6964600329384882,-1.3359750863085822
2.9530970943744053,1.6964600329384882,-1.2644379935429848
2.9949849964222697,1.6964600329384882,-1.1239492617911917
3.0368728984701332,1.6964600329384882,-0.9084406639922705
3.0787608005179976,1.6964600329384882,-0.6116628319789763
3.1206487025658611,1.6964600329384882,-0.2271852564777895
0.0209439510239320,1.7383479349863524,-0.2280052576845211
0.0628318530717960,1.7383479349863524,-0.6143941358780119
0.1047197551196597,1.7383479349863524,-0.9134174960557659
0.1466076571675237,1.7383479349863524,-1.1314736316638614
0.1884955592153876,1.7383479349863524,-1.2747806025301718
0.2303834612632514,1.7383479349863524,-1.3493762348643736
0.2722713633111153,1.7383479349863524,-1.3611181212579451
0.3141592653589793,1.7383479349863524,-1.3156836206841627
0.3560471674068433,1.7383479349863524,-1.2185698584981057
0.3979350694547070,1.7383479349863524,-1.0750937264366540
0.4398229715025710,1.7383479349863524,-0.8903918826184858
0.4817108735504350,1.7383479349863524,-0.6694207515440826
0.5235987755982989,1.7383479349863524,-0.4169565240957261
0.5654866776461627,1.7383479349863524,-0.1375951575374989
0.6073745796940266,1.7383479349863524,0.0821238122423590
0.6492624817418906,1.7383479349863524,0.2421681659716202
0.6911503837897545,1.7383479349863524,0.4093078542142919
0.7330382858376183,1.7383479349863524,0.5816053655747319
0.7749261878854823,1.7383479349863524,0.7572133054663975
0.8168140899333461,1.7383479349863524,0.9343743961118451
0.8587019919812100,1.7383479349863524,1.1114214765427310
0.9005898940290740,1.7383479349863524,1.2867775025998129
0.9424777960769379,1.7383479349863524,1.4589555469329456
0.9843656981248019,1.7383479349863524,1.6265587990010844
1.0262536001726656,1.7383479349863524,1.7882805650722828
1.0681415022205296,1.7383479349863524,1.9429042682236994
1.1100294042683936,1.7383479349863524,2.0893034483415862
1.1519173063162575,1.7383479349863524,2.2264417621212980
1.1938052083641213,1.7383479349863524,2.3533729830672869
1.2356931104119853,1.7383479349863524,2.4692410014931081
1.2775810124598492,1.7383479349863524,2.5732798245214137
1.3194689145077132,1.7383479349863524,2.6648135760839562
1.3613568165555769,1.7383479349863524,2.7432564969215885
1.4032447186034409,1.7383479349863524,2.8081129445842627
1.4451326206513049,1.7383479349863524,2.8589773934310294
1.4870205226991688,1.7383479349863524,2.8955344346300409
1.5289084247470326,1.7383479349863524,2.9175587761585473
1.5707963267948966,1.7383479349863524,2.9249152428028995
1.6126842288427605,1.7383479349863524,2.9175587761585473
1.6545721308906245,1.7383479349863524,2.8955344346300405
1.6964600329384882,1.7383479349863524,2.8589773934310294
1.7383479349863524,1.7383479349863524,2.8081129445842623
1.7802358370342162,1.7383479349863524,2.7432564969215885
1.8221237390820799,1.7383479349863524,2.6648135760839562
1.8640116411299441,1.7383479349863524,2.5732798245214132
1.9058995431778079,1.7383479349863524,2.4692410014931081
1.9477874452256716,1.7383479349863524,2.3533729830672874
1.9896753472735358,1.7383479349863524,2.2264417621212975
2.0315632493213993,1.7383479349863524,2.0893034483415871
2.0734511513692637,1.7383479349863524,1.9429042682236988
2.1153390534171272,1.7383479349863524,1.7882805650722844
2.1572269554649912,1.7383479349863524,1.6265587990010844
2.1991148575128552,1.7383479349863524,1.4589555469329456
2.2410027595607191,1.7383479349863524,1.2867775025998129
2.2828906616085827,1.7383479349863524,1.1114214765427330
2.3247785636564471,1.7383479349863524,0.9343743961118445
2.3666664657043106,1.7383479349863524,0.7572133054663983
2.4085543677521750,1.7383479349863524,0.5816053655747307
2.4504422698000385,1.7383479349863524,0.4093078542142924
2.4923301718479025,1.7383479349863524,0.2421681659716202
2.5342180738957665,1.7383479349863524,0.0821238122423590
2.5761059759436304,1.7383479349863524,-0.1375951575374989
2.6179938779914940,1.7383479349863524,-0.4169565240957248
2.6598817800393584,1.7383479349863524,-0.6694207515440845
2.7017696820872219,1.7383479349863524,-0.8903918826184850
2.7436575841350863,1.7383479349863524,-1.0750937264366554
2.7855454861829498,1.7383479349863524,-1.2185698584981057
2.8274333882308138,1.7383479349863524,-1.3156836206841627
2.8693212902786778,1.7383479349863524,-1.3611181212579451
2.9112091923265417,1.7383479349863524,-1.3493762348643736
2.9530970943744053,1.7383479349863524,-1.2747806025301722
2.9949849964222697,1.7383479349863524,-1.1314736316638607
3.0368728984701332,1.7383479349863524,-0.9134174960557674
3.0787608005179976,1.7383479349863524,-0.6143941358780084
3.1206487025658611,1.7383479349863524,-0.2280052576845211
0.0209439510239320,1.7802358370342162,-0.2290305701517807
0.0628318530717960,1.7802358370342162,-0.6178200546944210
0.1047197551196597,1.7802358370342162,-0.9196752953794173
0.1466076571675237,1.7802358370342162,-1.1409531653032596
0.1884955592153876,1.7802358370342162,-1.2878314707146450
0.2303834612632514,1.7802358370342162,-1.3663089510144826
0.2722713633111153,1.7802358370342162,-1.3822052787558965
0.3141592653589793,1.7802358370342162,-1.3411610596442187
0.3560471674068433,1.7802358370342162,-1.2486378325369949
0.3979350694547070,1.7802358370342162,-1.1099180694439825
0.4398229715025710,1.7802358370342162,-0.9301051755271489
0.4817108735504350,1.7802358370342162,-0.7141234891006747
0.5235987755982989,1.7802358370342162,-0.4667182816309515
0.5654866776461627,1.7802358370342162,-0.1924557577365839
0.6073745796940266,1.7802358370342162,0.0521384724058080
0.6492624817418906,1.7802358370342162,0.2096358775453096
0.6911503837897545,1.7802358370342162,0.3742498345125939
0.7330382858376183,1.7802358370342162,0.5440553746939361
0.7749261878854823,1.7802358370342162,0.7172170628995058
0.8168140899333461,1.7802358370342162,0.8919889973633656
0.8587019919812100,1.7802358370342162,1.0667148097434733
0.9005898940290740,1.7802358370342162,1.2398276651216817
0.9424777960769379,1.7802358370342162,1.4098502620037361
0.9843656981248019,1.7802358370342162,1.5753948323192766
1.0262536001726656,1.7802358370342162,1.7351631414218360
1.0681415022205296,1.7802358370342162,1.8879464880888457
1.1100294042683936,1.7802358370342162,2.0326257045216272
1.1519173063162575,1.7802358370342162,2.1681711563453976
1.1938052083641213,1.7802358370342162,2.2936427426092663
1.2356931104119853,1.7802358370342162,2.4081898957862413
1.2775810124598492,1.7802358370342162,2.5110515817732195
1.3194689145077132,1.7802358370342162,2.6015562998909965
1.3613568165555769,1.7802358370342162,2.6791220828842586
1.4032447186034409,1.7802358370342162,2.7432564969215885
1.4451326206513049,1.7802358370342162,2.7935566415954636
1.4870205226991688,1.7802358370342162,2.8297091499222509
1.5289084247470326,1.7802358370342162,2.8514901883422183
1.5707963267948966,1.7802358370342162,2.8587654567195235
1.6126842288427605,1.7802358370342162,2.8514901883422183
1.6545721308906245,1.7802358370342162,2.8297091499222509
1.6964600329384882,1.7802358370342162,2.7935566415954636
1.7383479349863524,1.7802358370342162,2.7432564969215885
1.7802358370342162,1.7802358370342162,2.6791220828842586
1.8221237390820799,1.7802358370342162,2.6015562998909965
1.8640116411299441,1.7802358370342162,2.5110515817732191
1.9058995431778079,1.7802358370342162,2.4081898957862413
1.9477874452256716,1.7802358370342162,2.2936427426092671
1.9896753472735358,1.7802358370342162,2.1681711563453971
2.0315632493213993,1.7802358370342162,2.0326257045216281
2.0734511513692637,1.7802358370342162,1.8879464880888452
2.1153390534171272,1.7802358370342162,1.7351631414218369
2.1572269554649912,1.7802358370342162,1.5753948323192766
2.1991148575128552,1.7802358370342162,1.4098502620037361
2.2410027595607191,1.7802358370342162,1.2398276651216817
2.2828906616085827,1.7802358370342162,1.0667148097434753
2.3247785636564471,1.7802358370342162,0.8919889973633650
2.3666664657043106,1.7802358370342162,0.7172170628995066
2.4085543677521750,1.7802358370342162,0.5440553746939349
2.4504422698000385,1.7802358370342162,0.3742498345125944
2.4923301718479025,1.7802358370342162,0.2096358775453096
2.5342180738957665,1.7802358370342162,0.0521384724058080
2.5761059759436304,1.7802358370342162,-0.1924557577365839
2.6179938779914940,1.7802358370342162,-0.4667182816309502
2.6598817800393584,1.7802358370342162,-0.7141234891006765
2.7017696820872219,1.7802358370342162,-0.9301051755271482
2.7436575841350863,1.7802358370342162,-1.1099180694439841
2.7855454861829498,1.7802358370342162,-1.2486378325369949
2.8274333882308138,1.7802358370342162,-1.3411610596442187
2.8693212902786778,1.7802358370342162,-1.3822052787558965
2.9112091923265417,1.7802358370342162,-1.3663089510144826
2.9530970943744053,1.7802358370342162,-1.2878314707146454
2.9949849964222697,1.7802358370342162,-1.1409531653032587
3.0368728984701332,1.7802358370342162,-0.9196752953794188
3.0787608005179976,1.7802358370342162,-0.6178200546944176
3.1206487025658611,1.7802358370342162,-0.2290305701517807
0.0209439510239320,1.8221237390820799,-0.2302394627806648
0.0628318530717960,1.8221237390820799,-0.6218762702093051
0.1047197551196597,1.8221237390820799,-0.9271083233947329
0.1466076571675237,1.8221237390820799,-1.1522418705617201
0.1884955592153876,1.8221237390820799,-1.3034055191399689
0.2303834612632514,1.8221237390820799,-1.3865502357641197
0.2722713633111153,1.8221237390820799,-1.4074493462737507
0.3141592653589793,1.8221237390820799,-1.3716985357133735
0.3560471674068433,1.8221237390820799,-1.2847158483324372
0.3979350694547070,1.8221237390820799,-1.1517416875853275
0.4398229715025710,1.8221237390820799,-0.9778388161313643
0.4817108735504350,1.8221237390820799,-0.7678923558348054
0.5235987755982989,1.8221237390820799,-0.5266097877648444
0.5654866776461627,1.8221237390820799,-0.2585209521956114
0.6073745796940266,1.8221237390820799,0.0160109756969149
0.6492624817418906,1.8221237390820799,0.1704221821597385
0.6911503837897545,1.8221237390820799,0.3319746843461959
0.7330382858376183,1.8221237390820799,0.4987588437093506
0.7749261878854823,1.8221237390820799,0.6689538420997978
0.8168140899333461,1.8221237390820799,0.8408276817656637
0.8587019919812100,1.8221237390820799,1.0127371853526073
0.9005898940290740,1.8221237390820799,1.1831279959038212
0.9424777960769379,1.8221237390820799,1.3505345768600265
0.9843656981248019,1.8221237390820799,1.5135802120594783
1.0262536001726656,1.8221237390820799,1.6709770057379627
1.0681415022205296,1.8221237390820799,1.8215258825287999
1.1100294042683936,1.8221237390820799,1.9641165874628399
1.1519173063162575,1.8221237390820799,2.0977276859684655
1.1938052083641213,1.8221237390820799,2.2214265638715900
1.2356931104119853,1.8221237390820799,2.3343694273956617
1.2775810124598492,1.8221237390820799,2.4358013031616572
1.3194689145077132,1.8221237390820799,2.5250560381880884
1.3613568165555769,1.8221237390820799,2.6015562998909965
1.4032447186034409,1.8221237390820799,2.6648135760839571
1.4451326206513049,1.8221237390820799,2.7144281749780754
1.4870205226991688,1.8221237390820799,2.7500892251819891
1.5289084247470326,1.8221237390820799,2.7715746757018698
1.5707963267948966,1.8221237390820799,2.7787512959414187
1.6126842288427605,1.8221237390820799,2.7715746757018698
1.6545721308906245,1.8221237390820799,2.7500892251819891
1.6964600329384882,1.8221237390820799,2.7144281749780754
1.7383479349863524,1.8221237390820799,2.6648135760839566
1.7802358370342162,1.8221237390820799,2.6015562998909965
1.8221237390820799,1.8221237390820799,2.5250560381880884
1.8640116411299441,1.8221237390820799,2.4358013031616568
1.9058995431778079,1.8221237390820799,2.3343694273956617
1.9477874452256716,1.8221237390820799,2.2214265638715904
1.9896753472735358,1.8221237390820799,2.0977276859684646
2.0315632493213993,1.8221237390820799,1.9641165874628408
2.0734511513692637,1.8221237390820799,1.8215258825287992
2.1153390534171272,1.8221237390820799,1.6709770057379638
2.1572269554649912,1.8221237390820799,1.5135802120594783
2.1991148575128552,1.8221237390820799,1.3505345768600265
2.2410027595607191,1.8221237390820799,1.1831279959038212
2.2828906616085827,1.8221237390820799,1.0127371853526093
2.3247785636564471,1.8221237390820799,0.8408276817656631
2.3666664657043106,1.8221237390820799,0.6689538420997987
2.4085543677521750,1.8221237390820799,0.4987588437093495
2.4504422698000385,1.8221237390820799,0.3319746843461964
2.4923301718479025,1.8221237390820799,0.1704221821597385
2.5342180738957665,1.8221237390820799,0.0160109756969149
2.5761059759436304,1.8221237390820799,-0.2585209521956114
2.6179938779914940,1.8221237390820799,-0.5266097877648432
2.6598817800393584,1.8221237390820799,-0.7678923558348072
2.7017696820872219,1.8221237390820799,-0.9778388161313636
2.7436575841350863,1.8221237390820799,-1.1517416875853288
2.7855454861829498,1.8221237390820799,-1.2847158483324372
2.8274333882308138,1.8221237390820799,-1.3716985357133735
2.8693212902786778,1.8221237390820799,-1.4074493462737507
2.9112091923265417,1.8221237390820799,-1.3865502357641197
2.9530970943744053,1.8221237390820799,-1.3034055191399696
2.9949849964222697,1.8221237390820799,-1.1522418705617195
3.0368728984701332,1.8221237390820799,-0.9271083233947346
3.0787608005179976,1.8221237390820799,-0.6218762702093016
3.1206487025658611,1.8221237390820799,-0.2302394627806648
0.0209439510239320,1.8640116411299441,-0.2316053753391802
0.0628318530717960,1.8640116411299441,-0.6264841712662277
0.1047197551196597,1.8640116411299441,-0.9355873440735580
0.1466076571675237,1.8640116411299441,-1.1651613125920939
0.1884955592153876,1.8640116411299441,-1.3212765401927262
0.2303834612632514,1.8640116411299441,-1.4098275347863223
0.2722713633111153,1.8640116411299441,-1.4365328488237243
0.3141592653589793,1.8640116411299441,-1.4069350792957476
0.3560471674068433,1.8640116411299441,-1.3264008677331813
0.3979350694547070,1.8640116411299441,-1.2001209002067905
0.4398229715025710,1.8640116411299441,-1.0331099073273111
0.4817108735504350,1.8640116411299441,-0.8302066642454563
0.5235987755982989,1.8640116411299441,-0.5960739906519120
0.5654866776461627,1.8640116411299441,-0.3351987507773397
0.6073745796940266,1.8640116411299441,-0.0518918533923711
0.6492624817418906,1.8640116411299441,0.1248558740961921
0.6911503837897545,1.8640116411299441,0.2828265280631714
0.7330382858376183,1.8640116411299441,0.4460745140094746
0.7749261878854823,1.8640116411299441,0.6127962884698362
0.8168140899333461,1.8640116411299441,0.7812762857090034
0.8587019919812100,1.8640116411299441,0.9498869177217367
0.9005898940290740,1.8640116411299441,1.1170885742328105
0.9424777960769379,1.8640116411299441,1.2814296226970108
0.9843656981248019,1.8640116411299441,1.4415464082991363
1.0262536001726656,1.8640116411299441,1.5961632539539987
1.0681415022205296,1.8640116411299441,1.7440924603064258
1.1100294042683936,1.8640116411299441,1.8842343057312538
1.1519173063162575,1.8640116411299441,2.0155770463333349
1.1938052083641213,1.8640116411299441,2.1371969159475310
1.2356931104119853,1.8640116411299441,2.2482581261387220
1.2775810124598492,1.8640116411299441,2.3480128662017958
1.3194689145077132,1.8640116411299441,2.4358013031616568
1.3613568165555769,1.8640116411299441,2.5110515817732191
1.4032447186034409,1.8640116411299441,2.5732798245214132
1.4451326206513049,1.8640116411299441,2.6220901316211807
1.4870205226991688,1.8640116411299441,2.6571745810174745
1.5289084247470326,1.8640116411299441,2.6783132283852642
1.5707963267948966,1.8640116411299441,2.6853741071295301
1.6126842288427605,1.8640116411299441,2.6783132283852642
1.6545721308906245,1.8640116411299441,2.6571745810174745
1.6964600329384882,1.8640116411299441,2.6220901316211807
1.7383479349863524,1.8640116411299441,2.5732798245214132
1.7802358370342162,1.8640116411299441,2.5110515817732191
1.8221237390820799,1.8640116411299441,2.4358013031616568
1.8640116411299441,1.8640116411299441,2.3480128662017954
1.9058995431778079,1.8640116411299441,2.2482581261387220
1.9477874452256716,1.8640116411299441,2.1371969159475315
1.9896753472735358,1.8640116411299441,2.0155770463333345
2.0315632493213993,1.8640116411299441,1.8842343057312547
2.0734511513692637,1.8640116411299441,1.7440924603064252
2.1153390534171272,1.8640116411299441,1.5961632539539996
2.1572269554649912,1.8640116411299441,1.4415464082991363
2.1991148575128552,1.8640116411299441,1.2814296226970108
2.2410027595607191,1.8640116411299441,1.1170885742328105
2.2828906616085827,1.8640116411299441,0.9498869177217386
2.3247785636564471,1.8640116411299441,0.7812762857090028
2.3666664657043106,1.8640116411299441,0.6127962884698371
2.4085543677521750,1.8640116411299441,0.4460745140094734
2.4504422698000385,1.8640116411299441,0.2828265280631719
2.4923301718479025,1.8640116411299441,0.1248558740961921
2.5342180738957665,1.8640116411299441,-0.0518918533923711
2.5761059759436304,1.8640116411299441,-0.3351987507773397
2.6179938779914940,1.8640116411299441,-0.5960739906519109
2.6598817800393584,1.8640116411299441,-0.8302066642454580
2.7017696820872219,1.8640116411299441,-1.0331099073273105
2.7436575841350863,1.8640116411299441,-1.2001209002067916
2.7855454861829498,1.8640116411299441,-1.3264008677331813
2.8274333882308138,1.8640116411299441,-1.4069350792957476
2.8693212902786778,1.8640116411299441,-1.4365328488237243
2.9112091923265417,1.8640116411299441,-1.4098275347863223
2.9530970943744053,1.8640116411299441,-1.3212765401927271
2.9949849964222697,1.8640116411299441,-1.1651613125920930
3.0368728984701332,1.8640116411299441,-0.9355873440735596
3.0787608005179976,1.8640116411299441,-0.6264841712662240
3.1206487025658611,1.8640116411299441,-0.2316053753391802
0.0209439510239320,1.9058995431778079,-0.2330969184622440
0.0628318530717960,1.9058995431778079,-0.6315508537712184
0.1047197551196597,1.9058995431778079,-0.9449596239280726
0.1466076571675237,1.9058995431778079,-1.1795006138477493
0.1884955592153876,1.9058995431778079,-1.3411771976025118
0.2303834612632514,1.9058995431778079,-1.4358187384219494
0.2722713633111153,1.9058995431778079,-1.4690805886929799
0.3141592653589793,1.9058995431778079,-1.4464440899598434
0.3560471674068433,1.9058995431778079,-1.3732165729241086
0.3979350694547070,1.9058995431778079,-1.2545313574446686
0.4398229715025710,1.9058995431778079,-1.0953477525377415
0.4817108735504350,1.9058995431778079,-0.9004510563768717
0.5235987755982989,1.9058995431778079,-0.6744525562929299
0.5654866776461627,1.9058995431778079,-0.4217895287741125
0.6073745796940266,1.9058995431778079,-0.1467252394659386
0.6492624817418906,1.9058995431778079,0.0733255284143718
0.6911503837897545,1.9058995431778079,0.2272120580748802
0.7330382858376183,1.9058995431778079,0.3864263526898074
0.7749261878854823,1.9058995431778079,0.5491848011217412
0.8168140899333461,1.9058995431778079,0.7137907976546065
0.8587019919812100,1.9058995431778079,0.8786347419936653
0.9005898940290740,1.9058995431778079,1.0421940392655185
0.9424777960769379,1.9058995431778079,1.2030331000181020
0.9843656981248019,1.9058995431778079,1.3598033402206893
1.0262536001726656,1.9058995431778079,1.5112431812638907
1.0681415022205296,1.9058995431778079,1.6561780499596568
1.1100294042683936,1.9058995431778079,1.7935203785412706
1.1519173063162575,1.9058995431778079,1.9222696046633567
1.1938052083641213,1.9058995431778079,2.0415121714018727
1.2356931104119853,1.9058995431778079,2.1504215272541169
1.2775810124598492,1.9058995431778079,2.2482581261387220
1.3194689145077132,1.9058995431778079,2.3343694273956612
1.3613568165555769,1.9058995431778079,2.4081898957862413
1.4032447186034409,1.9058995431778079,2.4692410014931081
1.4451326206513049,1.9058995431778079,2.5171312201202451
1.4870205226991688,1.9058995431778079,2.5515560326929712
1.5289084247470326,1.9058995431778079,2.5722979256579444
1.5707963267948966,1.9058995431778079,2.5792263908831585
1.6126842288427605,1.9058995431778079,2.5722979256579444
1.6545721308906245,1.9058995431778079,2.5515560326929712
1.6964600329384882,1.9058995431778079,2.5171312201202451
1.7383479349863524,1.9058995431778079,2.4692410014931081
1.7802358370342162,1.9058995431778079,2.4081898957862413
1.8221237390820799,1.9058995431778079,2.3343694273956612
1.8640116411299441,1.9058995431778079,2.2482581261387220
1.9058995431778079,1.9058995431778079,2.1504215272541169
1.9477874452256716,1.9058995431778079,2.0415121714018731
1.9896753472735358,1.9058995431778079,1.9222696046633561
2.0315632493213993,1.9058995431778079,1.7935203785412717
2.0734511513692637,1.9058995431778079,1.6561780499596561
2.1153390534171272,1.9058995431778079,1.5112431812638918
2.1572269554649912,1.9058995431778079,1.3598033402206893
2.1991148575128552,1.9058995431778079,1.2030331000181020
2.2410027595607191,1.9058995431778079,1.0421940392655185
2.2828906616085827,1.9058995431778079,0.8786347419936672
2.3247785636564471,1.9058995431778079,0.7137907976546058
2.3666664657043106,1.9058995431778079,0.5491848011217421
2.4085543677521750,1.9058995431778079,0.3864263526898062
2.4504422698000385,1.9058995431778079,0.2272120580748807
2.4923301718479025,1.9058995431778079,0.0733255284143718
2.5342180738957665,1.9058995431778079,-0.1467252394659386
2.5761059759436304,1.9058995431778079,-0.4217895287741125
2.6179938779914940,1.9058995431778079,-0.6744525562929288
2.6598817800393584,1.9058995431778079,-0.9004510563768736
2.7017696820872219,1.9058995431778079,-1.0953477525377409
2.7436575841350863,1.9058995431778079,-1.2545313574446701
2.7855454861829498,1.9058995431778079,-1.3732165729241086
2.8274333882308138,1.9058995431778079,-1.4464440899598434
2.8693212902786778,1.9058995431778079,-1.4690805886929799
2.9112091923265417,1.9058995431778079,-1.4358187384219494
2.9530970943744053,1.9058995431778079,-1.3411771976025124
2.9949849964222697,1.9058995431778079,-1.1795006138477486
3.0368728984701332,1.9058995431778079,-0.9449596239280743
3.0787608005179976,1.9058995431778079,-0.6315508537712147
3.1206487025658611,1.9058995431778079,-0.2330969184622440
0.0209439510239320,1.9477874452256716,-0.2346778736516837
0.0628318530717960,1.9477874452256716,-0.6369691206927734
0.1047197551196597,1.9477874452256716,-0.9550489320107932
0.1466076571675237,1.9477874452256716,-1.1950164540825754
0.1884955592153876,1.9477874452256716,-1.3627990264419365
0.2303834612632514,1.9477874452256716,-1.4641521816796870
0.2722713633111153,1.9477874452256716,-1.5046596454436283
0.3141592653589793,1.9477874452256716,-1.4897333364385512
0.3560471674068433,1.9477874452256716,-1.4246133664262384
0.3979350694547070,1.9477874452256716,-1.3143680402254629
0.4398229715025710,1.9477874452256716,-1.1638938557119880
0.4817108735504350,1.9477874452256716,-0.9779155038185687
0.5235987755982989,1.9477874452256716,-0.7609858685349501
0.5654866776461627,1.9477874452256716,-0.5174860269078692
0.6073745796940266,1.9477874452256716,-0.2516252490410505
0.6492624817418906,1.9477874452256716,0.0162795009523935
0.6911503837897545,1.9477874452256716,0.1656005348559675
0.7330382858376183,1.9477874452256716,0.3203035525528475
0.7749261878854823,1.9477874452256716,0.4786275328771888
0.8168140899333461,1.9477874452256716,0.6388973581346507
0.8587019919812100,1.9477874452256716,0.7995238141023971
0.9005898940290740,1.9477874452256716,0.9590035900290992
0.9424777960769379,1.9477874452256716,1.1159192786349286
0.9843656981248019,1.9477874452256716,1.2689393761115642
1.0262536001726656,1.9477874452256716,1.4168182821221882
1.0681415022205296,1.9477874452256716,1.5583962998014897
1.1100294042683936,1.9477874452256716,1.6925996357556596
1.1519173063162575,1.9477874452256716,1.8184404000623953
1.1938052083641213,1.9477874452256716,1.9350166062708973
1.2356931104119853,1.9477874452256716,2.0415121714018731
1.2775810124598492,1.9477874452256716,2.1371969159475324
1.3194689145077132,1.9477874452256716,2.2214265638715909
1.3613568165555769,1.9477874452256716,2.2936427426092671
1.4032447186034409,1.9477874452256716,2.3533729830672878
1.4451326206513049,1.9477874452256716,2.4002307196238806
1.4870205226991688,1.9477874452256716,2.4339152901287804
1.5289084247470326,1.9477874452256716,2.4542119359032242
1.5707963267948966,1.9477874452256716,2.4609918017399566
1.6126842288427605,1.9477874452256716,2.4542119359032242
1.6545721308906245,1.9477874452256716,2.4339152901287799
1.6964600329384882,1.9477874452256716,2.4002307196238806
1.7383479349863524,1.9477874452256716,2.3533729830672878
1.7802358370342162,1.9477874452256716,2.2936427426092671
1.8221237390820799,1.9477874452256716,2.2214265638715909
1.8640116411299441,1.9477874452256716,2.1371969159475315
1.9058995431778079,1.9477874452256716,2.0415121714018731
1.9477874452256716,1.9477874452256716,1.9350166062708980
1.9896753472735358,1.9477874452256716,1.8184404000623950
2.0315632493213993,1.9477874452256716,1.6925996357556605
2.0734511513692637,1.9477874452256716,1.5583962998014893
2.1153390534171272,1.9477874452256716,1.4168182821221889
2.1572269554649912,1.9477874452256716,1.2689393761115642
2.1991148575128552,1.9477874452256716,1.1159192786349286
2.2410027595607191,1.9477874452256716,0.9590035900290992
2.2828906616085827,1.9477874452256716,0.7995238141023990
2.3247785636564471,1.9477874452256716,0.6388973581346500
2.3666664657043106,1.9477874452256716,0.4786275328771896
2.4085543677521750,1.9477874452256716,0.3203035525528464
2.4504422698000385,1.9477874452256716,0.1656005348559679
2.4923301718479025,1.9477874452256716,0.0162795009523935
2.5342180738957665,1.9477874452256716,-0.2516252490410505
2.5761059759436304,1.9477874452256716,-0.5174860269078692
2.6179938779914940,1.9477874452256716,-0.7609858685349490
2.6598817800393584,1.9477874452256716,-0.9779155038185704
2.7017696820872219,1.9477874452256716,-1.1638938557119876
2.7436575841350863,1.9477874452256716,-1.3143680402254641
2.7855454861829498,1.9477874452256716,-1.4246133664262384
2.8274333882308138,1.9477874452256716,-1.4897333364385512
2.8693212902786778,1.9477874452256716,-1.5046596454436283
2.9112091923265417,1.9477874452256716,-1.4641521816796870
2.9530970943744053,1.9477874452256716,-1.3627990264419374
2.9949849964222697,1.9477874452256716,-1.1950164540825745
3.0368728984701332,1.9477874452256716,-0.9550489320107952
3.0787608005179976,1.9477874452256716,-0.6369691206927699
3.1206487025658611,1.9477874452256716,-0.2346778736516837
0.0209439510239320,1.9896753472735358,-0.2363071932762369
0.0628318530717960,1.9896753472735358,-0.6426174820618550
0.1047197551196597,1.9896753472735358,-0.9656555399145713
0.1466076571675237,1.9896753472735358,-1.2114330703509770
0.1884955592153876,1.9896753472735358,-1.3857924331266265
0.2303834612632514,1.9896753472735358,-1.4944066442360460
0.2722713633111153,1.9896753472735358,-1.5427793759127315
0.3141592653589793,1.9896753472735358,-1.5362449566291465
0.3560471674068433,1.9896753472735358,-1.4799683710967262
0.3979350694547070,1.9896753472735358,-1.3789452602658741
0.4398229715025710,1.9896753472735358,-1.2380019213259623
0.4817108735504350,1.9896753472735358,-1.0617953077053337
0.5235987755982989,1.9896753472735358,-0.8548130290712997
0.5654866776461627,1.9896753472735358,-0.6213733513301426
0.6073745796940266,1.9896753472735358,-0.3656251966271101
0.6492624817418906,1.9896753472735358,-0.0915481433464238
0.6911503837897545,1.9896753472735358,0.0985237869443639
0.7330382858376183,1.9896753472735358,0.2482605321080928
0.7749261878854823,1.9896753472735358,0.4017003902674114
0.8168140899333461,1.9896753472735358,0.5571922597522704
0.8587019919812100,1.9896753472735358,0.7131697107731363
0.9005898940290740,1.9896753472735358,0.8681509854209927
0.9424777960769379,1.9896753472735358,1.0207389976673356
0.9843656981248019,1.9896753472735358,1.1696213333641781
1.0262536001726656,1.9896753472735358,1.3135702502440467
1.0681415022205296,1.9896753472735358,1.4514426779199872
1.1100294042683936,1.9896753472735358,1.5821802178855571
1.1519173063162575,1.9896753472735358,1.7048091435148296
1.1938052083641213,1.9896753472735358,1.8184404000623942
1.2356931104119853,1.9896753472735358,1.9222696046633563
1.2775810124598492,1.9896753472735358,2.0155770463333340
1.3194689145077132,1.9896753472735358,2.0977276859684646
1.3613568165555769,1.9896753472735358,2.1681711563453971
1.4032447186034409,1.9896753472735358,2.2264417621212971
1.4451326206513049,1.9896753472735358,2.2721584798338474
1.4870205226991688,1.9896753472735358,2.3050249579012418
1.5289084247470326,1.9896753472735358,2.3248295166221946
1.5707963267948966,1.9896753472735358,2.3314451481759315
1.6126842288427605,1.9896753472735358,2.3248295166221946
1.6545721308906245,1.9896753472735358,2.3050249579012418
1.6964600329384882,1.9896753472735358,2.2721584798338474
1.7383479349863524,1.9896753472735358,2.2264417621212971
1.7802358370342162,1.9896753472735358,2.1681711563453971
1.8221237390820799,1.9896753472735358,2.0977276859684646
1.8640116411299441,1.9896753472735358,2.0155770463333340
1.9058995431778079,1.9896753472735358,1.9222696046633563
1.9477874452256716,1.9896753472735358,1.8184404000623948
1.9896753472735358,1.9896753472735358,1.7048091435148292
2.0315632493213993,1.9896753472735358,1.5821802178855577
2.0734511513692637,1.9896753472735358,1.4514426779199865
2.1153390534171272,1.9896753472735358,1.3135702502440478
2.1572269554649912,1.9896753472735358,1.1696213333641781
2.1991148575128552,1.9896753472735358,1.0207389976673356
2.2410027595607191,1.9896753472735358,0.8681509854209927
2.2828906616085827,1.9896753472735358,0.7131697107731381
2.3247785636564471,1.9896753472735358,0.5571922597522698
2.3666664657043106,1.9896753472735358,0.4017003902674121
2.4085543677521750,1.9896753472735358,0.2482605321080918
2.4504422698000385,1.9896753472735358,0.0985237869443643
2.4923301718479025,1.9896753472735358,-0.0915481433464238
2.5342180738957665,1.9896753472735358,-0.3656251966271101
2.5761059759436304,1.9896753472735358,-0.6213733513301426
2.6179938779914940,1.9896753472735358,-0.8548130290712989
2.6598817800393584,1.9896753472735358,-1.0617953077053353
2.7017696820872219,1.9896753472735358,-1.2380019213259619
2.7436575841350863,1.9896753472735358,-1.3789452602658749
2.7855454861829498,1.9896753472735358,-1.4799683710967262
2.8274333882308138,1.9896753472735358,-1.5362449566291465
2.8693212902786778,1.9896753472735358,-1.5427793759127315
2.9112091923265417,1.9896753472735358,-1.4944066442360460
2.9530970943744053,1.9896753472735358,-1.3857924331266276
2.9949849964222697,1.9896753472735358,-1.2114330703509761
3.0368728984701332,1.9896753472735358,-0.9656555399145731
3.0787608005179976,1.9896753472735358,-0.6426174820618510
3.1206487025658611,1.9896753472735358,-0.2363071932762369
0.0209439510239320,2.0315632493213993,-0.2379390005715518
0.0628318530717960,2.0315632493213993,-0.6483601549718908
0.1047197551196597,2.0315632493213993,-0.9765562217725935
0.1466076571675237,2.0315632493213993,-1.2284422570078788
0.1884955592153876,2.0315632493213993,-1.4097666954152217
0.2303834612632514,2.0315632493213993,-1.5261113504353598
0.2722713633111153,2.0315632493213993,-1.5828914142122952
0.3141592653589793,2.0315632493213993,-1.5853554575932873
0.3560471674068433,2.0315632493213993,-1.5385854301288602
0.3979350694547070,2.0315632493213993,-1.4474966600727990
0.4398229715025710,2.0315632493213993,-1.3168378543821484
0.4817108735504350,2.0315632493213993,-1.1511910987172169
0.5235987755982989,2.0315632493213993,-0.9549718574415738
0.5654866776461627,2.0315632493213993,-0.7324289736220506
0.6073745796940266,2.0315632493213993,-0.4876446690287376
0.6492624817418906,2.0315632493213993,-0.2245345441349897
0.6911503837897545,2.0315632493213993,0.0265762109412887
0.7330382858376183,2.0315632493213993,0.1709169355720434
0.7749261878854823,2.0315632493213993,0.3190470335332010
0.8168140899333461,2.0315632493213993,0.4693419471815602
0.8587019919812100,2.0315632493213993,0.6202604295222903
0.9005898940290740,2.0315632493213993,0.7703445442089311
0.9424777960769379,2.0315632493213993,0.9182196655433890
0.9843656981248019,2.0315632493213993,1.0625944784759418
1.0262536001726656,2.0315632493213993,1.2022609786052343
1.0681415022205296,2.0315632493213993,1.3360944721782837
1.1100294042683936,2.0315632493213993,1.4630535760904737
1.1519173063162575,2.0315632493213993,1.5821802178855584
1.1938052083641213,2.0315632493213993,1.6925996357556599
1.2356931104119853,2.0315632493213993,1.7935203785412721
1.2775810124598492,2.0315632493213993,1.8842343057312549
1.3194689145077132,2.0315632493213993,1.9641165874628408
1.3613568165555769,2.0315632493213993,2.0326257045216285
1.4032447186034409,2.0315632493213993,2.0893034483415871
1.4451326206513049,2.0315632493213993,2.1337749210050569
1.4870205226991688,2.0315632493213993,2.1657485352427432
1.5289084247470326,2.0315632493213993,2.1850160144337245
1.5707963267948966,2.0315632493213993,2.1914523926054468
1.6126842288427605,2.0315632493213993,2.1850160144337245
1.6545721308906245,2.0315632493213993,2.1657485352427432
1.6964600329384882,2.0315632493213993,2.1337749210050569
1.7383479349863524,2.0315632493213993,2.0893034483415871
1.7802358370342162,2.0315632493213993,2.0326257045216285
1.8221237390820799,2.0315632493213993,1.9641165874628408
1.8640116411299441,2.0315632493213993,1.8842343057312547
1.9058995431778079,2.0315632493213993,1.7935203785412721
1.9477874452256716,2.0315632493213993,1.6925996357556605
1.9896753472735358,2.0315632493213993,1.5821802178855577
2.0315632493213993,2.0315632493213993,1.4630535760904746
2.0734511513692637,2.0315632493213993,1.3360944721782830
2.1153390534171272,2.0315632493213993,1.2022609786052354
2.1572269554649912,2.0315632493213993,1.0625944784759418
2.1991148575128552,2.0315632493213993,0.9182196655433890
2.2410027595607191,2.0315632493213993,0.7703445442089311
2.2828906616085827,2.0315632493213993,0.6202604295222921
2.3247785636564471,2.0315632493213993,0.4693419471815596
2.3666664657043106,2.0315632493213993,0.3190470335332016
2.4085543677521750,2.0315632493213993,0.1709169355720425
2.4504422698000385,2.0315632493213993,0.0265762109412891
2.4923301718479025,2.0315632493213993,-0.2245345441349897
2.5342180738957665,2.0315632493213993,-0.4876446690287376
2.5761059759436304,2.0315632493213993,-0.7324289736220506
2.6179938779914940,2.0315632493213993,-0.9549718574415731
2.6598817800393584,2.0315632493213993,-1.1511910987172185
2.7017696820872219,2.0315632493213993,-1.3168378543821480
2.7436575841350863,2.0315632493213993,-1.4474966600728001
2.7855454861829498,2.0315632493213993,-1.5385854301288602
2.8274333882308138,2.0315632493213993,-1.5853554575932873
2.8693212902786778,2.0315632493213993,-1.5828914142122952
2.9112091923265417,2.0315632493213993,-1.5261113504353598
2.9530970943744053,2.0315632493213993,-1.4097666954152224
2.9949849964222697,2.0315632493213993,-1.2284422570078779
3.0368728984701332,2.0315632493213993,-0.9765562217725953
3.0787608005179976,2.0315632493213993,-0.6483601549718869
3.1206487025658611,2.0315632493213993,-0.2379390005715518
0.0209439510239320,2.0734511513692637,-0.2395225896401867
0.0628318530717960,2.0734511513692637,-0.6540470635787754
0.1047197551196597,2.0734511513692637,-0.9875042542583823
0.1466076571675237,2.0734511513692637,-1.2457033657087235
0.1884955592153876,2.0734511513692637,-1.4342899624093772
0.2303834612632514,2.0734511513692637,-1.5587459692897900
0.2722713633111153,2.0734511513692637,-1.6243896717292778
0.3141592653589793,2.0734511513692637,-1.6363757155570213
0.3560471674068433,2.0734511513692637,-1.5996951070520704
0.3979350694547070,2.0734511513692637,-1.5191752129433405
0.4398229715025710,2.0734511513692637,-1.3994797604096154
0.4817108735504350,2.0734511513692637,-1.2451088370795456
0.5235987755982989,2.0734511513692637,-1.0603988910316495
0.5654866776461627,2.0734511513692637,-0.8495227307943131
0.6073745796940266,2.0734511513692637,-0.6164895253457868
0.6492624817418906,2.0734511513692637,-0.3651448041141915
0.6911503837897545,2.0734511513692637,-0.0991704569775144
0.7330382858376183,2.0734511513692637,0.0889576328681951
0.7749261878854823,2.0734511513692637,0.2313788766249014
0.8168140899333461,2.0734511513692637,0.3760830171675661
0.8587019919812100,2.0734511513692637,0.5215563886574613
0.9005898940290740,2.0734511513692637,0.6663671450309266
0.9424777960769379,2.0734511513692637,0.8091652599993657
0.9843656981248019,2.0734511513692637,0.9486825270492505
1.0262536001726656,2.0734511513692637,1.0837325594421170
1.0681415022205296,2.0734511513692637,1.2132107902145712
1.1100294042683936,2.0734511513692637,1.3360944721782824
1.1519173063162575,2.0734511513692637,1.4514426779199874
1.1938052083641213,2.0734511513692637,1.5583962998014884
1.2356931104119853,2.0734511513692637,1.6561780499596561
1.2775810124598492,2.0734511513692637,1.7440924603064256
1.3194689145077132,2.0734511513692637,1.8215258825287994
1.3613568165555769,2.0734511513692637,1.8879464880888455
1.4032447186034409,2.0734511513692637,1.9429042682236992
1.4451326206513049,2.0734511513692637,1.9860310339455625
1.4870205226991688,2.0734511513692637,2.0170404160417013
1.5289084247470326,2.0734511513692637,2.0357278650744517
1.5707963267948966,2.0734511513692637,2.0419706513812130
1.6126842288427605,2.0734511513692637,2.0357278650744517
1.6545721308906245,2.0734511513692637,2.0170404160417013
1.6964600329384882,2.0734511513692637,1.9860310339455625
1.7383479349863524,2.0734511513692637,1.9429042682236988
1.7802358370342162,2.0734511513692637,1.8879464880888455
1.8221237390820799,2.0734511513692637,1.8215258825287994
1.8640116411299441,2.0734511513692637,1.7440924603064252
1.9058995431778079,2.0734511513692637,1.6561780499596561
1.9477874452256716,2.0734511513692637,1.5583962998014889
1.9896753472735358,2.0734511513692637,1.4514426779199867
2.0315632493213993,2.0734511513692637,1.3360944721782830
2.0734511513692637,2.0734511513692637,1.2132107902145708
2.1153390534171272,2.0734511513692637,1.0837325594421181
2.1572269554649912,2.0734511513692637,0.9486825270492505
2.1991148575128552,2.0734511513692637,0.8091652599993657
2.2410027595607191,2.0734511513692637,0.6663671450309266
2.2828906616085827,2.0734511513692637,0.5215563886574630
2.3247785636564471,2.0734511513692637,0.3760830171675655
2.3666664657043106,2.0734511513692637,0.2313788766249019
2.4085543677521750,2.0734511513692637,0.0889576328681942
2.4504422698000385,2.0734511513692637,-0.0991704569775136
2.4923301718479025,2.0734511513692637,-0.3651448041141915
2.5342180738957665,2.0734511513692637,-0.6164895253457868
2.5761059759436304,2.0734511513692637,-0.8495227307943131
2.6179938779914940,2.0734511513692637,-1.0603988910316486
2.6598817800393584,2.0734511513692637,-1.2451088370795471
2.7017696820872219,2.0734511513692637,-1.3994797604096147
2.7436575841350863,2.0734511513692637,-1.5191752129433413
2.7855454861829498,2.0734511513692637,-1.5996951070520704
2.8274333882308138,2.0734511513692637,-1.6363757155570213
2.8693212902786778,2.0734511513692637,-1.6243896717292778
2.9112091923265417,2.0734511513692637,-1.5587459692897900
2.9530970943744053,2.0734511513692637,-1.4342899624093779
2.9949849964222697,2.0734511513692637,-1.2457033657087224
3.0368728984701332,2.0734511513692637,-0.9875042542583840
3.0787608005179976,2.0734511513692637,-0.6540470635787715
3.1206487025658611,2.0734511513692637,-0.2395225896401867
0.0209439510239320,2.1153390534171272,-0.2410024254516103
0.0628318530717960,2.1153390534171272,-0.6595138391008690
0.1047197551196597,2.1153390534171272,-0.9982294165857947
0.1466076571675237,2.1153390534171272,-1.2628433054094714
0.1884955592153876,2.1153390534171272,-1.4588892545537615
0.2303834612632514,2.1153390534171272,-1.5917406144793185
0.2722713633111153,2.1153390534171272,-1.6666103371255820
0.3141592653589793,2.1153390534171272,-1.6885509759107766
0.3560471674068433,2.1153390534171272,-1.6624546857319149
0.3979350694547070,2.1153390534171272,-1.5930532229647951
0.4398229715025710,2.1153390534171272,-1.4849179454640016
0.4817108735504350,2.1153390534171272,-1.3424598125629068
0.5235987755982989,2.1153390534171272,-1.1699293850736681
0.5654866776461627,2.1153390534171272,-0.9714168252872307
0.6073745796940266,2.1153390534171272,-0.7508518969733241
0.6492624817418906,2.1153390534171272,-0.5120039653804667
0.6911503837897545,2.1153390534171272,-0.2584819972359624
0.7330382858376183,2.1153390534171272,0.0031327196270493
0.7749261878854823,2.1153390534171272,0.1394750872024200
0.8168140899333461,2.1153390534171272,0.2782222185262985
0.8587019919812100,2.1153390534171272,0.4178904272774600
0.9005898940290740,2.1153390534171272,0.5570762263952875
0.9424777960769379,2.1153390534171272,0.6944563280797681
0.9843656981248019,2.1153390534171272,0.8287876437914978
1.0262536001726656,2.1153390534171272,0.9589072842516778
1.0681415022205296,2.1153390534171272,1.0837325594421185
1.1100294042683936,2.1153390534171272,1.2022609786052345
1.1519173063162575,2.1153390534171272,1.3135702502440485
1.1938052083641213,2.1153390534171272,1.4168182821221884
1.2356931104119853,2.1153390534171272,1.5112431812638918
1.2775810124598492,2.1153390534171272,1.5961632539540005
1.3194689145077132,2.1153390534171272,1.6709770057379638
1.3613568165555769,2.1153390534171272,1.7351631414218369
1.4032447186034409,2.1153390534171272,1.7882805650722846
1.4451326206513049,2.1153390534171272,1.8299683800165758
1.4870205226991688,2.1153390534171272,1.8599458888425857
1.5289084247470326,2.1153390534171272,1.8780125933987986
1.5707963267948966,2.1153390534171272,1.8840481947943040
1.6126842288427605,2.1153390534171272,1.8780125933987986
1.6545721308906245,2.1153390534171272,1.8599458888425857
1.6964600329384882,2.1153390534171272,1.8299683800165758
1.7383479349863524,2.1153390534171272,1.7882805650722844
1.7802358370342162,2.1153390534171272,1.7351631414218369
1.8221237390820799,2.1153390534171272,1.6709770057379638
1.8640116411299441,2.1153390534171272,1.5961632539539998
1.9058995431778079,2.1153390534171272,1.5112431812638918
1.9477874452256716,2.1153390534171272,1.4168182821221889
1.9896753472735358,2.1153390534171272,1.3135702502440481
2.0315632493213993,2.1153390534171272,1.2022609786052354
2.0734511513692637,2.1153390534171272,1.0837325594421181
2.1153390534171272,2.1153390534171272,0.9589072842516787
2.1572269554649912,2.1153390534171272,0.8287876437914978
2.1991148575128552,2.1153390534171272,0.6944563280797681
2.2410027595607191,2.1153390534171272,0.5570762263952875
2.2828906616085827,2.1153390534171272,0.4178904272774616
2.3247785636564471,2.1153390534171272,0.2782222185262980
2.3666664657043106,2.1153390534171272,0.1394750872024207
2.4085543677521750,2.1153390534171272,0.0031327196270485
2.4504422698000385,2.1153390534171272,-0.2584819972359616
2.4923301718479025,2.1153390534171272,-0.5120039653804667
2.5342180738957665,2.1153390534171272,-0.7508518969733241
2.5761059759436304,2.1153390534171272,-0.9714168252872307
2.6179938779914940,2.1153390534171272,-1.1699293850736674
2.6598817800393584,2.1153390534171272,-1.3424598125629081
2.7017696820872219,2.1153390534171272,-1.4849179454640014
2.7436575841350863,2.1153390534171272,-1.5930532229647962
2.7855454861829498,2.1153390534171272,-1.6624546857319149
2.8274333882308138,2.1153390534171272,-1.6885509759107766
2.8693212902786778,2.1153390534171272,-1.6666103371255820
2.9112091923265417,2.1153390534171272,-1.5917406144793185
2.9530970943744053,2.1153390534171272,-1.4588892545537628
2.9949849964222697,2.1153390534171272,-1.2628433054094703
3.0368728984701332,2.1153390534171272,-0.9982294165857969
3.0787608005179976,2.1153390534171272,-0.6595138391008651
3.1206487025658611,2.1153390534171272,-0.2410024254516103
0.0209439510239320,2.1572269554649912,-0.2423181438422017
0.0628318530717960,2.1572269554649912,-0.6645818198189984
0.1047197551196597,2.1572269554649912,-1.0084379905090255
0.1466076571675237,2.1572269554649912,-1.2794565423666020
0.1884955592153876,2.1572269554649912,-1.4830504636360611
0.2303834612632514,2.1572269554649912,-1.6244758443517566
0.2722713633111153,2.1572269554649912,-1.7088318763380621
0.3141592653589793,2.1572269554649912,-1.7410608532093705
0.3560471674068433,2.1572269554649912,-1.7259481703700941
0.3979350694547070,2.1572269554649912,-1.6681223250146637
0.4398229715025710,2.1572269554649912,-1.5720549161275308
0.4817108735504350,2.1572269554649912,-1.4420606444831625
0.5235987755982989,2.1572269554649912,-1.2822973126460517
0.5654866776461627,2.1572269554649912,-1.0967658249707051
0.6073745796940266,2.1572269554649912,-0.8893101876016490
0.6492624817418906,2.1572269554649912,-0.6636175084734319
0.6911503837897545,2.1572269554649912,-0.4232179973106199
0.7330382858376183,2.1572269554649912,-0.1714849656277978
0.7749261878854823,2.1572269554649912,0.0441825866352147
0.8168140899333461,2.1572269554649912,0.1766364521447183
0.8587019919812100,2.1572269554649912,0.3101678052722905
0.9005898940290740,2.1572269554649912,0.4434037866806006
0.9424777960769379,2.1572269554649912,0.5750499861373073
0.9843656981248019,2.1572269554649912,0.7038904425150597
1.0262536001726656,2.1572269554649912,0.8287876437914969
1.0681415022205296,2.1572269554649912,0.9486825270492510
1.1100294042683936,2.1572269554649912,1.0625944784759409
1.1519173063162575,2.1572269554649912,1.1696213333641787
1.1938052083641213,2.1572269554649912,1.2689393761115637
1.2356931104119853,2.1572269554649912,1.3598033402206893
1.2775810124598492,2.1572269554649912,1.4415464082991367
1.3194689145077132,2.1572269554649912,1.5135802120594781
1.3613568165555769,2.1572269554649912,1.5753948323192764
1.4032447186034409,2.1572269554649912,1.6265587990010844
1.4451326206513049,2.1572269554649912,1.6667190911324459
1.4870205226991688,2.1572269554649912,1.6956011368458939
1.5289084247470326,2.1572269554649912,1.7130088133789538
1.5707963267948966,2.1572269554649912,1.7188244470741387
1.6126842288427605,2.1572269554649912,1.7130088133789538
1.6545721308906245,2.1572269554649912,1.6956011368458939
1.6964600329384882,2.1572269554649912,1.6667190911324459
1.7383479349863524,2.1572269554649912,1.6265587990010844
1.7802358370342162,2.1572269554649912,1.5753948323192764
1.8221237390820799,2.1572269554649912,1.5135802120594781
1.8640116411299441,2.1572269554649912,1.4415464082991363
1.9058995431778079,2.1572269554649912,1.3598033402206893
1.9477874452256716,2.1572269554649912,1.2689393761115639
1.9896753472735358,2.1572269554649912,1.1696213333641783
2.0315632493213993,2.1572269554649912,1.0625944784759418
2.0734511513692637,2.1572269554649912,0.9486825270492505
2.1153390534171272,2.1572269554649912,0.8287876437914978
2.1572269554649912,2.1572269554649912,0.7038904425150597
2.1991148575128552,2.1572269554649912,0.5750499861373073
2.2410027595607191,2.1572269554649912,0.4434037866806006
2.2828906616085827,2.1572269554649912,0.3101678052722919
2.3247785636564471,2.1572269554649912,0.1766364521447179
2.3666664657043106,2.1572269554649912,0.0441825866352154
2.4085543677521750,2.1572269554649912,-0.1714849656277994
2.4504422698000385,2.1572269554649912,-0.4232179973106184
2.4923301718479025,2.1572269554649912,-0.6636175084734319
2.5342180738957665,2.1572269554649912,-0.8893101876016490
2.5761059759436304,2.1572269554649912,-1.0967658249707051
2.6179938779914940,2.1572269554649912,-1.2822973126460511
2.6598817800393584,2.1572269554649912,-1.4420606444831645
2.7017696820872219,2.1572269554649912,-1.5720549161275301
2.7436575841350863,2.1572269554649912,-1.6681223250146651
2.7855454861829498,2.1572269554649912,-1.7259481703700941
2.8274333882308138,2.1572269554649912,-1.7410608532093705
2.8693212902786778,2.1572269554649912,-1.7088318763380621
2.9112091923265417,2.1572269554649912,-1.6244758443517566
2.9530970943744053,2.1572269554649912,-1.4830504636360626
2.9949849964222697,2.1572269554649912,-1.2794565423666011
3.0368728984701332,2.1572269554649912,-1.0084379905090273
3.0787608005179976,2.1572269554649912,-0.6645818198189946
3.1206487025658611,2.1572269554649912,-0.2423181438422017
0.0209439510239320,2.1991148575128552,-0.2434045515152503
0.0628318530717960,2.1991148575128552,-0.6690580510764563
0.1047197551196597,2.1991148575128552,-1.0178127603226026
0.1466076571675237,2.1991148575128552,-1.2951051001371139
0.1884955592153876,2.1991148575128552,-1.5062183527869746
0.2303834612632514,2.1991148575128552,-1.6562826619227362
0.2722713633111153,2.1991148575128552,-1.7502750325785190
0.3141592653589793,2.1991148575128552,-1.7930193311720044
0.3560471674068433,2.1991148575128552,-1.7891862855044418
0.3979350694547070,2.1991148575128552,-1.7432934847606463
0.4398229715025710,2.1991148575128552,-1.6597053795089978
0.4817108735504350,2.1991148575128552,-1.5426332817014430
0.5235987755982989,2.1991148575128552,-1.3961353646734915
0.5654866776461627,2.1991148575128552,-1.2241166631442231
0.6073745796940266,2.1991148575128552,-1.0303290732162782
0.6492624817418906,2.1991148575128552,-0.8183713523758661
0.6911503837897545,2.1991148575128552,-0.5916891194927605
0.7330382858376183,2.1991148575128552,-0.3535748548203013
0.7749261878854823,2.1991148575128552,-0.1071678999953918
0.8168140899333461,2.1991148575128552,0.0722727709807472
0.8587019919812100,2.1991148575128552,0.1993662033231613
0.9005898940290740,2.1991148575128552,0.3263563841357459
0.9424777960769379,2.1991148575128552,0.4519799198329169
0.9843656981248019,2.1991148575128552,0.5750499861373073
1.0262536001726656,2.1991148575128552,0.6944563280797672
1.0681415022205296,2.1991148575128552,0.8091652599993664
1.1100294042683936,2.1991148575128552,0.9182196655433885
1.1519173063162575,2.1991148575128552,1.0207389976673364
1.1938052083641213,2.1991148575128552,1.1159192786349281
1.2356931104119853,2.1991148575128552,1.2030331000181020
1.2775810124598492,2.1991148575128552,1.2814296226970110
1.3194689145077132,2.1991148575128552,1.3505345768600263
1.3613568165555769,2.1991148575128552,1.4098502620037361
1.4032447186034409,2.1991148575128552,1.4589555469329454
1.4451326206513049,2.1991148575128552,1.4975058697606780
1.4870205226991688,2.1991148575128552,1.5252332379081726
1.5289084247470326,2.1991148575128552,1.5419462281048870
1.5707963267948966,2.1991148575128552,1.5475299863884941
1.6126842288427605,2.1991148575128552,1.5419462281048870
1.6545721308906245,2.1991148575128552,1.5252332379081726
1.6964600329384882,2.1991148575128552,1.4975058697606780
1.7383479349863524,2.1991148575128552,1.4589555469329454
1.7802358370342162,2.1991148575128552,1.4098502620037361
1.8221237390820799,2.1991148575128552,1.3505345768600263
1.8640116411299441,2.1991148575128552,1.2814296226970108
1.9058995431778079,2.1991148575128552,1.2030331000181020
1.9477874452256716,2.1991148575128552,1.1159192786349283
1.9896753472735358,2.1991148575128552,1.0207389976673358
2.0315632493213993,2.1991148575128552,0.9182196655433892
2.0734511513692637,2.1991148575128552,0.8091652599993658
2.1153390534171272,2.1991148575128552,0.6944563280797681
2.1572269554649912,2.1991148575128552,0.5750499861373073
2.1991148575128552,2.1991148575128552,0.4519799198329169
2.2410027595607191,2.1991148575128552,0.3263563841357459
2.2828906616085827,2.1991148575128552,0.1993662033231627
2.3247785636564471,2.1991148575128552,0.0722727709807468
2.3666664657043106,2.1991148575128552,-0.1071678999953909
2.4085543677521750,2.1991148575128552,-0.3535748548203028
2.4504422698000385,2.1991148575128552,-0.5916891194927606
2.4923301718479025,2.1991148575128552,-0.8183713523758661
2.5342180738957665,2.1991148575128552,-1.0303290732162782
2.5761059759436304,2.1991148575128552,-1.2241166631442231
2.6179938779914940,2.1991148575128552,-1.3961353646734911
2.6598817800393584,2.1991148575128552,-1.5426332817014434
2.7017696820872219,2.1991148575128552,-1.6597053795089975
2.7436575841350863,2.1991148575128552,-1.7432934847606467
2.7855454861829498,2.1991148575128552,-1.7891862855044418
2.8274333882308138,2.1991148575128552,-1.7930193311720044
2.8693212902786778,2.1991148575128552,-1.7502750325785190
2.9112091923265417,2.1991148575128552,-1.6562826619227362
2.9530970943744053,2.1991148575128552,-1.5062183527869752
2.9949849964222697,2.1991148575128552,-1.2951051001371128
3.0368728984701332,2.1991148575128552,-1.0178127603226044
3.0787608005179976,2.1991148575128552,-0.6690580510764522
3.1206487025658611,2.1991148575128552,-0.2434045515152503
0.0209439510239320,2.2410027595607191,-0.2441916260409556
0.0628318530717960,2.2410027595607191,-0.6727352852790012
0.1047197551196597,2.2410027595607191,-1.0260130128613900
0.1466076571675237,2.2410027595607191,-1.3093185595785217
0.1884955592153876,2.2410027595607191,-1.5277965564802154
0.2303834612632514,2.2410027595607191,-1.6864425148757169
0.2722713633111153,2.2410027595607191,-1.7901028263337004
0.3141592653589793,2.2410027595607191,-1.8434747626822625
0.3560471674068433,2.2410027595607191,-1.8511064760089264
0.3979350694547070,2.2410027595607191,-1.8173969986606406
0.4398229715025710,2.2410027595607191,-1.7465962432437800
0.4817108735504350,2.2410027595607191,-1.6428050026241430
0.5235987755982989,2.2410027595607191,-1.5099749499269555
0.5654866776461627,2.2410027595607191,-1.3519086385368686
0.6073745796940266,2.2410027595607191,-1.1722595020979563
0.6492624817418906,2.2410027595607191,-0.9745318545137216
0.6911503837897545,2.2410027595607191,-0.7620808899470909
0.7330382858376183,2.2410027595607191,-0.5381126828204171
0.7749261878854823,2.2410027595607191,-0.3056841878154763
0.8168140899333461,2.2410027595607191,-0.0677032398734741
0.8587019919812100,2.2410027595607191,0.0865357229024806
0.9005898940290740,2.2410027595607191,0.2070151368798885
0.9424777960769379,2.2410027595607191,0.3263563841357459
0.9843656981248019,2.2410027595607191,0.4434037866806007
1.0262536001726656,2.2410027595607191,0.5570762263952866
1.0681415022205296,2.2410027595607191,0.6663671450309271
1.1100294042683936,2.2410027595607191,0.7703445442089303
1.1519173063162575,2.2410027595607191,0.8681509854209932
1.1938052083641213,2.2410027595607191,0.9590035900290985
1.2356931104119853,2.2410027595607191,1.0421940392655187
1.2775810124598492,2.2410027595607191,1.1170885742328107
1.3194689145077132,2.2410027595607191,1.1831279959038210
1.3613568165555769,2.2410027595607191,1.2398276651216817
1.4032447186034409,2.2410027595607191,1.2867775025998132
1.4451326206513049,2.2410027595607191,1.3236419889219229
1.4870205226991688,2.2410027595607191,1.3501601645420047
1.5289084247470326,2.2410027595607191,1.3661456297843415
1.5707963267948966,2.2410027595607191,1.3714865448435016
1.6126842288427605,2.2410027595607191,1.3661456297843415
1.6545721308906245,2.2410027595607191,1.3501601645420047
1.6964600329384882,2.2410027595607191,1.3236419889219229
1.7383479349863524,2.2410027595607191,1.2867775025998129
1.7802358370342162,2.2410027595607191,1.2398276651216817
1.8221237390820799,2.2410027595607191,1.1831279959038210
1.8640116411299441,2.2410027595607191,1.1170885742328105
1.9058995431778079,2.2410027595607191,1.0421940392655187
1.9477874452256716,2.2410027595607191,0.9590035900290991
1.9896753472735358,2.2410027595607191,0.8681509854209927
2.0315632493213993,2.2410027595607191,0.7703445442089309
2.0734511513692637,2.2410027595607191,0.6663671450309266
2.1153390534171272,2.2410027595607191,0.5570762263952875
2.1572269554649912,2.2410027595607191,0.4434037866806007
2.1991148575128552,2.2410027595607191,0.3263563841357459
2.2410027595607191,2.2410027595607191,0.2070151368798885
2.2828906616085827,2.2410027595607191,0.0865357229024819
2.3247785636564471,2.2410027595607191,-0.0677032398734750
2.3666664657043106,2.2410027595607191,-0.3056841878154755
2.4085543677521750,2.2410027595607191,-0.5381126828204185
2.4504422698000385,2.2410027595607191,-0.7620808899470903
2.4923301718479025,2.2410027595607191,-0.9745318545137216
2.5342180738957665,2.2410027595607191,-1.1722595020979563
2.5761059759436304,2.2410027595607191,-1.3519086385368686
2.6179938779914940,2.2410027595607191,-1.5099749499269550
2.6598817800393584,2.2410027595607191,-1.6428050026241441
2.7017696820872219,2.2410027595607191,-1.7465962432437798
2.7436575841350863,2.2410027595607191,-1.8173969986606417
2.7855454861829498,2.2410027595607191,-1.8511064760089264
2.8274333882308138,2.2410027595607191,-1.8434747626822625
2.8693212902786778,2.2410027595607191,-1.7901028263337004
2.9112091923265417,2.2410027595607191,-1.6864425148757169
2.9530970943744053,2.2410027595607191,-1.5277965564802165
2.9949849964222697,2.2410027595607191,-1.3093185595785204
3.0368728984701332,2.2410027595607191,-1.0260130128613918
3.0787608005179976,2.2410027595607191,-0.6727352852789972
3.1206487025658611,2.2410027595607191,-0.2441916260409556
0.0209439510239320,2.2828906616085827,-0.2446045158564277
0.0628318530717960,2.2828906616085827,-0.6753919818948583
0.1047197551196597,2.2828906616085827,-1.0326745375005879
0.1466076571675237,2.2828906616085827,-1.3215940588488606
0.1884955592153876,2.2828906616085827,-1.5471475805325126
0.2303834612632514,2.2828906616085827,-1.7141872955619808
0.2722713633111153,2.2828906616085827,-1.8274205553653049
0.3141592653589793,2.2828906616085827,-1.8914098697881174
0.3560471674068433,2.2828906616085827,-1.9105729070936539
0.3979350694547070,2.2828906616085827,-1.8891824939627471
0.4398229715025710,2.2828906616085827,-1.8313666154938291
0.4817108735504350,2.2828906616085827,-1.7411084152029308
0.5235987755982989,2.2828906616085827,-1.6222461950236819
0.5654866776461627,2.2828906616085827,-1.4784734153073122
0.6073745796940266,2.2828906616085827,-1.3133386948226478
0.6492624817418906,2.2828906616085827,-1.1302458107561153
0.6911503837897545,2.2828906616085827,-0.9324536987117408
0.7330382858376183,2.2828906616085827,-0.7230764527111474
0.7749261878854823,2.2828906616085827,-0.5050833251935590
0.8168140899333461,2.2828906616085827,-0.2812987270157976
0.8587019919812100,2.2828906616085827,-0.0544022274522840
0.9005898940290740,2.2828906616085827,0.0865357229024820
0.9424777960769379,2.2828906616085827,0.1993662033231627
0.9843656981248019,2.2828906616085827,0.3101678052722920
1.0262536001726656,2.2828906616085827,0.4178904272774611
1.0681415022205296,2.2828906616085827,0.5215563886574635
1.1100294042683936,2.2828906616085827,0.6202604295222913
1.1519173063162575,2.2828906616085827,0.7131697107731385
1.1938052083641213,2.2828906616085827,0.7995238141023985
1.2356931104119853,2.2828906616085827,0.8786347419936674
1.2775810124598492,2.2828906616085827,0.9498869177217388
1.3194689145077132,2.2828906616085827,1.0127371853526093
1.3613568165555769,2.2828906616085827,1.0667148097434751
1.4032447186034409,2.2828906616085827,1.1114214765427333
1.4451326206513049,2.2828906616085827,1.1465312921899811
1.4870205226991688,2.2828906616085827,1.1717907839160167
1.5289084247470326,2.2828906616085827,1.1870188997428386
1.5707963267948966,2.2828906616085827,1.1921070084836458
1.6126842288427605,2.2828906616085827,1.1870188997428386
1.6545721308906245,2.2828906616085827,1.1717907839160164
1.6964600329384882,2.2828906616085827,1.1465312921899811
1.7383479349863524,2.2828906616085827,1.1114214765427328
1.7802358370342162,2.2828906616085827,1.0667148097434751
1.8221237390820799,2.2828906616085827,1.0127371853526093
1.8640116411299441,2.2828906616085827,0.9498869177217386
1.9058995431778079,2.2828906616085827,0.8786347419936674
1.9477874452256716,2.2828906616085827,0.7995238141023990
1.9896753472735358,2.2828906616085827,0.7131697107731383
2.0315632493213993,2.2828906616085827,0.6202604295222920
2.0734511513692637,2.2828906616085827,0.5215563886574630
2.1153390534171272,2.2828906616085827,0.4178904272774616
2.1572269554649912,2.2828906616085827,0.3101678052722920
2.1991148575128552,2.2828906616085827,0.1993662033231627
2.2410027595607191,2.2828906616085827,0.0865357229024820
2.2828906616085827,2.2828906616085827,-0.0544022274522815
2.3247785636564471,2.2828906616085827,-0.2812987270157984
2.3666664657043106,2.2828906616085827,-0.5050833251935584
2.4085543677521750,2.2828906616085827,-0.7230764527111487
2.4504422698000385,2.2828906616085827,-0.9324536987117400
2.4923301718479025,2.2828906616085827,-1.1302458107561153
2.5342180738957665,2.2828906616085827,-1.3133386948226478
2.5761059759436304,2.2828906616085827,-1.4784734153073122
2.6179938779914940,2.2828906616085827,-1.6222461950236815
2.6598817800393584,2.2828906616085827,-1.7411084152029317
2.7017696820872219,2.2828906616085827,-1.8313666154938288
2.7436575841350863,2.2828906616085827,-1.8891824939627477
2.7855454861829498,2.2828906616085827,-1.9105729070936539
2.8274333882308138,2.2828906616085827,-1.8914098697881174
2.8693212902786778,2.2828906616085827,-1.8274205553653049
2.9112091923265417,2.2828906616085827,-1.7141872955619808
2.9530970943744053,2.2828906616085827,-1.5471475805325141
2.9949849964222697,2.2828906616085827,-1.3215940588488591
3.0368728984701332,2.2828906616085827,-1.0326745375005897
3.0787608005179976,2.2828906616085827,-0.6753919818948541
3.1206487025658611,2.2828906616085827,-0.2446045158564277
0.0209439510239320,2.3247785636564471,-0.2445635402656871
0.0628318530717960,2.3247785636564471,-0.6767923074547182
0.1047197551196597,2.3247785636564471,-1.0374096261557311
0.1466076571675237,2.3247785636564471,-1.3313962934066830
0.1884955592153876,2.3247785636564471,-1.5635928021036103
0.2303834612632514,2.3247785636564471,-1.7386993410006382
0.2722713633111153,2.3247785636564471,-1.8612757947099781
0.3141592653589793,2.3247785636564471,-1.9357417437019269
0.3560471674068433,2.3247785636564471,-1.9663764643048662
0.3979350694547070,2.3247785636564471,-1.9573189287052655
0.4398229715025710,2.3247785636564471,-1.9125678049476778
0.4817108735504350,2.3247785636564471,-1.8359814569347430
0.5235987755982989,2.3247785636564471,-1.7312779444271873
0.5654866776461627,2.3247785636564471,-1.6020350230438232
0.6073745796940266,2.3247785636564471,-1.4516901442615464
0.6492624817418906,2.3247785636564471,-1.2835404554153407
0.6911503837897545,2.3247785636564471,-1.1007427996982753
0.7330382858376183,2.3247785636564471,-0.9063137161615056
0.7749261878854823,2.3247785636564471,-0.7031294397142701
0.8168140899333461,2.3247785636564471,-0.4939259011238980
0.8587019919812100,2.3247785636564471,-0.2812987270158008
0.9005898940290740,2.3247785636564471,-0.0677032398734750
0.9424777960769379,2.3247785636564471,0.0722727709807468
0.9843656981248019,2.3247785636564471,0.1766364521447179
1.0262536001726656,2.3247785636564471,0.2782222185262975
1.0681415022205296,2.3247785636564471,0.3760830171675660
1.1100294042683936,2.3247785636564471,0.4693419471815589
1.1519173063162575,2.3247785636564471,0.5571922597522700
1.1938052083641213,2.3247785636564471,0.6388973581346494
1.2356931104119853,2.3247785636564471,0.7137907976546058
1.2775810124598492,2.3247785636564471,0.7812762857090030
1.3194689145077132,2.3247785636564471,0.8408276817656630
1.3613568165555769,2.3247785636564471,0.8919889973633648
1.4032447186034409,2.3247785636564471,0.9343743961118447
1.4451326206513049,2.3247785636564471,0.9676681936917952
1.4870205226991688,2.3247785636564471,0.9916248578548672
1.5289084247470326,2.3247785636564471,1.0060690084236672
1.5707963267948966,2.3247785636564471,1.0108954172917601
1.6126842288427605,2.3247785636564471,1.0060690084236672
1.6545721308906245,2.3247785636564471,0.9916248578548669
1.6964600329384882,2.3247785636564471,0.9676681936917952
1.7383479349863524,2.3247785636564471,0.9343743961118445
1.7802358370342162,2.3247785636564471,0.8919889973633648
1.8221237390820799,2.3247785636564471,0.8408276817656630
1.8640116411299441,2.3247785636564471,0.7812762857090028
1.9058995431778079,2.3247785636564471,0.7137907976546058
1.9477874452256716,2.3247785636564471,0.6388973581346499
1.9896753472735358,2.3247785636564471,0.5571922597522698
2.0315632493213993,2.3247785636564471,0.4693419471815595
2.0734511513692637,2.3247785636564471,0.3760830171675655
2.1153390534171272,2.3247785636564471,0.2782222185262980
2.1572269554649912,2.3247785636564471,0.1766364521447179
2.1991148575128552,2.3247785636564471,0.0722727709807468
2.2410027595607191,2.3247785636564471,-0.0677032398734750
2.2828906616085827,2.3247785636564471,-0.2812987270157984
2.3247785636564471,2.3247785636564471,-0.4939259011238987
2.3666664657043106,2.3247785636564471,-0.7031294397142687
2.4085543677521750,2.3247785636564471,-0.9063137161615066
2.4504422698000385,2.3247785636564471,-1.1007427996982746
2.4923301718479025,2.3247785636564471,-1.2835404554153407
2.5342180738957665,2.3247785636564471,-1.4516901442615464
2.5761059759436304,2.3247785636564471,-1.6020350230438232
2.6179938779914940,2.3247785636564471,-1.7312779444271873
2.6598817800393584,2.3247785636564471,-1.8359814569347443
2.7017696820872219,2.3247785636564471,-1.9125678049476778
2.7436575841350863,2.3247785636564471,-1.9573189287052659
2.7855454861829498,2.3247785636564471,-1.9663764643048662
2.8274333882308138,2.3247785636564471,-1.9357417437019269
2.8693212902786778,2.3247785636564471,-1.8612757947099781
2.9112091923265417,2.3247785636564471,-1.7386993410006382
2.9530970943744053,2.3247785636564471,-1.5635928021036116
2.9949849964222697,2.3247785636564471,-1.3313962934066819
3.0368728984701332,2.3247785636564471,-1.0374096261557331
3.0787608005179976,2.3247785636564471,-0.6767923074547142
3.1206487025658611,2.3247785636564471,-0.2445635402656871
0.0209439510239320,2.3666664657043106,-0.2439841894396642
0.0628318530717960,2.3666664657043106,-0.6766861355517386
0.1047197551196597,2.3666664657043106,-1.0398070732826905
0.1466076571675237,2.3666664657043106,-1.3381575160110597
0.1884955592153876,2.3666664657043106,-1.5764124696962665
0.2303834612632514,2.3666664657043106,-1.7591114328786188
0.2722713633111153,2.3666664657043106,-1.8906583966793140
0.3141592653589793,2.3666664657043106,-1.9753218448004317
0.3560471674068433,2.3666664657043106,-2.0172347535249400
0.3979350694547070,2.3666664657043106,-2.0203945917166930
0.4398229715025710,2.3666664657043106,-1.9886633208204307
0.4817108735504350,2.3666664657043106,-1.9257673948617808
0.5235987755982989,2.3666664657043106,-1.8352977604472542
0.5654866776461627,2.3666664657043106,-1.7207098567642529
0.6073745796940266,2.3666664657043106,-1.5853236155810599
0.6492624817418906,2.3666664657043106,-1.4323234612468481
0.6911503837897545,2.3666664657043106,-1.2647583106916755
0.7330382858376183,2.3666664657043106,-1.0855415734264868
0.7749261878854823,2.3666664657043106,-0.8974511515431113
0.8168140899333461,2.3666664657043106,-0.7031294397142688
0.8587019919812100,2.3666664657043106,-0.5050833251935598
0.9005898940290740,2.3666664657043106,-0.3056841878154755
0.9424777960769379,2.3666664657043106,-0.1071678999953909
0.9843656981248019,2.3666664657043106,0.0441825866352154
1.0262536001726656,2.3666664657043106,0.1394750872024200
1.0681415022205296,2.3666664657043106,0.2313788766249024
1.1100294042683936,2.3666664657043106,0.3190470335332010
1.1519173063162575,2.3666664657043106,0.4017003902674127
1.1938052083641213,2.3666664657043106,0.4786275328771893
1.2356931104119853,2.3666664657043106,0.5491848011217421
1.2775810124598492,2.3666664657043106,0.6127962884698372
1.3194689145077132,2.3666664657043106,0.6689538420997986
1.3613568165555769,2.3666664657043106,0.7172170628995066
1.4032447186034409,2.3666664657043106,0.7572133054663985
1.4451326206513049,2.3666664657043106,0.7886376781074688
1.4870205226991688,2.3666664657043106,0.8112530428392684
1.5289084247470326,2.3666664657043106,0.8248900153879045
1.5707963267948966,2.3666664657043106,0.8294469651890430
1.6126842288427605,2.3666664657043106,0.8248900153879045
1.6545721308906245,2.3666664657043106,0.8112530428392681
1.6964600329384882,2.3666664657043106,0.7886376781074688
1.7383479349863524,2.3666664657043106,0.7572133054663983
1.7802358370342162,2.3666664657043106,0.7172170628995066
1.8221237390820799,2.3666664657043106,0.6689538420997986
1.8640116411299441,2.3666664657043106,0.6127962884698370
1.9058995431778079,2.3666664657043106,0.5491848011217421
1.9477874452256716,2.3666664657043106,0.4786275328771895
1.9896753472735358,2.3666664657043106,0.4017003902674122
2.0315632493213993,2.3666664657043106,0.3190470335332015
2.0734511513692637,2.3666664657043106,0.2313788766249019
2.1153390534171272,2.3666664657043106,0.1394750872024207
2.1572269554649912,2.3666664657043106,0.0441825866352154
2.1991148575128552,2.3666664657043106,-0.1071678999953909
2.2410027595607191,2.3666664657043106,-0.3056841878154755
2.2828906616085827,2.3666664657043106,-0.5050833251935584
2.3247785636564471,2.3666664657043106,-0.7031294397142687
2.3666664657043106,2.3666664657043106,-0.8974511515431105
2.4085543677521750,2.3666664657043106,-1.0855415734264879
2.4504422698000385,2.3666664657043106,-1.2647583106916758
2.4923301718479025,2.3666664657043106,-1.4323234612468481
2.5342180738957665,2.3666664657043106,-1.5853236155810599
2.5761059759436304,2.3666664657043106,-1.7207098567642529
2.6179938779914940,2.3666664657043106,-1.8352977604472545
2.6598817800393584,2.3666664657043106,-1.9257673948617815
2.7017696820872219,2.3666664657043106,-1.9886633208204310
2.7436575841350863,2.3666664657043106,-2.0203945917166934
2.7855454861829498,2.3666664657043106,-2.0172347535249400
2.8274333882308138,2.3666664657043106,-1.9753218448004317
2.8693212902786778,2.3666664657043106,-1.8906583966793140
2.9112091923265417,2.3666664657043106,-1.7591114328786188
2.9530970943744053,2.3666664657043106,-1.5764124696962674
2.9949849964222697,2.3666664657043106,-1.3381575160110584
3.0368728984701332,2.3666664657043106,-1.0398070732826923
3.0787608005179976,2.3666664657043106,-0.6766861355517344
3.1206487025658611,2.3666664657043106,-0.2439841894396642
0.0209439510239320,2.4085543677521750,-0.2427771244162000
0.0628318530717960,2.4085543677521750,-0.6748090468415425
0.1047197551196597,2.4085543677521750,-1.0394321758776717
0.1466076571675237,2.4085543677521750,-1.3412775367215801
0.1884955592153876,2.4085543677521750,-1.5848457031562539
0.2303834612632514,2.4085543677521750,-1.7745067975506816
0.2722713633111153,2.4085543677521750,-1.9145004908598540
0.3141592653589793,2.4085543677521750,-2.0089360026247594
0.3560471674068433,2.4085543677521750,-2.0617921009723887
0.3979350694547070,2.4085543677521750,-2.0769171026157309
0.4398229715025710,2.4085543677521750,-2.0580288728537783
0.4817108735504350,2.4085543677521750,-2.0087148255715204
0.5235987755982989,2.4085543677521750,-1.9324319232399494
0.5654866776461627,2.4085543677521750,-1.8325066769160565
0.6073745796940266,2.4085543677521750,-1.7121351462428334
0.6492624817418906,2.4085543677521750,-1.5743829394492723
0.6911503837897545,2.4085543677521750,-1.4221852133503661
0.7330382858376183,2.4085543677521750,-1.2583466733471071
0.7749261878854823,2.4085543677521750,-1.0855415734264893
0.8168140899333461,2.4085543677521750,-0.9063137161615052
0.8587019919812100,2.4085543677521750,-0.7230764527111516
0.9005898940290740,2.4085543677521750,-0.5381126828204186
0.9424777960769379,2.4085543677521750,-0.3535748548203028
0.9843656981248019,2.4085543677521750,-0.1714849656277994
1.0262536001726656,2.4085543677521750,0.0031327196270478
1.0681415022205296,2.4085543677521750,0.0889576328681947
1.1100294042683936,2.4085543677521750,0.1709169355720420
1.1519173063162575,2.4085543677521750,0.2482605321080923
1.1938052083641213,2.4085543677521750,0.3203035525528462
1.2356931104119853,2.4085543677521750,0.3864263526898064
1.2775810124598492,2.4085543677521750,0.4460745140094737
1.3194689145077132,2.4085543677521750,0.4987588437093495
1.3613568165555769,2.4085543677521750,0.5440553746939351
1.4032447186034409,2.4085543677521750,0.5816053655747310
1.4451326206513049,2.4085543677521750,0.6111153006702380
1.4870205226991688,2.4085543677521750,0.6323568900059572
1.5289084247470326,2.4085543677521750,0.6451670693143883
1.5707963267948966,2.4085543677521750,0.6494480000350321
1.6126842288427605,2.4085543677521750,0.6451670693143883
1.6545721308906245,2.4085543677521750,0.6323568900059570
1.6964600329384882,2.4085543677521750,0.6111153006702380
1.7383479349863524,2.4085543677521750,0.5816053655747307
1.7802358370342162,2.4085543677521750,0.5440553746939351
1.8221237390820799,2.4085543677521750,0.4987588437093495
1.8640116411299441,2.4085543677521750,0.4460745140094734
1.9058995431778079,2.4085543677521750,0.3864263526898064
1.9477874452256716,2.4085543677521750,0.3203035525528464
1.9896753472735358,2.4085543677521750,0.2482605321080918
2.0315632493213993,2.4085543677521750,0.1709169355720425
2.0734511513692637,2.4085543677521750,0.0889576328681942
2.1153390534171272,2.4085543677521750,0.0031327196270485
2.1572269554649912,2.4085543677521750,-0.1714849656277994
2.1991148575128552,2.4085543677521750,-0.3535748548203028
2.2410027595607191,2.4085543677521750,-0.5381126828204186
2.2828906616085827,2.4085543677521750,-0.7230764527111487
2.3247785636564471,2.4085543677521750,-0.9063137161615067
2.3666664657043106,2.4085543677521750,-1.0855415734264879
2.4085543677521750,2.4085543677521750,-1.2583466733471080
2.4504422698000385,2.4085543677521750,-1.4221852133503647
2.4923301718479025,2.4085543677521750,-1.5743829394492723
2.5342180738957665,2.4085543677521750,-1.7121351462428334
2.5761059759436304,2.4085543677521750,-1.8325066769160565
2.6179938779914940,2.4085543677521750,-1.9324319232399494
2.6598817800393584,2.4085543677521750,-2.0087148255715217
2.7017696820872219,2.4085543677521750,-2.0580288728537788
2.7436575841350863,2.4085543677521750,-2.0769171026157318
2.7855454861829498,2.4085543677521750,-2.0617921009723887
2.8274333882308138,2.4085543677521750,-2.0089360026247594
2.8693212902786778,2.4085543677521750,-1.9145004908598540
2.9112091923265417,2.4085543677521750,-1.7745067975506816
2.9530970943744053,2.4085543677521750,-1.5848457031562555
2.9949849964222697,2.4085543677521750,-1.3412775367215788
3.0368728984701332,2.4085543677521750,-1.0394321758776737
3.0787608005179976,2.4085543677521750,-0.6748090468415382
3.1206487025658611,2.4085543677521750,-0.2427771244162000
0.0209439510239320,2.4504422698000385,-0.2408481771000458
0.0628318530717960,2.4504422698000385,-0.6708823290422192
0.1047197551196597,2.4504422698000385,-1.0358267334772167
0.1466076571675237,2.4504422698000385,-1.3401237228983525
0.1884955592153876,2.4504422698000385,-1.5880904936723612
0.2303834612632514,2.4504422698000385,-1.7839191060394084
0.2722713633111153,2.4504422698000385,-1.9316764841130889
0.3141592653589793,2.4504422698000385,-2.0353044158804230
0.3560471674068433,2.4504422698000385,-2.0986195532018601
0.3979350694547070,2.4504422698000385,-2.1253134118112769
0.4398229715025710,2.4504422698000385,-2.1189523713159790
0.4817108735504350,2.4504422698000385,-2.0829776751967004
0.5235987755982989,2.4504422698000385,-2.0207054308075998
0.5654866776461627,2.4504422698000385,-1.9353266093762682
0.6073745796940266,2.4504422698000385,-1.8299070460037195
0.6492624817418906,2.4504422698000385,-1.7073874396643995
0.6911503837897545,2.4504422698000385,-1.5705833532061813
0.7330382858376183,2.4504422698000385,-1.4221852133503639
0.7749261878854823,2.4504422698000385,-1.2647583106916760
0.8168140899333461,2.4504422698000385,-1.1007427996982742
0.8587019919812100,2.4504422698000385,-0.9324536987117420
0.9005898940290740,2.4504422698000385,-0.7620808899470903
0.9424777960769379,2.4504422698000385,-0.5916891194927605
0.9843656981248019,2.4504422698000385,-0.4232179973106184
1.0262536001726656,2.4504422698000385,-0.2584819972359623
1.0681415022205296,2.4504422698000385,-0.0991704569775128
1.1100294042683936,2.4504422698000385,0.0265762109412887
1.1519173063162575,2.4504422698000385,0.0985237869443645
1.1938052083641213,2.4504422698000385,0.1656005348559675
1.2356931104119853,2.4504422698000385,0.2272120580748807
1.2775810124598492,2.4504422698000385,0.2828265280631722
1.3194689145077132,2.4504422698000385,0.3319746843461964
1.3613568165555769,2.4504422698000385,0.3742498345125944
1.4032447186034409,2.4504422698000385,0.4093078542142926
1.4451326206513049,2.4504422698000385,0.4368671871665039
1.4870205226991688,2.4504422698000385,0.4567088451477272
1.5289084247470326,2.4504422698000385,0.4686764079997470
1.5707963267948966,2.4504422698000385,0.4726760236276348
1.6126842288427605,2.4504422698000385,0.4686764079997470
1.6545721308906245,2.4504422698000385,0.4567088451477270
1.6964600329384882,2.4504422698000385,0.4368671871665039
1.7383479349863524,2.4504422698000385,0.4093078542142923
1.7802358370342162,2.4504422698000385,0.3742498345125944
1.8221237390820799,2.4504422698000385,0.3319746843461964
1.8640116411299441,2.4504422698000385,0.2828265280631719
1.9058995431778079,2.4504422698000385,0.2272120580748807
1.9477874452256716,2.4504422698000385,0.1656005348559679
1.9896753472735358,2.4504422698000385,0.0985237869443643
2.0315632493213993,2.4504422698000385,0.0265762109412891
2.0734511513692637,2.4504422698000385,-0.0991704569775136
2.1153390534171272,2.4504422698000385,-0.2584819972359615
2.1572269554649912,2.4504422698000385,-0.4232179973106184
2.1991148575128552,2.4504422698000385,-0.5916891194927605
2.2410027595607191,2.4504422698000385,-0.7620808899470903
2.2828906616085827,2.4504422698000385,-0.9324536987117400
2.3247785636564471,2.4504422698000385,-1.1007427996982746
2.3666664657043106,2.4504422698000385,-1.2647583106916758
2.4085543677521750,2.4504422698000385,-1.4221852133503647
2.4504422698000385,2.4504422698000385,-1.5705833532061808
2.4923301718479025,2.4504422698000385,-1.7073874396643995
2.5342180738957665,2.4504422698000385,-1.8299070460037195
2.5761059759436304,2.4504422698000385,-1.9353266093762682
2.6179938779914940,2.4504422698000385,-2.0207054308076002
2.6598817800393584,2.4504422698000385,-2.0829776751967013
2.7017696820872219,2.4504422698000385,-2.1189523713159808
2.7436575841350863,2.4504422698000385,-2.1253134118112773
2.7855454861829498,2.4504422698000385,-2.0986195532018601
2.8274333882308138,2.4504422698000385,-2.0353044158804230
2.8693212902786778,2.4504422698000385,-1.9316764841130889
2.9112091923265417,2.4504422698000385,-1.7839191060394084
2.9530970943744053,2.4504422698000385,-1.5880904936723623
2.9949849964222697,2.4504422698000385,-1.3401237228983511
3.0368728984701332,2.4504422698000385,-1.0358267334772187
3.0787608005179976,2.4504422698000385,-0.6708823290422150
3.1206487025658611,2.4504422698000385,-0.2408481771000458
0.0209439510239320,2.4923301718479025,-0.2380983502628634
0.0628318530717960,2.4923301718479025,-0.6646129769343244
0.1047197551196597,2.4923301718479025,-1.0285090481582024
0.1466076571675237,2.4923301718479025,-1.3340309992020019
0.1884955592153876,2.4923301718479025,-1.5853037037763906
0.2303834612632514,2.4923301718479025,-1.7863324740352058
0.2722713633111153,2.4923301718479025,-1.9410030605754571
0.3141592653589793,2.4923301718479025,-2.0530816524373199
0.3560471674068433,2.4923301718479025,-2.1262148771041400
0.3979350694547070,2.4923301718479025,-2.1639298005024310
0.4398229715025710,2.4923301718479025,-2.1696339270018790
0.4817108735504350,2.4923301718479025,-2.1466151994153346
0.5235987755982989,2.4923301718479025,-2.0980419989988190
0.5654866776461627,2.4923301718479025,-2.0269631454515245
0.6073745796940266,2.4923301718479025,-1.9363078969158092
0.6492624817418906,2.4923301718479025,-1.8288859499772017
0.6911503837897545,2.4923301718479025,-1.7073874396644002
0.7330382858376183,2.4923301718479025,-1.5743829394492712
0.7749261878854823,2.4923301718479025,-1.4323234612468492
0.8168140899333461,2.4923301718479025,-1.2835404554153400
0.8587019919812100,2.4923301718479025,-1.1302458107561171
0.9005898940290740,2.4923301718479025,-0.9745318545137216
0.9424777960769379,2.4923301718479025,-0.8183713523758660
0.9843656981248019,2.4923301718479025,-0.6636175084734320
1.0262536001726656,2.4923301718479025,-0.5120039653804672
1.0681415022205296,2.4923301718479025,-0.3651448041141908
1.1100294042683936,2.4923301718479025,-0.2245345441349904
1.1519173063162575,2.4923301718479025,-0.0915481433464230
1.1938052083641213,2.4923301718479025,0.0162795009523930
1.2356931104119853,2.4923301718479025,0.0733255284143718
1.2775810124598492,2.4923301718479025,0.1248558740961924
1.3194689145077132,2.4923301718479025,0.1704221821597385
1.3613568165555769,2.4923301718479025,0.2096358775453096
1.4032447186034409,2.4923301718479025,0.2421681659716204
1.4451326206513049,2.4923301718479025,0.2677500339358011
1.4870205226991688,2.4923301718479025,0.2861722487133976
1.5289084247470326,2.4923301718479025,0.2972853583583708
1.5707963267948966,2.4923301718479025,0.3009996917030979
1.6126842288427605,2.4923301718479025,0.2972853583583708
1.6545721308906245,2.4923301718479025,0.2861722487133974
1.6964600329384882,2.4923301718479025,0.2677500339358011
1.7383479349863524,2.4923301718479025,0.2421681659716202
1.7802358370342162,2.4923301718479025,0.2096358775453096
1.8221237390820799,2.4923301718479025,0.1704221821597385
1.8640116411299441,2.4923301718479025,0.1248558740961921
1.9058995431778079,2.4923301718479025,0.0733255284143718
1.9477874452256716,2.4923301718479025,0.0162795009523935
1.9896753472735358,2.4923301718479025,-0.0915481433464238
2.0315632493213993,2.4923301718479025,-0.2245345441349897
2.0734511513692637,2.4923301718479025,-0.3651448041141916
2.1153390534171272,2.4923301718479025,-0.5120039653804667
2.1572269554649912,2.4923301718479025,-0.6636175084734320
2.1991148575128552,2.4923301718479025,-0.8183713523758660
2.2410027595607191,2.4923301718479025,-0.9745318545137216
2.2828906616085827,2.4923301718479025,-1.1302458107561153
2.3247785636564471,2.4923301718479025,-1.2835404554153407
2.3666664657043106,2.4923301718479025,-1.4323234612468481
2.4085543677521750,2.4923301718479025,-1.5743829394492723
2.4504422698000385,2.4923301718479025,-1.7073874396643998
2.4923301718479025,2.4923301718479025,-1.8288859499772017
2.5342180738957665,2.4923301718479025,-1.9363078969158092
2.5761059759436304,2.4923301718479025,-2.0269631454515245
2.6179938779914940,2.4923301718479025,-2.0980419989988195
2.6598817800393584,2.4923301718479025,-2.1466151994153346
2.7017696820872219,2.4923301718479025,-2.1696339270018794
2.7436575841350863,2.4923301718479025,-2.1639298005024314
2.7855454861829498,2.4923301718479025,-2.1262148771041400
2.8274333882308138,2.4923301718479025,-2.0530816524373199
2.8693212902786778,2.4923301718479025,-1.9410030605754571
2.9112091923265417,2.4923301718479025,-1.7863324740352058
2.9530970943744053,2.4923301718479025,-1.5853037037763917
2.9949849964222697,2.4923301718479025,-1.3340309992020005
3.0368728984701332,2.4923301718479025,-1.0285090481582042
3.0787608005179976,2.4923301718479025,-0.6646129769343202
3.1206487025658611,2.4923301718479025,-0.2380983502628634
0.0209439510239320,2.5342180738957665,-0.2344238175432246
0.0628318530717960,2.5342180738957665,-0.6556936923608797
0.1047197551196597,2.5342180738957665,-1.0169739245378411
0.1466076571675237,2.5342180738957665,-1.3223018475936736
0.1884955592153876,2.5342180738957665,-1.5756010673431589
0.2303834612632514,2.5342180738957665,-1.7806814618963049
0.2722713633111153,2.5342180738957665,-1.9412391816583445
0.3141592653589793,2.5342180738957665,-2.0608566493297324
0.3560471674068433,2.5342180738957665,-2.1430025599061477
0.3979350694547070,2.5342180738957665,-2.1910318806784925
0.4398229715025710,2.5342180738957665,-2.2081858512328933
0.4817108735504350,2.5342180738957665,-2.1975919834506992
0.5235987755982989,2.5342180738957665,-2.1622640615084854
0.5654866776461627,2.5342180738957665,-2.1051021418780480
0.6073745796940266,2.5342180738957665,-2.0288925533264077
0.6492624817418906,2.5342180738957665,-1.9363078969158087
0.6911503837897545,2.5342180738957665,-1.8299070460037195
0.7330382858376183,2.5342180738957665,-1.7121351462428325
0.7749261878854823,2.5342180738957665,-1.5853236155810608
0.8168140899333461,2.5342180738957665,-1.4516901442615457
0.8587019919812100,2.5342180738957665,-1.3133386948226493
0.9005898940290740,2.5342180738957665,-1.1722595020979565
0.9424777960769379,2.5342180738957665,-1.0303290732162782
0.9843656981248019,2.5342180738957665,-0.8893101876016491
1.0262536001726656,2.5342180738957665,-0.7508518969733247
1.0681415022205296,2.5342180738957665,-0.6164895253457859
1.1100294042683936,2.5342180738957665,-0.4876446690287382
1.1519173063162575,2.5342180738957665,-0.3656251966271094
1.1938052083641213,2.5342180738957665,-0.2516252490410513
1.2356931104119853,2.5342180738957665,-0.1467252394659386
1.2775810124598492,2.5342180738957665,-0.0518918533923703
1.3194689145077132,2.5342180738957665,0.0160109756969149
1.3613568165555769,2.5342180738957665,0.0521384724058080
1.4032447186034409,2.5342180738957665,0.0821238122423592
1.4451326206513049,2.5342180738957665,0.1057111078708215
1.4870205226991688,2.5342180738957665,0.1227013358078367
1.5289084247470326,2.5342180738957665,0.1329523364224337
1.5707963267948966,2.5342180738957665,0.1363788139360309
1.6126842288427605,2.5342180738957665,0.1329523364224337
1.6545721308906245,2.5342180738957665,0.1227013358078365
1.6964600329384882,2.5342180738957665,0.1057111078708215
1.7383479349863524,2.5342180738957665,0.0821238122423590
1.7802358370342162,2.5342180738957665,0.0521384724058080
1.8221237390820799,2.5342180738957665,0.0160109756969149
1.8640116411299441,2.5342180738957665,-0.0518918533923711
1.9058995431778079,2.5342180738957665,-0.1467252394659386
1.9477874452256716,2.5342180738957665,-0.2516252490410505
1.9896753472735358,2.5342180738957665,-0.3656251966271102
2.0315632493213993,2.5342180738957665,-0.4876446690287375
2.0734511513692637,2.5342180738957665,-0.6164895253457867
2.1153390534171272,2.5342180738957665,-0.7508518969733241
2.1572269554649912,2.5342180738957665,-0.8893101876016491
2.1991148575128552,2.5342180738957665,-1.0303290732162782
2.2410027595607191,2.5342180738957665,-1.1722595020979565
2.2828906616085827,2.5342180738957665,-1.3133386948226475
2.3247785636564471,2.5342180738957665,-1.4516901442615462
2.3666664657043106,2.5342180738957665,-1.5853236155810597
2.4085543677521750,2.5342180738957665,-1.7121351462428331
2.4504422698000385,2.5342180738957665,-1.8299070460037195
2.4923301718479025,2.5342180738957665,-1.9363078969158087
2.5342180738957665,2.5342180738957665,-2.0288925533264077
2.5761059759436304,2.5342180738957665,-2.1051021418780480
2.6179938779914940,2.5342180738957665,-2.1622640615084858
2.6598817800393584,2.5342180738957665,-2.1975919834507001
2.7017696820872219,2.5342180738957665,-2.2081858512328933
2.7436575841350863,2.5342180738957665,-2.1910318806784925
2.7855454861829498,2.5342180738957665,-2.1430025599061477
2.8274333882308138,2.5342180738957665,-2.0608566493297324
2.8693212902786778,2.5342180738957665,-1.9412391816583445
2.9112091923265417,2.5342180738957665,-1.7806814618963049
2.9530970943744053,2.5342180738957665,-1.5756010673431604
2.9949849964222697,2.5342180738957665,-1.3223018475936723
3.0368728984701332,2.5342180738957665,-1.0169739245378433
3.0787608005179976,2.5342180738957665,-0.6556936923608757
3.1206487025658611,2.5342180738957665,-0.2344238175432246
0.0209439510239320,2.5761059759436304,-0.2297159234466116
0.0628318530717960,2.5761059759436304,-0.6438028842273729
0.1047197551196597,2.5761059759436304,-1.0006926697736809
0.1466076571675237,2.5761059759436304,-1.3042063073350298
0.1884955592153876,2.5761059759436304,-1.5580571895904998
0.2303834612632514,2.5761059759436304,-1.7658510746487630
0.2722713633111153,2.5761059759436304,-1.9310860860480881
0.3141592653589793,2.5761059759436304,-2.0571527127563307
0.3560471674068433,2.5761059759436304,-2.1473338091709411
0.3979350694547070,2.5761059759436304,-2.2048045951189583
0.4398229715025710,2.5761059759436304,-2.2326326558570191
0.4817108735504350,2.5761059759436304,-2.2337779420713457
0.5235987755982989,2.5761059759436304,-2.2110927698777547
0.5654866776461627,2.5761059759436304,-2.1673218208216558
0.6073745796940266,2.5761059759436304,-2.1051021418780480
0.6492624817418906,2.5761059759436304,-2.0269631454515240
0.6911503837897545,2.5761059759436304,-1.9353266093762682
0.7330382858376183,2.5761059759436304,-1.8325066769160561
0.7749261878854823,2.5761059759436304,-1.7207098567642536
0.8168140899333461,2.5761059759436304,-1.6020350230438229
0.8587019919812100,2.5761059759436304,-1.4784734153073138
0.9005898940290740,2.5761059759436304,-1.3519086385368688
0.9424777960769379,2.5761059759436304,-1.2241166631442231
0.9843656981248019,2.5761059759436304,-1.0967658249707051
1.0262536001726656,2.5761059759436304,-0.9714168252872312
1.0681415022205296,2.5761059759436304,-0.8495227307943123
1.1100294042683936,2.5761059759436304,-0.7324289736220512
1.1519173063162575,2.5761059759436304,-0.6213733513301418
1.1938052083641213,2.5761059759436304,-0.5174860269078699
1.2356931104119853,2.5761059759436304,-0.4217895287741125
1.2775810124598492,2.5761059759436304,-0.3351987507773388
1.3194689145077132,2.5761059759436304,-0.2585209521956114
1.3613568165555769,2.5761059759436304,-0.1924557577365839
1.4032447186034409,2.5761059759436304,-0.1375951575374989
1.4451326206513049,2.5761059759436304,-0.0944235071651948
1.4870205226991688,2.5761059759436304,-0.0633175276161002
1.5289084247470326,2.5761059759436304,-0.0445463053162357
1.5707963267948966,2.5761059759436304,-0.0382712921212125
1.6126842288427605,2.5761059759436304,-0.0445463053162357
1.6545721308906245,2.5761059759436304,-0.0633175276161002
1.6964600329384882,2.5761059759436304,-0.0944235071651948
1.7383479349863524,2.5761059759436304,-0.1375951575374989
1.7802358370342162,2.5761059759436304,-0.1924557577365839
1.8221237390820799,2.5761059759436304,-0.2585209521956114
1.8640116411299441,2.5761059759436304,-0.3351987507773396
1.9058995431778079,2.5761059759436304,-0.4217895287741125
1.9477874452256716,2.5761059759436304,-0.5174860269078692
1.9896753472735358,2.5761059759436304,-0.6213733513301426
2.0315632493213993,2.5761059759436304,-0.7324289736220506
2.0734511513692637,2.5761059759436304,-0.8495227307943130
2.1153390534171272,2.5761059759436304,-0.9714168252872306
2.1572269554649912,2.5761059759436304,-1.0967658249707051
2.1991148575128552,2.5761059759436304,-1.2241166631442231
2.2410027595607191,2.5761059759436304,-1.3519086385368688
2.2828906616085827,2.5761059759436304,-1.4784734153073125
2.3247785636564471,2.5761059759436304,-1.6020350230438234
2.3666664657043106,2.5761059759436304,-1.7207098567642529
2.4085543677521750,2.5761059759436304,-1.8325066769160565
2.4504422698000385,2.5761059759436304,-1.9353266093762680
2.4923301718479025,2.5761059759436304,-2.0269631454515240
2.5342180738957665,2.5761059759436304,-2.1051021418780480
2.5761059759436304,2.5761059759436304,-2.1673218208216558
2.6179938779914940,2.5761059759436304,-2.2110927698777552
2.6598817800393584,2.5761059759436304,-2.2337779420713462
2.7017696820872219,2.5761059759436304,-2.2326326558570195
2.7436575841350863,2.5761059759436304,-2.2048045951189592
2.7855454861829498,2.5761059759436304,-2.1473338091709411
2.8274333882308138,2.5761059759436304,-2.0571527127563307
2.8693212902786778,2.5761059759436304,-1.9310860860480881
2.9112091923265417,2.5761059759436304,-1.7658510746487630
2.9530970943744053,2.5761059759436304,-1.5580571895905007
2.9949849964222697,2.5761059759436304,-1.3042063073350283
3.0368728984701332,2.5761059759436304,-1.0006926697736827
3.0787608005179976,2.5761059759436304,-0.6438028842273686
3.1206487025658611,2.5761059759436304,-0.2297159234466116
0.0209439510239320,2.6179938779914940,-0.2238611833454172
0.0628318530717960,2.6179938779914940,-0.6286046685017578
0.1047197551196597,2.6179938779914940,-0.9791130935636051
0.1466076571675237,2.6179938779914940,-1.2789819749882521
0.1884955592153876,2.6179938779914940,-1.5317055470792587
0.2303834612632514,2.6179938779914940,-1.7406767619864605
0.2722713633111153,2.6179938779914940,-1.9091872897059694
0.3141592653589793,2.6179938779914940,-2.0404275180801674
0.3560471674068433,2.6179938779914940,-2.1374865527977107
0.3979350694547070,2.6179938779914940,-2.2033522173935314
0.4398229715025710,2.6179938779914940,-2.2409110532488312
0.4817108735504350,2.6179938779914940,-2.2529483195910882
0.5235987755982989,2.6179938779914940,-2.2421479934940551
0.5654866776461627,2.6179938779914940,-2.2110927698777552
0.6073745796940266,2.6179938779914940,-2.1622640615084858
0.6492624817418906,2.6179938779914940,-2.0980419989988190
0.6911503837897545,2.6179938779914940,-2.0207054308076002
0.7330382858376183,2.6179938779914940,-1.9324319232399487
0.7749261878854823,2.6179938779914940,-1.8352977604472549
0.8168140899333461,2.6179938779914940,-1.7312779444271869
0.8587019919812100,2.6179938779914940,-1.6222461950236828
0.9005898940290740,2.6179938779914940,-1.5099749499269550
0.9424777960769379,2.6179938779914940,-1.3961353646734909
0.9843656981248019,2.6179938779914940,-1.2822973126460511
1.0262536001726656,2.6179938779914940,-1.1699293850736674
1.0681415022205296,2.6179938779914940,-1.0603988910316480
1.1100294042683936,2.6179938779914940,-0.9549718574415735
1.1519173063162575,2.6179938779914940,-0.8548130290712981
1.1938052083641213,2.6179938779914940,-0.7609858685349498
1.2356931104119853,2.6179938779914940,-0.6744525562929289
1.2775810124598492,2.6179938779914940,-0.5960739906519102
1.3194689145077132,2.6179938779914940,-0.5266097877648431
1.3613568165555769,2.6179938779914940,-0.4667182816309502
1.4032447186034409,2.6179938779914940,-0.4169565240957248
1.4451326206513049,2.6179938779914940,-0.3777802848509372
1.4870205226991688,2.6179938779914940,-0.3495440514346302
1.5289084247470326,2.6179938779914940,-0.3325010292311198
1.5707963267948966,2.6179938779914940,-0.3268031414709951
1.6126842288427605,2.6179938779914940,-0.3325010292311198
1.6545721308906245,2.6179938779914940,-0.3495440514346302
1.6964600329384882,2.6179938779914940,-0.3777802848509372
1.7383479349863524,2.6179938779914940,-0.4169565240957248
1.7802358370342162,2.6179938779914940,-0.4667182816309502
1.8221237390820799,2.6179938779914940,-0.5266097877648431
1.8640116411299441,2.6179938779914940,-0.5960739906519109
1.9058995431778079,2.6179938779914940,-0.6744525562929289
1.9477874452256716,2.6179938779914940,-0.7609858685349490
1.9896753472735358,2.6179938779914940,-0.8548130290712989
2.0315632493213993,2.6179938779914940,-0.9549718574415730
2.0734511513692637,2.6179938779914940,-1.0603988910316486
2.1153390534171272,2.6179938779914940,-1.1699293850736669
2.1572269554649912,2.6179938779914940,-1.2822973126460511
2.1991148575128552,2.6179938779914940,-1.3961353646734909
2.2410027595607191,2.6179938779914940,-1.5099749499269550
2.2828906616085827,2.6179938779914940,-1.6222461950236813
2.3247785636564471,2.6179938779914940,-1.7312779444271873
2.3666664657043106,2.6179938779914940,-1.8352977604472540
2.4085543677521750,2.6179938779914940,-1.9324319232399489
2.4504422698000385,2.6179938779914940,-2.0207054308076002
2.4923301718479025,2.6179938779914940,-2.0980419989988190
2.5342180738957665,2.6179938779914940,-2.1622640615084858
2.5761059759436304,2.6179938779914940,-2.2110927698777552
2.6179938779914940,2.6179938779914940,-2.2421479934940556
2.6598817800393584,2.6179938779914940,-2.2529483195910891
2.7017696820872219,2.6179938779914940,-2.2409110532488317
2.7436575841350863,2.6179938779914940,-2.2033522173935309
2.7855454861829498,2.6179938779914940,-2.1374865527977107
2.8274333882308138,2.6179938779914940,-2.0404275180801674
2.8693212902786778,2.6179938779914940,-1.9091872897059694
2.9112091923265417,2.6179938779914940,-1.7406767619864605
2.9530970943744053,2.6179938779914940,-1.5317055470792602
2.9949849964222697,2.6179938779914940,-1.2789819749882509
3.0368728984701332,2.6179938779914940,-0.9791130935636072
3.0787608005179976,2.6179938779914940,-0.6286046685017540
3.1206487025658611,2.6179938779914940,-0.2238611833454172
0.0209439510239320,2.6598817800393584,-0.2167412834789439
0.0628318530717960,2.6598817800393584,-0.6097488682144544
0.1047197551196597,2.6598817800393584,-0.9516595081458323
0.1466076571675237,2.6598817800393584,-1.2458340044160388
0.1884955592153876,2.6598817800393584,-1.4955384877132978
0.2303834612632514,2.6598817800393584,-1.7039444182711028
0.2722713633111153,2.6598817800393584,-1.8741285858682204
0.3141592653589793,2.6598817800393584,-2.0090731098286811
0.3560471674068433,2.6598817800393584,-2.1116654390217864
0.3979350694547070,2.6598817800393584,-2.1846983518621057
0.4398229715025710,2.6598817800393584,-2.2308699563094803
0.4817108735504350,2.6598817800393584,-2.2527836898690161
0.5235987755982989,2.6598817800393584,-2.2529483195910891
0.5654866776461627,2.6598817800393584,-2.2337779420713462
0.6073745796940266,2.6598817800393584,-2.1975919834507005
0.6492624817418906,2.6598817800393584,-2.1466151994153351
0.6911503837897545,2.6598817800393584,-2.0829776751967013
0.7330382858376183,2.6598817800393584,-2.0087148255715213
0.7749261878854823,2.6598817800393584,-1.9257673948617822
0.8168140899333461,2.6598817800393584,-1.8359814569347437
0.8587019919812100,2.6598817800393584,-1.7411084152029326
0.9005898940290740,2.6598817800393584,-1.6428050026241445
0.9424777960769379,2.6598817800393584,-1.5426332817014436
0.9843656981248019,2.6598817800393584,-1.4420606444831647
1.0262536001726656,2.6598817800393584,-1.3424598125629084
1.0681415022205296,2.6598817800393584,-1.2451088370795464
1.1100294042683936,2.6598817800393584,-1.1511910987172189
1.1519173063162575,2.6598817800393584,-1.0617953077053348
1.1938052083641213,2.6598817800393584,-0.9779155038185708
1.2356931104119853,2.6598817800393584,-0.9004510563768736
1.2775810124598492,2.6598817800393584,-0.8302066642454574
1.3194689145077132,2.6598817800393584,-0.7678923558348072
1.3613568165555769,2.6598817800393584,-0.7141234891006765
1.4032447186034409,2.6598817800393584,-0.6694207515440845
1.4451326206513049,2.6598817800393584,-0.6342101602113234
1.4870205226991688,2.6598817800393584,-0.6088230616939516
1.5289084247470326,2.6598817800393584,-0.5934961321287978
1.5707963267948966,2.6598817800393584,-0.5883713771979577
1.6126842288427605,2.6598817800393584,-0.5934961321287978
1.6545721308906245,2.6598817800393584,-0.6088230616939516
1.6964600329384882,2.6598817800393584,-0.6342101602113234
1.7383479349863524,2.6598817800393584,-0.6694207515440845
1.7802358370342162,2.6598817800393584,-0.7141234891006765
1.8221237390820799,2.6598817800393584,-0.7678923558348072
1.8640116411299441,2.6598817800393584,-0.8302066642454581
1.9058995431778079,2.6598817800393584,-0.9004510563768736
1.9477874452256716,2.6598817800393584,-0.9779155038185703
1.9896753472735358,2.6598817800393584,-1.0617953077053355
2.0315632493213993,2.6598817800393584,-1.1511910987172185
2.0734511513692637,2.6598817800393584,-1.2451088370795471
2.1153390534171272,2.6598817800393584,-1.3424598125629079
2.1572269554649912,2.6598817800393584,-1.4420606444831647
2.1991148575128552,2.6598817800393584,-1.5426332817014436
2.2410027595607191,2.6598817800393584,-1.6428050026241445
2.2828906616085827,2.6598817800393584,-1.7411084152029317
2.3247785636564471,2.6598817800393584,-1.8359814569347439
2.3666664657043106,2.6598817800393584,-1.9257673948617811
2.4085543677521750,2.6598817800393584,-2.0087148255715217
2.4504422698000385,2.6598817800393584,-2.0829776751967013
2.4923301718479025,2.6598817800393584,-2.1466151994153351
2.5342180738957665,2.6598817800393584,-2.1975919834507005
2.5761059759436304,2.6598817800393584,-2.2337779420713462
2.6179938779914940,2.6598817800393584,-2.2529483195910895
2.6598817800393584,2.6598817800393584,-2.2527836898690161
2.7017696820872219,2.6598817800393584,-2.2308699563094812
2.7436575841350863,2.6598817800393584,-2.1846983518621057
2.7855454861829498,2.6598817800393584,-2.1116654390217864
2.8274333882308138,2.6598817800393584,-2.0090731098286811
2.8693212902786778,2.6598817800393584,-1.8741285858682204
2.9112091923265417,2.6598817800393584,-1.7039444182711028
2.9530970943744053,2.6598817800393584,-1.4955384877132989
2.9949849964222697,2.6598817800393584,-1.2458340044160372
3.0368728984701332,2.6598817800393584,-0.9516595081458340
3.0787608005179976,2.6598817800393584,-0.6097488682144504
3.1206487025658611,2.6598817800393584,-0.2167412834789439
0.0209439510239320,2.7017696820872219,-0.2082330809534055
0.0628318530717960,2.7017696820872219,-0.5868710134583491
0.1047197551196597,2.7017696820872219,-0.9177327282989175
0.1466076571675237,2.7017696820872219,-1.2039351067816086
0.1884955592153876,2.7017696820872219,-1.4485072307394937
0.2303834612632514,2.7017696820872219,-1.6543903825322208
0.2722713633111153,2.7017696820872219,-1.8244380450460209
0.3141592653589793,2.7017696820872219,-1.9614159016936963
0.3560471674068433,2.7017696820872219,-2.0680018364146306
0.3979350694547070,2.7017696820872219,-2.1467859336747837
0.4398229715025710,2.7017696820872219,-2.2002704784666958
0.4817108735504350,2.7017696820872219,-2.2308699563094807
0.5235987755982989,2.7017696820872219,-2.2409110532488312
0.5654866776461627,2.7017696820872219,-2.2326326558570200
0.6073745796940266,2.7017696820872219,-2.2081858512328933
0.6492624817418906,2.7017696820872219,-2.1696339270018790
0.6911503837897545,2.7017696820872219,-2.1189523713159799
0.7330382858376183,2.7017696820872219,-2.0580288728537783
0.7749261878854823,2.7017696820872219,-1.9886633208204316
0.8168140899333461,2.7017696820872219,-1.9125678049476773
0.8587019919812100,2.7017696820872219,-1.8313666154938300
0.9005898940290740,2.7017696820872219,-1.7465962432437796
0.9424777960769379,2.7017696820872219,-1.6597053795089973
0.9843656981248019,2.7017696820872219,-1.5720549161275301
1.0262536001726656,2.7017696820872219,-1.4849179454640016
1.0681415022205296,2.7017696820872219,-1.3994797604096143
1.1100294042683936,2.7017696820872219,-1.3168378543821482
1.1519173063162575,2.7017696820872219,-1.2380019213259612
1.1938052083641213,2.7017696820872219,-1.1638938557119880
1.2356931104119853,2.7017696820872219,-1.0953477525377409
1.2775810124598492,2.7017696820872219,-1.0331099073273098
1.3194689145077132,2.7017696820872219,-0.9778388161313634
1.3613568165555769,2.7017696820872219,-0.9301051755271481
1.4032447186034409,2.7017696820872219,-0.8903918826184849
1.4451326206513049,2.7017696820872219,-0.8590940350357761
1.4870205226991688,2.7017696820872219,-0.8365189309359994
1.5289084247470326,2.7017696820872219,-0.8228860690027114
1.5707963267948966,2.7017696820872219,-0.8183271484460447
1.6126842288427605,2.7017696820872219,-0.8228860690027114
1.6545721308906245,2.7017696820872219,-0.8365189309359994
1.6964600329384882,2.7017696820872219,-0.8590940350357761
1.7383479349863524,2.7017696820872219,-0.8903918826184849
1.7802358370342162,2.7017696820872219,-0.9301051755271481
1.8221237390820799,2.7017696820872219,-0.9778388161313634
1.8640116411299441,2.7017696820872219,-1.0331099073273105
1.9058995431778079,2.7017696820872219,-1.0953477525377409
1.9477874452256716,2.7017696820872219,-1.1638938557119873
1.9896753472735358,2.7017696820872219,-1.2380019213259619
2.0315632493213993,2.7017696820872219,-1.3168378543821480
2.0734511513692637,2.7017696820872219,-1.3994797604096147
2.1153390534171272,2.7017696820872219,-1.4849179454640009
2.1572269554649912,2.7017696820872219,-1.5720549161275301
2.1991148575128552,2.7017696820872219,-1.6597053795089973
2.2410027595607191,2.7017696820872219,-1.7465962432437796
2.2828906616085827,2.7017696820872219,-1.8313666154938288
2.3247785636564471,2.7017696820872219,-1.9125678049476775
2.3666664657043106,2.7017696820872219,-1.9886633208204307
2.4085543677521750,2.7017696820872219,-2.0580288728537783
2.4504422698000385,2.7017696820872219,-2.1189523713159808
2.4923301718479025,2.7017696820872219,-2.1696339270018790
2.5342180738957665,2.7017696820872219,-2.2081858512328933
2.5761059759436304,2.7017696820872219,-2.2326326558570200
2.6179938779914940,2.7017696820872219,-2.2409110532488317
2.6598817800393584,2.7017696820872219,-2.2308699563094803
2.7017696820872219,2.7017696820872219,-2.2002704784666962
2.7436575841350863,2.7017696820872219,-2.1467859336747841
2.7855454861829498,2.7017696820872219,-2.0680018364146306
2.8274333882308138,2.7017696820872219,-1.9614159016936963
2.8693212902786778,2.7017696820872219,-1.8244380450460209
2.9112091923265417,2.7017696820872219,-1.6543903825322208
2.9530970943744053,2.7017696820872219,-1.4485072307394951
2.9949849964222697,2.7017696820872219,-1.2039351067816073
3.0368728984701332,2.7017696820872219,-0.9177327282989192
3.0787608005179976,2.7017696820872219,-0.5868710134583452
3.1206487025658611,2.7017696820872219,-0.2082330809534055
0.0209439510239320,2.7436575841350863,-0.1982086037419250
0.0628318530717960,2.7436575841350863,-0.5595923413887934
0.1047197551196597,2.7436575841350863,-0.8767100713417492
0.1466076571675237,2.7436575841350863,-1.1524255505486973
0.1884955592153876,2.7436575841350863,-1.3895218667477367
0.2303834612632514,2.7436575841350863,-1.5907014384671689
0.2722713633111153,2.7436575841350863,-1.7585860150254971
0.3141592653589793,2.7436575841350863,-1.8957166765314206
0.3560471674068433,2.7436575841350863,-2.0045538338838425
0.3979350694547070,2.7436575841350863,-2.0874772287718630
0.4398229715025710,2.7436575841350863,-2.1467859336747837
0.4817108735504350,2.7436575841350863,-2.1846983518621057
0.5235987755982989,2.7436575841350863,-2.2033522173935305
0.5654866776461627,2.7436575841350863,-2.2048045951189597
0.6073745796940266,2.7436575841350863,-2.1910318806784930
0.6492624817418906,2.7436575841350863,-2.1639298005024319
0.6911503837897545,2.7436575841350863,-2.1253134118112778
0.7330382858376183,2.7436575841350863,-2.0769171026157318
0.7749261878854823,2.7436575841350863,-2.0203945917166939
0.8168140899333461,2.7436575841350863,-1.9573189287052659
0.8587019919812100,2.7436575841350863,-1.8891824939627484
0.9005898940290740,2.7436575841350863,-1.8173969986606417
0.9424777960769379,2.7436575841350863,-1.7432934847606469
0.9843656981248019,2.7436575841350863,-1.6681223250146653
1.0262536001726656,2.7436575841350863,-1.5930532229647960
1.0681415022205296,2.7436575841350863,-1.5191752129433409
1.1100294042683936,2.7436575841350863,-1.4474966600728003
1.1519173063162575,2.7436575841350863,-1.3789452602658749
1.1938052083641213,2.7436575841350863,-1.3143680402254647
1.2356931104119853,2.7436575841350863,-1.2545313574446701
1.2775810124598492,2.7436575841350863,-1.2001209002067910
1.3194689145077132,2.7436575841350863,-1.1517416875853288
1.3613568165555769,2.7436575841350863,-1.1099180694439841
1.4032447186034409,2.7436575841350863,-1.0750937264366554
1.4451326206513049,2.7436575841350863,-1.0476316700074442
1.4870205226991688,2.7436575841350863,-1.0278142423906504
1.5289084247470326,2.7436575841350863,-1.0158431166107744
1.5707963267948966,2.7436575841350863,-1.0118392964825156
1.6126842288427605,2.7436575841350863,-1.0158431166107744
1.6545721308906245,2.7436575841350863,-1.0278142423906504
1.6964600329384882,2.7436575841350863,-1.0476316700074442
1.7383479349863524,2.7436575841350863,-1.0750937264366554
1.7802358370342162,2.7436575841350863,-1.1099180694439841
1.8221237390820799,2.7436575841350863,-1.1517416875853288
1.8640116411299441,2.7436575841350863,-1.2001209002067916
1.9058995431778079,2.7436575841350863,-1.2545313574446701
1.9477874452256716,2.7436575841350863,-1.3143680402254641
1.9896753472735358,2.7436575841350863,-1.3789452602658756
2.0315632493213993,2.7436575841350863,-1.4474966600728001
2.0734511513692637,2.7436575841350863,-1.5191752129433413
2.1153390534171272,2.7436575841350863,-1.5930532229647958
2.1572269554649912,2.7436575841350863,-1.6681223250146653
2.1991148575128552,2.7436575841350863,-1.7432934847606469
2.2410027595607191,2.7436575841350863,-1.8173969986606417
2.2828906616085827,2.7436575841350863,-1.8891824939627477
2.3247785636564471,2.7436575841350863,-1.9573189287052664
2.3666664657043106,2.7436575841350863,-2.0203945917166934
2.4085543677521750,2.7436575841350863,-2.0769171026157323
2.4504422698000385,2.7436575841350863,-2.1253134118112773
2.4923301718479025,2.7436575841350863,-2.1639298005024319
2.5342180738957665,2.7436575841350863,-2.1910318806784930
2.5761059759436304,2.7436575841350863,-2.2048045951189597
2.6179938779914940,2.7436575841350863,-2.2033522173935309
2.6598817800393584,2.7436575841350863,-2.1846983518621057
2.7017696820872219,2.7436575841350863,-2.1467859336747841
2.7436575841350863,2.7436575841350863,-2.0874772287718630
2.7855454861829498,2.7436575841350863,-2.0045538338838425
2.8274333882308138,2.7436575841350863,-1.8957166765314206
2.8693212902786778,2.7436575841350863,-1.7585860150254971
2.9112091923265417,2.7436575841350863,-1.5907014384671689
2.9530970943744053,2.7436575841350863,-1.3895218667477380
2.9949849964222697,2.7436575841350863,-1.1524255505486958
3.0368728984701332,2.7436575841350863,-0.8767100713417511
3.0787608005179976,2.7436575841350863,-0.5595923413887900
3.1206487025658611,2.7436575841350863,-0.1982086037419250
0.0209439510239320,2.7855454861829498,-0.1865350506845367
0.0628318530717960,2.7855454861829498,-0.5275197962236071
0.1047197551196597,2.7855454861829498,-0.8279453571335543
0.1466076571675237,2.7855454861829498,-1.0904131614815600
0.1884955592153876,2.7855454861829498,-1.3174513576709350
0.2303834612632514,2.7855454861829498,-1.5115148144411286
0.2722713633111153,2.7855454861829498,-1.6749851208677280
0.3141592653589793,2.7855454861829498,-1.8101705863624526
0.3560471674068433,2.7855454861829498,-1.9193062406731602
0.3979350694547070,2.7855454861829498,-2.0045538338838429
0.4398229715025710,2.7855454861829498,-2.0680018364146298
0.4817108735504350,2.7855454861829498,-2.1116654390217864
0.5235987755982989,2.7855454861829498,-2.1374865527977112
0.5654866776461627,2.7855454861829498,-2.1473338091709415
0.6073745796940266,2.7855454861829498,-2.1430025599061477
0.6492624817418906,2.7855454861829498,-2.1262148771041400
0.6911503837897545,2.7855454861829498,-2.0986195532018601
0.7330382858376183,2.7855454861829498,-2.0617921009723887
0.7749261878854823,2.7855454861829498,-2.0172347535249404
0.8168140899333461,2.7855454861829498,-1.9663764643048667
0.8587019919812100,2.7855454861829498,-1.9105729070936546
0.9005898940290740,2.7855454861829498,-1.8511064760089264
0.9424777960769379,2.7855454861829498,-1.7891862855044418
0.9843656981248019,2.7855454861829498,-1.7259481703700943
1.0262536001726656,2.7855454861829498,-1.6624546857319147
1.0681415022205296,2.7855454861829498,-1.5996951070520695
1.1100294042683936,2.7855454861829498,-1.5385854301288606
1.1519173063162575,2.7855454861829498,-1.4799683710967260
1.1938052083641213,2.7855454861829498,-1.4246133664262386
1.2356931104119853,2.7855454861829498,-1.3732165729241088
1.2775810124598492,2.7855454861829498,-1.3264008677331809
1.3194689145077132,2.7855454861829498,-1.2847158483324370
1.3613568165555769,2.7855454861829498,-1.2486378325369949
1.4032447186034409,2.7855454861829498,-1.2185698584981057
1.4451326206513049,2.7855454861829498,-1.1948416847031593
1.4870205226991688,2.7855454861829498,-1.1777097899756803
1.5289084247470326,2.7855454861829498,-1.1673573734753289
1.5707963267948966,2.7855454861829498,-1.1638943546979010
1.6126842288427605,2.7855454861829498,-1.1673573734753289
1.6545721308906245,2.7855454861829498,-1.1777097899756803
1.6964600329384882,2.7855454861829498,-1.1948416847031593
1.7383479349863524,2.7855454861829498,-1.2185698584981057
1.7802358370342162,2.7855454861829498,-1.2486378325369949
1.8221237390820799,2.7855454861829498,-1.2847158483324370
1.8640116411299441,2.7855454861829498,-1.3264008677331813
1.9058995431778079,2.7855454861829498,-1.3732165729241088
1.9477874452256716,2.7855454861829498,-1.4246133664262381
1.9896753472735358,2.7855454861829498,-1.4799683710967264
2.0315632493213993,2.7855454861829498,-1.5385854301288604
2.0734511513692637,2.7855454861829498,-1.5996951070520700
2.1153390534171272,2.7855454861829498,-1.6624546857319149
2.1572269554649912,2.7855454861829498,-1.7259481703700943
2.1991148575128552,2.7855454861829498,-1.7891862855044418
2.2410027595607191,2.7855454861829498,-1.8511064760089264
2.2828906616085827,2.7855454861829498,-1.9105729070936539
2.3247785636564471,2.7855454861829498,-1.9663764643048662
2.3666664657043106,2.7855454861829498,-2.0172347535249400
2.4085543677521750,2.7855454861829498,-2.0617921009723887
2.4504422698000385,2.7855454861829498,-2.0986195532018601
2.4923301718479025,2.7855454861829498,-2.1262148771041400
2.5342180738957665,2.7855454861829498,-2.1430025599061477
2.5761059759436304,2.7855454861829498,-2.1473338091709415
2.6179938779914940,2.7855454861829498,-2.1374865527977112
2.6598817800393584,2.7855454861829498,-2.1116654390217864
2.7017696820872219,2.7855454861829498,-2.0680018364146311
2.7436575841350863,2.7855454861829498,-2.0045538338838425
2.7855454861829498,2.7855454861829498,-1.9193062406731602
2.8274333882308138,2.7855454861829498,-1.8101705863624526
2.8693212902786778,2.7855454861829498,-1.6749851208677280
2.9112091923265417,2.7855454861829498,-1.5115148144411286
2.9530970943744053,2.7855454861829498,-1.3174513576709361
2.9949849964222697,2.7855454861829498,-1.0904131614815584
3.0368728984701332,2.7855454861829498,-0.8279453571335561
3.0787608005179976,2.7855454861829498,-0.5275197962236038
3.1206487025658611,2.7855454861829498,-0.1865350506845367
0.0209439510239320,2.8274333882308138,-0.1730747914881845
0.0628318530717960,2.8274333882308138,-0.4902460292430734
0.1047197551196597,2.8274333882308138,-0.7707689080738924
0.1466076571675237,2.8274333882308138,-1.0169733226449680
0.1884955592153876,2.8274333882308138,-1.2311235367850071
0.2303834612632514,2.8274333882308138,-1.4154181834871027
0.2722713633111153,2.8274333882308138,-1.5719902649087354
0.3141592653589793,2.8274333882308138,-1.7029071523717689
0.3560471674068433,2.8274333882308138,-1.8101705863624524
0.3979350694547070,2.8274333882308138,-1.8957166765314213
0.4398229715025710,2.8274333882308138,-1.9614159016936952
0.4817108735504350,2.8274333882308138,-2.0090731098286807
0.5235987755982989,2.8274333882308138,-2.0404275180801670
0.5654866776461627,2.8274333882308138,-2.0571527127563312
0.6073745796940266,2.8274333882308138,-2.0608566493297324
0.6492624817418906,2.8274333882308138,-2.0530816524373199
0.6911503837897545,2.8274333882308138,-2.0353044158804230
0.7330382858376183,2.8274333882308138,-2.0089360026247594
0.7749261878854823,2.8274333882308138,-1.9753218448004322
0.8168140899333461,2.8274333882308138,-1.9357417437019271
0.8587019919812100,2.8274333882308138,-1.8914098697881179
0.9005898940290740,2.8274333882308138,-1.8434747626822625
0.9424777960769379,2.8274333882308138,-1.7930193311720040
0.9843656981248019,2.8274333882308138,-1.7410608532093708
1.0262536001726656,2.8274333882308138,-1.6885509759107766
1.0681415022205296,2.8274333882308138,-1.6363757155570207
1.1100294042683936,2.8274333882308138,-1.5853554575932873
1.1519173063162575,2.8274333882308138,-1.5362449566291463
1.1938052083641213,2.8274333882308138,-1.4897333364385517
1.2356931104119853,2.8274333882308138,-1.4464440899598436
1.2775810124598492,2.8274333882308138,-1.4069350792957469
1.3194689145077132,2.8274333882308138,-1.3716985357133733
1.3613568165555769,2.8274333882308138,-1.3411610596442187
1.4032447186034409,2.8274333882308138,-1.3156836206841627
1.4451326206513049,2.8274333882308138,-1.2955615575934729
1.4870205226991688,2.8274333882308138,-1.2810245782968004
1.5289084247470326,2.8274333882308138,-1.2722367598831823
1.5707963267948966,2.8274333882308138,-1.2692965486060408
1.6126842288427605,2.8274333882308138,-1.2722367598831823
1.6545721308906245,2.8274333882308138,-1.2810245782968004
1.6964600329384882,2.8274333882308138,-1.2955615575934729
1.7383479349863524,2.8274333882308138,-1.3156836206841627
1.7802358370342162,2.8274333882308138,-1.3411610596442187
1.8221237390820799,2.8274333882308138,-1.3716985357133733
1.8640116411299441,2.8274333882308138,-1.4069350792957476
1.9058995431778079,2.8274333882308138,-1.4464440899598436
1.9477874452256716,2.8274333882308138,-1.4897333364385512
1.9896753472735358,2.8274333882308138,-1.5362449566291467
2.0315632493213993,2.8274333882308138,-1.5853554575932873
2.0734511513692637,2.8274333882308138,-1.6363757155570211
2.1153390534171272,2.8274333882308138,-1.6885509759107766
2.1572269554649912,2.8274333882308138,-1.7410608532093708
2.1991148575128552,2.8274333882308138,-1.7930193311720040
2.2410027595607191,2.8274333882308138,-1.8434747626822625
2.2828906616085827,2.8274333882308138,-1.8914098697881174
2.3247785636564471,2.8274333882308138,-1.9357417437019266
2.3666664657043106,2.8274333882308138,-1.9753218448004315
2.4085543677521750,2.8274333882308138,-2.0089360026247594
2.4504422698000385,2.8274333882308138,-2.0353044158804230
2.4923301718479025,2.8274333882308138,-2.0530816524373199
2.5342180738957665,2.8274333882308138,-2.0608566493297324
2.5761059759436304,2.8274333882308138,-2.0571527127563312
2.6179938779914940,2.8274333882308138,-2.0404275180801674
2.6598817800393584,2.8274333882308138,-2.0090731098286811
2.7017696820872219,2.8274333882308138,-1.9614159016936963
2.7436575841350863,2.8274333882308138,-1.8957166765314206
2.7855454861829498,2.8274333882308138,-1.8101705863624524
2.8274333882308138,2.8274333882308138,-1.7029071523717689
2.8693212902786778,2.8274333882308138,-1.5719902649087354
2.9112091923265417,2.8274333882308138,-1.4154181834871027
2.9530970943744053,2.8274333882308138,-1.2311235367850080
2.9949849964222697,2.8274333882308138,-1.0169733226449669
3.0368728984701332,2.8274333882308138,-0.7707689080738939
3.0787608005179976,2.8274333882308138,-0.4902460292430703
3.1206487025658611,2.8274333882308138,-0.1730747914881845
0.0209439510239320,2.8693212902786778,-0.1576853667267231
0.0628318530717960,2.8693212902786778,-0.4473493987899433
0.1047197551196597,2.8693212902786778,-0.7044875491026599
0.1466076571675237,2.8693212902786778,-0.9311489744042135
0.1884955592153876,2.8693212902786778,-1.1293251087088891
0.2303834612632514,2.8693212902786778,-1.3009496633059210
0.2722713633111153,2.8693212902786778,-1.4478986267594929
0.3141592653589793,2.8693212902786778,-1.5719902649087354
0.3560471674068433,2.8693212902786778,-1.6749851208677278
0.3979350694547070,2.8693212902786778,-1.7585860150254968
0.4398229715025710,2.8693212902786778,-1.8244380450460198
0.4817108735504350,2.8693212902786778,-1.8741285858682200
0.5235987755982989,2.8693212902786778,-1.9091872897059694
0.5654866776461627,2.8693212902786778,-1.9310860860480881
0.6073745796940266,2.8693212902786778,-1.9412391816583445
0.6492624817418906,2.8693212902786778,-1.9410030605754569
0.6911503837897545,2.8693212902786778,-1.9316764841130882
0.7330382858376183,2.8693212902786778,-1.9145004908598540
0.7749261878854823,2.8693212902786778,-1.8906583966793142
0.8168140899333461,2.8693212902786778,-1.8612757947099783
0.8587019919812100,2.8693212902786778,-1.8274205553653049
0.9005898940290740,2.8693212902786778,-1.7901028263337002
0.9424777960769379,2.8693212902786778,-1.7502750325785190
0.9843656981248019,2.8693212902786778,-1.7088318763380621
1.0262536001726656,2.8693212902786778,-1.6666103371255820
1.0681415022205296,2.8693212902786778,-1.6243896717292774
1.1100294042683936,2.8693212902786778,-1.5828914142122950
1.1519173063162575,2.8693212902786778,-1.5427793759127311
1.1938052083641213,2.8693212902786778,-1.5046596454436285
1.2356931104119853,2.8693212902786778,-1.4690805886929796
1.2775810124598492,2.8693212902786778,-1.4365328488237239
1.3194689145077132,2.8693212902786778,-1.4074493462737507
1.3613568165555769,2.8693212902786778,-1.3822052787558965
1.4032447186034409,2.8693212902786778,-1.3611181212579448
1.4451326206513049,2.8693212902786778,-1.3444476260426304
1.4870205226991688,2.8693212902786778,-1.3323958226476331
1.5289084247470326,2.8693212902786778,-1.3251070178855833
1.5707963267948966,2.8693212902786778,-1.3226677958440578
1.6126842288427605,2.8693212902786778,-1.3251070178855833
1.6545721308906245,2.8693212902786778,-1.3323958226476331
1.6964600329384882,2.8693212902786778,-1.3444476260426304
1.7383479349863524,2.8693212902786778,-1.3611181212579448
1.7802358370342162,2.8693212902786778,-1.3822052787558965
1.8221237390820799,2.8693212902786778,-1.4074493462737507
1.8640116411299441,2.8693212902786778,-1.4365328488237243
1.9058995431778079,2.8693212902786778,-1.4690805886929796
1.9477874452256716,2.8693212902786778,-1.5046596454436283
1.9896753472735358,2.8693212902786778,-1.5427793759127315
2.0315632493213993,2.8693212902786778,-1.5828914142122952
2.0734511513692637,2.8693212902786778,-1.6243896717292778
2.1153390534171272,2.8693212902786778,-1.6666103371255818
2.1572269554649912,2.8693212902786778,-1.7088318763380621
2.1991148575128552,2.8693212902786778,-1.7502750325785190
2.2410027595607191,2.8693212902786778,-1.7901028263337002
2.2828906616085827,2.8693212902786778,-1.8274205553653051
2.3247785636564471,2.8693212902786778,-1.8612757947099783
2.3666664657043106,2.8693212902786778,-1.8906583966793138
2.4085543677521750,2.8693212902786778,-1.9145004908598540
2.4504422698000385,2.8693212902786778,-1.9316764841130889
2.4923301718479025,2.8693212902786778,-1.9410030605754569
2.5342180738957665,2.8693212902786778,-1.9412391816583445
2.5761059759436304,2.8693212902786778,-1.9310860860480881
2.6179938779914940,2.8693212902786778,-1.9091872897059694
2.6598817800393584,2.8693212902786778,-1.8741285858682202
2.7017696820872219,2.8693212902786778,-1.8244380450460207
2.7436575841350863,2.8693212902786778,-1.7585860150254968
2.7855454861829498,2.8693212902786778,-1.6749851208677278
2.8274333882308138,2.8693212902786778,-1.5719902649087354
2.8693212902786778,2.8693212902786778,-1.4478986267594929
2.9112091923265417,2.8693212902786778,-1.3009496633059210
2.9530970943744053,2.8693212902786778,-1.1293251087088900
2.9949849964222697,2.8693212902786778,-0.9311489744042124
3.0368728984701332,2.8693212902786778,-0.7044875491026611
3.0787608005179976,2.8693212902786778,-0.4473493987899405
3.1206487025658611,2.8693212902786778,-0.1576853667267231
0.0209439510239320,2.9112091923265417,-0.1402194878409173
0.0628318530717960,2.9112091923265417,-0.3983939702694337
0.1047197551196597,2.9112091923265417,-0.6283846077000883
0.1466076571675237,2.9112091923265417,-0.8319506144251055
0.1884955592153876,2.9112091923265417,-1.0108016494045315
0.2303834612632514,2.9112091923265417,-1.1665978162662372
0.2722713633111153,2.9112091923265417,-1.3009496633059210
0.3141592653589793,2.9112091923265417,-1.4154181834871027
0.3560471674068433,2.9112091923265417,-1.5115148144411283
0.3979350694547070,2.9112091923265417,-1.5907014384671687
0.4398229715025710,2.9112091923265417,-1.6543903825322204
0.4817108735504350,2.9112091923265417,-1.7039444182711030
0.5235987755982989,2.9112091923265417,-1.7406767619864600
0.5654866776461627,2.9112091923265417,-1.7658510746487630
0.6073745796940266,2.9112091923265417,-1.7806814618963049
0.6492624817418906,2.9112091923265417,-1.7863324740352058
0.6911503837897545,2.9112091923265417,-1.7839191060394082
0.7330382858376183,2.9112091923265417,-1.7745067975506816
0.7749261878854823,2.9112091923265417,-1.7591114328786188
0.8168140899333461,2.9112091923265417,-1.7386993410006379
0.8587019919812100,2.9112091923265417,-1.7141872955619815
0.9005898940290740,2.9112091923265417,-1.6864425148757172
0.9424777960769379,2.9112091923265417,-1.6562826619227360
0.9843656981248019,2.9112091923265417,-1.6244758443517566
1.0262536001726656,2.9112091923265417,-1.5917406144793189
1.0681415022205296,2.9112091923265417,-1.5587459692897898
1.1100294042683936,2.9112091923265417,-1.5261113504353603
1.1519173063162575,2.9112091923265417,-1.4944066442360457
1.1938052083641213,2.9112091923265417,-1.4641521816796872
1.2356931104119853,2.9112091923265417,-1.4358187384219492
1.2775810124598492,2.9112091923265417,-1.4098275347863218
1.3194689145077132,2.9112091923265417,-1.3865502357641197
1.3613568165555769,2.9112091923265417,-1.3663089510144826
1.4032447186034409,2.9112091923265417,-1.3493762348643734
1.4451326206513049,2.9112091923265417,-1.3359750863085822
1.4870205226991688,2.9112091923265417,-1.3262789490097213
1.5289084247470326,2.9112091923265417,-1.3204117112982299
1.5707963267948966,2.9112091923265417,-1.3184477061723701
1.6126842288427605,2.9112091923265417,-1.3204117112982299
1.6545721308906245,2.9112091923265417,-1.3262789490097213
1.6964600329384882,2.9112091923265417,-1.3359750863085822
1.7383479349863524,2.9112091923265417,-1.3493762348643734
1.7802358370342162,2.9112091923265417,-1.3663089510144826
1.8221237390820799,2.9112091923265417,-1.3865502357641197
1.8640116411299441,2.9112091923265417,-1.4098275347863223
1.9058995431778079,2.9112091923265417,-1.4358187384219492
1.9477874452256716,2.9112091923265417,-1.4641521816796867
1.9896753472735358,2.9112091923265417,-1.4944066442360460
2.0315632493213993,2.9112091923265417,-1.5261113504353598
2.0734511513692637,2.9112091923265417,-1.5587459692897898
2.1153390534171272,2.9112091923265417,-1.5917406144793185
2.1572269554649912,2.9112091923265417,-1.6244758443517566
2.1991148575128552,2.9112091923265417,-1.6562826619227360
2.2410027595607191,2.9112091923265417,-1.6864425148757172
2.2828906616085827,2.9112091923265417,-1.7141872955619808
2.3247785636564471,2.9112091923265417,-1.7386993410006379
2.3666664657043106,2.9112091923265417,-1.7591114328786186
2.4085543677521750,2.9112091923265417,-1.7745067975506816
2.4504422698000385,2.9112091923265417,-1.7839191060394084
2.4923301718479025,2.9112091923265417,-1.7863324740352058
2.5342180738957665,2.9112091923265417,-1.7806814618963049
2.5761059759436304,2.9112091923265417,-1.7658510746487630
2.6179938779914940,2.9112091923265417,-1.7406767619864605
2.6598817800393584,2.9112091923265417,-1.7039444182711028
2.7017696820872219,2.9112091923265417,-1.6543903825322213
2.7436575841350863,2.9112091923265417,-1.5907014384671687
2.7855454861829498,2.9112091923265417,-1.5115148144411283
2.8274333882308138,2.9112091923265417,-1.4154181834871027
2.8693212902786778,2.9112091923265417,-1.3009496633059210
2.9112091923265417,2.9112091923265417,-1.1665978162662372
2.9530970943744053,2.9112091923265417,-1.0108016494045324
2.9949849964222697,2.9112091923265417,-0.8319506144251047
3.0368728984701332,2.9112091923265417,-0.6283846077000894
3.0787608005179976,2.9112091923265417,-0.3983939702694311
3.1206487025658611,2.9112091923265417,-0.1402194878409173
0.0209439510239320,2.9530970943744053,-0.1205250371384424
0.0628318530717960,2.9530970943744053,-0.3429295161492281
0.1047197551196597,2.9530970943744053,-0.5417199138867458
0.1466076571675237,2.9530970943744053,-0.7183562976739735
0.1884955592153876,2.9530970943744053,-0.8742576061769006
0.2303834612632514,2.9530970943744053,-1.0108016494045324
0.2722713633111153,2.9530970943744053,-1.1293251087088900
0.3141592653589793,2.9530970943744053,-1.2311235367850080
0.3560471674068433,2.9530970943744053,-1.3174513576709359
0.3979350694547070,2.9530970943744053,-1.3895218667477383
0.4398229715025710,2.9530970943744053,-1.4485072307394944
0.4817108735504350,2.9530970943744053,-1.4955384877132984
0.5235987755982989,2.9530970943744053,-1.5317055470792595
0.5654866776461627,2.9530970943744053,-1.5580571895905009
0.6073745796940266,2.9530970943744053,-1.5756010673431604
0.6492624817418906,2.9530970943744053,-1.5853037037763917
0.6911503837897545,2.9530970943744053,-1.5880904936723623
0.7330382858376183,2.9530970943744053,-1.5848457031562555
0.7749261878854823,2.9530970943744053,-1.5764124696962678
0.8168140899333461,2.9530970943744053,-1.5635928021036112
0.8587019919812100,2.9530970943744053,-1.5471475805325139
0.9005898940290740,2.9530970943744053,-1.5277965564802167
0.9424777960769379,2.9530970943744053,-1.5062183527869752
0.9843656981248019,2.9530970943744053,-1.4830504636360626
1.0262536001726656,2.9530970943744053,-1.4588892545537628
1.0681415022205296,2.9530970943744053,-1.4342899624093779
1.1100294042683936,2.9530970943744053,-1.4097666954152226
1.1519173063162575,2.9530970943744053,-1.3857924331266274
1.1938052083641213,2.9530970943744053,-1.3627990264419372
1.2356931104119853,2.9530970943744053,-1.3411771976025124
1.2775810124598492,2.9530970943744053,-1.3212765401927264
1.3194689145077132,2.9530970943744053,-1.3034055191399694
1.3613568165555769,2.9530970943744053,-1.2878314707146454
1.4032447186034409,2.9530970943744053,-1.2747806025301722
1.4451326206513049,2.9530970943744053,-1.2644379935429846
1.4870205226991688,2.9530970943744053,-1.2569475940525301
1.5289084247470326,2.9530970943744053,-1.2524122257012726
1.5707963267948966,2.9530970943744053,-1.2508935814746889
1.6126842288427605,2.9530970943744053,-1.2524122257012726
1.6545721308906245,2.9530970943744053,-1.2569475940525301
1.6964600329384882,2.9530970943744053,-1.2644379935429846
1.7383479349863524,2.9530970943744053,-1.2747806025301722
1.7802358370342162,2.9530970943744053,-1.2878314707146454
1.8221237390820799,2.9530970943744053,-1.3034055191399694
1.8640116411299441,2.9530970943744053,-1.3212765401927269
1.9058995431778079,2.9530970943744053,-1.3411771976025124
1.9477874452256716,2.9530970943744053,-1.3627990264419372
1.9896753472735358,2.9530970943744053,-1.3857924331266278
2.0315632493213993,2.9530970943744053,-1.4097666954152221
2.0734511513692637,2.9530970943744053,-1.4342899624093779
2.1153390534171272,2.9530970943744053,-1.4588892545537624
2.1572269554649912,2.9530970943744053,-1.4830504636360626
2.1991148575128552,2.9530970943744053,-1.5062183527869752
2.2410027595607191,2.9530970943744053,-1.5277965564802167
2.2828906616085827,2.9530970943744053,-1.5471475805325141
2.3247785636564471,2.9530970943744053,-1.5635928021036116
2.3666664657043106,2.9530970943744053,-1.5764124696962674
2.4085543677521750,2.9530970943744053,-1.5848457031562553
2.4504422698000385,2.9530970943744053,-1.5880904936723621
2.4923301718479025,2.9530970943744053,-1.5853037037763917
2.5342180738957665,2.9530970943744053,-1.5756010673431604
2.5761059759436304,2.9530970943744053,-1.5580571895905009
2.6179938779914940,2.9530970943744053,-1.5317055470792600
2.6598817800393584,2.9530970943744053,-1.4955384877132987
2.7017696820872219,2.9530970943744053,-1.4485072307394948
2.7436575841350863,2.9530970943744053,-1.3895218667477380
2.7855454861829498,2.9530970943744053,-1.3174513576709359
2.8274333882308138,2.9530970943744053,-1.2311235367850080
2.8693212902786778,2.9530970943744053,-1.1293251087088900
2.9112091923265417,2.9530970943744053,-1.0108016494045324
2.9530970943744053,2.9530970943744053,-0.8742576061769016
2.9949849964222697,2.9530970943744053,-0.7183562976739727
3.0368728984701332,2.9530970943744053,-0.5417199138867469
3.0787608005179976,2.9530970943744053,-0.3429295161492260
3.1206487025658611,2.9530970943744053,-0.1205250371384424
0.0209439510239320,2.9949849964222697,-0.0984450677938833
0.0628318530717960,2.9949849964222697,-0.2804915159594735
0.1047197551196597,2.9949849964222697,-0.4437298002235320
0.1466076571675237,2.9949849964222697,-0.5893116364176595
0.1884955592153876,2.9949849964222697,-0.7183562976739719
0.2303834612632514,2.9949849964222697,-0.8319506144251047
0.2722713633111153,2.9949849964222697,-0.9311489744042124
0.3141592653589793,2.9949849964222697,-1.0169733226449669
0.3560471674068433,2.9949849964222697,-1.0904131614815586
0.3979350694547070,2.9949849964222697,-1.1524255505486960
0.4398229715025710,2.9949849964222697,-1.2039351067816073
0.4817108735504350,2.9949849964222697,-1.2458340044160372
0.5235987755982989,2.9949849964222697,-1.2789819749882503
0.5654866776461627,2.9949849964222697,-1.3042063073350283
0.6073745796940266,2.9949849964222697,-1.3223018475936723
0.6492624817418906,2.9949849964222697,-1.3340309992020005
0.6911503837897545,2.9949849964222697,-1.3401237228983511
0.7330382858376183,2.9949849964222697,-1.3412775367215790
0.7749261878854823,2.9949849964222697,-1.3381575160110579
0.8168140899333461,2.9949849964222697,-1.3313962934066819
0.8587019919812100,2.9949849964222697,-1.3215940588488595
0.9005898940290740,2.9949849964222697,-1.3093185595785206
0.9424777960769379,2.9949849964222697,-1.2951051001371126
0.9843656981248019,2.9949849964222697,-1.2794565423666011
1.0262536001726656,2.9949849964222697,-1.2628433054094701
1.0681415022205296,2.9949849964222697,-1.2457033657087220
1.1100294042683936,2.9949849964222697,-1.2284422570078775
1.1519173063162575,2.9949849964222697,-1.2114330703509764
1.1938052083641213,2.9949849964222697,-1.1950164540825745
1.2356931104119853,2.9949849964222697,-1.1795006138477486
1.2775810124598492,2.9949849964222697,-1.1651613125920930
1.3194689145077132,2.9949849964222697,-1.1522418705617195
1.3613568165555769,2.9949849964222697,-1.1409531653032587
1.4032447186034409,2.9949849964222697,-1.1314736316638607
1.4451326206513049,2.9949849964222697,-1.1239492617911917
1.4870205226991688,2.9949849964222697,-1.1184936051334389
1.5289084247470326,2.9949849964222697,-1.1151877684393052
1.5707963267948966,2.9949849964222697,-1.1140804157580138
1.6126842288427605,2.9949849964222697,-1.1151877684393052
1.6545721308906245,2.9949849964222697,-1.1184936051334389
1.6964600329384882,2.9949849964222697,-1.1239492617911917
1.7383479349863524,2.9949849964222697,-1.1314736316638607
1.7802358370342162,2.9949849964222697,-1.1409531653032587
1.8221237390820799,2.9949849964222697,-1.1522418705617195
1.8640116411299441,2.9949849964222697,-1.1651613125920930
1.9058995431778079,2.9949849964222697,-1.1795006138477486
1.9477874452256716,2.9949849964222697,-1.1950164540825745
1.9896753472735358,2.9949849964222697,-1.2114330703509764
2.0315632493213993,2.9949849964222697,-1.2284422570078779
2.0734511513692637,2.9949849964222697,-1.2457033657087224
2.1153390534171272,2.9949849964222697,-1.2628433054094705
2.1572269554649912,2.9949849964222697,-1.2794565423666011
2.1991148575128552,2.9949849964222697,-1.2951051001371126
2.2410027595607191,2.9949849964222697,-1.3093185595785206
2.2828906616085827,2.9949849964222697,-1.3215940588488593
2.3247785636564471,2.9949849964222697,-1.3313962934066819
2.3666664657043106,2.9949849964222697,-1.3381575160110584
2.4085543677521750,2.9949849964222697,-1.3412775367215788
2.4504422698000385,2.9949849964222697,-1.3401237228983511
2.4923301718479025,2.9949849964222697,-1.3340309992020005
2.5342180738957665,2.9949849964222697,-1.3223018475936723
2.5761059759436304,2.9949849964222697,-1.3042063073350283
2.6179938779914940,2.9949849964222697,-1.2789819749882509
2.6598817800393584,2.9949849964222697,-1.2458340044160372
2.7017696820872219,2.9949849964222697,-1.2039351067816075
2.7436575841350863,2.9949849964222697,-1.1524255505486960
2.7855454861829498,2.9949849964222697,-1.0904131614815586
2.8274333882308138,2.9949849964222697,-1.0169733226449669
2.8693212902786778,2.9949849964222697,-0.9311489744042124
2.9112091923265417,2.9949849964222697,-0.8319506144251047
2.9530970943744053,2.9949849964222697,-0.7183562976739728
2.9949849964222697,2.9949849964222697,-0.5893116364176588
3.0368728984701332,2.9949849964222697,-0.4437298002235329
3.0787608005179976,2.9949849964222697,-0.2804915159594717
3.1206487025658611,2.9949849964222697,-0.0984450677938833
0.0209439510239320,3.0368728984701332,-0.0738178038487368
0.0628318530717960,3.0368728984701332,-0.2106011562927877
0.1047197551196597,3.0368728984701332,-0.3336271018116891
0.1466076571675237,3.0368728984701332,-0.4437298002235334
0.1884955592153876,3.0368728984701332,-0.5417199138867462
0.2303834612632514,3.0368728984701332,-0.6283846077000894
0.2722713633111153,3.0368728984701332,-0.7044875491026612
0.3141592653589793,3.0368728984701332,-0.7707689080738939
0.3560471674068433,3.0368728984701332,-0.8279453571335560
0.3979350694547070,3.0368728984701332,-0.8767100713417509
0.4398229715025710,3.0368728984701332,-0.9177327282989189
0.4817108735504350,3.0368728984701332,-0.9516595081458341
0.5235987755982989,3.0368728984701332,-0.9791130935636068
0.5654866776461627,3.0368728984701332,-1.0006926697736827
0.6073745796940266,3.0368728984701332,-1.0169739245378431
0.6492624817418906,3.0368728984701332,-1.0285090481582042
0.6911503837897545,3.0368728984701332,-1.0358267334772189
0.7330382858376183,3.0368728984701332,-1.0394321758776737
0.7749261878854823,3.0368728984701332,-1.0398070732826921
0.8168140899333461,3.0368728984701332,-1.0374096261557331
0.8587019919812100,3.0368728984701332,-1.0326745375005899
0.9005898940290740,3.0368728984701332,-1.0260130128613918
0.9424777960769379,3.0368728984701332,-1.0178127603226044
0.9843656981248019,3.0368728984701332,-1.0084379905090273
1.0262536001726656,3.0368728984701332,-0.9982294165857964
1.0681415022205296,3.0368728984701332,-0.9875042542583835
1.1100294042683936,3.0368728984701332,-0.9765562217725949
1.1519173063162575,3.0368728984701332,-0.9656555399145730
1.1938052083641213,3.0368728984701332,-0.9550489320107951
1.2356931104119853,3.0368728984701332,-0.9449596239280743
1.2775810124598492,3.0368728984701332,-0.9355873440735596
1.3194689145077132,3.0368728984701332,-0.9271083233947345
1.3613568165555769,3.0368728984701332,-0.9196752953794188
1.4032447186034409,3.0368728984701332,-0.9134174960557674
1.4451326206513049,3.0368728984701332,-0.9084406639922705
1.4870205226991688,3.0368728984701332,-0.9048270402977546
1.5289084247470326,3.0368728984701332,-0.9026353686213803
1.5707963267948966,3.0368728984701332,-0.9019008951526447
1.6126842288427605,3.0368728984701332,-0.9026353686213803
1.6545721308906245,3.0368728984701332,-0.9048270402977546
1.6964600329384882,3.0368728984701332,-0.9084406639922705
1.7383479349863524,3.0368728984701332,-0.9134174960557674
1.7802358370342162,3.0368728984701332,-0.9196752953794188
1.8221237390820799,3.0368728984701332,-0.9271083233947345
1.8640116411299441,3.0368728984701332,-0.9355873440735596
1.9058995431778079,3.0368728984701332,-0.9449596239280743
1.9477874452256716,3.0368728984701332,-0.9550489320107951
1.9896753472735358,3.0368728984701332,-0.9656555399145730
2.0315632493213993,3.0368728984701332,-0.9765562217725952
2.0734511513692637,3.0368728984701332,-0.9875042542583838
2.1153390534171272,3.0368728984701332,-0.9982294165857968
2.1572269554649912,3.0368728984701332,-1.0084379905090273
2.1991148575128552,3.0368728984701332,-1.0178127603226044
2.2410027595607191,3.0368728984701332,-1.0260130128613918
2.2828906616085827,3.0368728984701332,-1.0326745375005897
2.3247785636564471,3.0368728984701332,-1.0374096261557331
2.3666664657043106,3.0368728984701332,-1.0398070732826923
2.4085543677521750,3.0368728984701332,-1.0394321758776734
2.4504422698000385,3.0368728984701332,-1.0358267334772187
2.4923301718479025,3.0368728984701332,-1.0285090481582042
2.5342180738957665,3.0368728984701332,-1.0169739245378431
2.5761059759436304,3.0368728984701332,-1.0006926697736827
2.6179938779914940,3.0368728984701332,-0.9791130935636071
2.6598817800393584,3.0368728984701332,-0.9516595081458339
2.7017696820872219,3.0368728984701332,-0.9177327282989192
2.7436575841350863,3.0368728984701332,-0.8767100713417509
2.7855454861829498,3.0368728984701332,-0.8279453571335560
2.8274333882308138,3.0368728984701332,-0.7707689080738939
2.8693212902786778,3.0368728984701332,-0.7044875491026612
2.9112091923265417,3.0368728984701332,-0.6283846077000894
2.9530970943744053,3.0368728984701332,-0.5417199138867469
2.9949849964222697,3.0368728984701332,-0.4437298002235329
3.0368728984701332,3.0368728984701332,-0.3336271018116898
3.0787608005179976,3.0368728984701332,-0.2106011562927864
3.1206487025658611,3.0368728984701332,-0.0738178038487368
0.0209439510239320,3.0787608005179976,-0.0464766402114079
0.0628318530717960,3.0787608005179976,-0.1327653308042491
0.1047197551196597,3.0787608005179976,-0.2106011562927860
0.1466076571675237,3.0787608005179976,-0.2804915159594720
0.1884955592153876,3.0787608005179976,-0.3429295161492255
0.2303834612632514,3.0787608005179976,-0.3983939702694311
0.2722713633111153,3.0787608005179976,-0.4473493987899405
0.3141592653589793,3.0787608005179976,-0.4902460292430702
0.3560471674068433,3.0787608005179976,-0.5275197962236037
0.3979350694547070,3.0787608005179976,-0.5595923413887900
0.4398229715025710,3.0787608005179976,-0.5868710134583452
0.4817108735504350,3.0787608005179976,-0.6097488682144505
0.5235987755982989,3.0787608005179976,-0.6286046685017537
0.5654866776461627,3.0787608005179976,-0.6438028842273686
0.6073745796940266,3.0787608005179976,-0.6556936923608757
0.6492624817418906,3.0787608005179976,-0.6646129769343202
0.6911503837897545,3.0787608005179976,-0.6708823290422151
0.7330382858376183,3.0787608005179976,-0.6748090468415383
0.7749261878854823,3.0787608005179976,-0.6766861355517344
0.8168140899333461,3.0787608005179976,-0.6767923074547142
0.8587019919812100,3.0787608005179976,-0.6753919818948542
0.9005898940290740,3.0787608005179976,-0.6727352852789972
0.9424777960769379,3.0787608005179976,-0.6690580510764522
0.9843656981248019,3.0787608005179976,-0.6645818198189944
1.0262536001726656,3.0787608005179976,-0.6595138391008650
1.0681415022205296,3.0787608005179976,-0.6540470635787713
1.1100294042683936,3.0787608005179976,-0.6483601549718868
1.1519173063162575,3.0787608005179976,-0.6426174820618510
1.1938052083641213,3.0787608005179976,-0.6369691206927698
1.2356931104119853,3.0787608005179976,-0.6315508537712148
1.2775810124598492,3.0787608005179976,-0.6264841712662240
1.3194689145077132,3.0787608005179976,-0.6218762702093014
1.3613568165555769,3.0787608005179976,-0.6178200546944175
1.4032447186034409,3.0787608005179976,-0.6143941358780084
1.4451326206513049,3.0787608005179976,-0.6116628319789764
1.4870205226991688,3.0787608005179976,-0.6096761682786904
1.5289084247470326,3.0787608005179976,-0.6084698771209849
1.5707963267948966,3.0787608005179976,-0.6080653979121607
1.6126842288427605,3.0787608005179976,-0.6084698771209849
1.6545721308906245,3.0787608005179976,-0.6096761682786904
1.6964600329384882,3.0787608005179976,-0.6116628319789764
1.7383479349863524,3.0787608005179976,-0.6143941358780084
1.7802358370342162,3.0787608005179976,-0.6178200546944175
1.8221237390820799,3.0787608005179976,-0.6218762702093014
1.8640116411299441,3.0787608005179976,-0.6264841712662240
1.9058995431778079,3.0787608005179976,-0.6315508537712148
1.9477874452256716,3.0787608005179976,-0.6369691206927698
1.9896753472735358,3.0787608005179976,-0.6426174820618510
2.0315632493213993,3.0787608005179976,-0.6483601549718869
2.0734511513692637,3.0787608005179976,-0.6540470635787715
2.1153390534171272,3.0787608005179976,-0.6595138391008651
2.1572269554649912,3.0787608005179976,-0.6645818198189944
2.1991148575128552,3.0787608005179976,-0.6690580510764522
2.2410027595607191,3.0787608005179976,-0.6727352852789972
2.2828906616085827,3.0787608005179976,-0.6753919818948541
2.3247785636564471,3.0787608005179976,-0.6767923074547142
2.3666664657043106,3.0787608005179976,-0.6766861355517344
2.4085543677521750,3.0787608005179976,-0.6748090468415382
2.4504422698000385,3.0787608005179976,-0.6708823290422150
2.4923301718479025,3.0787608005179976,-0.6646129769343202
2.5342180738957665,3.0787608005179976,-0.6556936923608757
2.5761059759436304,3.0787608005179976,-0.6438028842273686
2.6179938779914940,3.0787608005179976,-0.6286046685017540
2.6598817800393584,3.0787608005179976,-0.6097488682144504
2.7017696820872219,3.0787608005179976,-0.5868710134583454
2.7436575841350863,3.0787608005179976,-0.5595923413887900
2.7855454861829498,3.0787608005179976,-0.5275197962236037
2.8274333882308138,3.0787608005179976,-0.4902460292430702
2.8693212902786778,3.0787608005179976,-0.4473493987899405
2.9112091923265417,3.0787608005179976,-0.3983939702694311
2.9530970943744053,3.0787608005179976,-0.3429295161492260
2.9949849964222697,3.0787608005179976,-0.2804915159594717
3.0368728984701332,3.0787608005179976,-0.2106011562927864
3.0787608005179976,3.0787608005179976,-0.1327653308042482
3.1206487025658611,3.0787608005179976,-0.0464766402114079
0.0209439510239320,3.1206487025658611,-0.0162501426572143
0.0628318530717960,3.1206487025658611,-0.0464766402114082
0.1047197551196597,3.1206487025658611,-0.0738178038487367
0.1466076571675237,3.1206487025658611,-0.0984450677938835
0.1884955592153876,3.1206487025658611,-0.1205250371384423
0.2303834612632514,3.1206487025658611,-0.1402194878409173
0.2722713633111153,3.1206487025658611,-0.1576853667267231
0.3141592653589793,3.1206487025658611,-0.1730747914881845
0.3560471674068433,3.1206487025658611,-0.1865350506845367
0.3979350694547070,3.1206487025658611,-0.1982086037419250
0.4398229715025710,3.1206487025658611,-0.2082330809534054
0.4817108735504350,3.1206487025658611,-0.2167412834789439
0.5235987755982989,3.1206487025658611,-0.2238611833454171
0.5654866776461627,3.1206487025658611,-0.2297159234466116
0.6073745796940266,3.1206487025658611,-0.2344238175432246
0.6492624817418906,3.1206487025658611,-0.2380983502628634
0.6911503837897545,3.1206487025658611,-0.2408481771000459
0.7330382858376183,3.1206487025658611,-0.2427771244161999
0.7749261878854823,3.1206487025658611,-0.2439841894396641
0.8168140899333461,3.1206487025658611,-0.2445635402656871
0.8587019919812100,3.1206487025658611,-0.2446045158564277
0.9005898940290740,3.1206487025658611,-0.2441916260409556
0.9424777960769379,3.1206487025658611,-0.2434045515152502
0.9843656981248019,3.1206487025658611,-0.2423181438422017
1.0262536001726656,3.1206487025658611,-0.2410024254516102
1.0681415022205296,3.1206487025658611,-0.2395225896401866
1.1100294042683936,3.1206487025658611,-0.2379390005715517
1.1519173063162575,3.1206487025658611,-0.2363071932762369
1.1938052083641213,3.1206487025658611,-0.2346778736516837
1.2356931104119853,3.1206487025658611,-0.2330969184622440
1.2775810124598492,3.1206487025658611,-0.2316053753391802
1.3194689145077132,3.1206487025658611,-0.2302394627806648
1.3613568165555769,3.1206487025658611,-0.2290305701517807
1.4032447186034409,3.1206487025658611,-0.2280052576845211
1.4451326206513049,3.1206487025658611,-0.2271852564777895
1.4870205226991688,3.1206487025658611,-0.2265874684974000
1.5289084247470326,3.1206487025658611,-0.2262239665760766
1.5707963267948966,3.1206487025658611,-0.2261019944134539
1.6126842288427605,3.1206487025658611,-0.2262239665760766
1.6545721308906245,3.1206487025658611,-0.2265874684974000
1.6964600329384882,3.1206487025658611,-0.2271852564777895
1.7383479349863524,3.1206487025658611,-0.2280052576845211
1.7802358370342162,3.1206487025658611,-0.2290305701517807
1.8221237390820799,3.1206487025658611,-0.2302394627806648
1.8640116411299441,3.1206487025658611,-0.2316053753391802
1.9058995431778079,3.1206487025658611,-0.2330969184622440
1.9477874452256716,3.1206487025658611,-0.2346778736516837
1.9896753472735358,3.1206487025658611,-0.2363071932762369
2.0315632493213993,3.1206487025658611,-0.2379390005715518
2.0734511513692637,3.1206487025658611,-0.2395225896401867
2.1153390534171272,3.1206487025658611,-0.2410024254516103
2.1572269554649912,3.1206487025658611,-0.2423181438422017
2.1991148575128552,3.1206487025658611,-0.2434045515152502
2.2410027595607191,3.1206487025658611,-0.2441916260409556
2.2828906616085827,3.1206487025658611,-0.2446045158564277
2.3247785636564471,3.1206487025658611,-0.2445635402656871
2.3666664657043106,3.1206487025658611,-0.2439841894396641
2.4085543677521750,3.1206487025658611,-0.2427771244161999
2.4504422698000385,3.1206487025658611,-0.2408481771000458
2.4923301718479025,3.1206487025658611,-0.2380983502628634
2.5342180738957665,3.1206487025658611,-0.2344238175432246
2.5761059759436304,3.1206487025658611,-0.2297159234466116
2.6179938779914940,3.1206487025658611,-0.2238611833454172
2.6598817800393584,3.1206487025658611,-0.2167412834789439
2.7017696820872219,3.1206487025658611,-0.2082330809534055
2.7436575841350863,3.1206487025658611,-0.1982086037419249
2.7855454861829498,3.1206487025658611,-0.1865350506845367
2.8274333882308138,3.1206487025658611,-0.1730747914881845
2.8693212902786778,3.1206487025658611,-0.1576853667267231
2.9112091923265417,3.1206487025658611,-0.1402194878409173
2.9530970943744053,3.1206487025658611,-0.1205250371384424
2.9949849964222697,3.1206487025658611,-0.0984450677938833
3.0368728984701332,3.1206487025658611,-0.0738178038487368
3.0787608005179976,3.1206487025658611,-0.0464766402114079
3.1206487025658611,3.1206487025658611,-0.0162501426572143
